latitude,longitude,grid_lat,grid_lon,event_date,lead_time_hours,spatial_susceptibility,rainfall_24h_mm,rainfall_3d_sum_mm,rainfall_7d_antecedent_mm,rainfall_api_7d,rainfall_intensity_ratio,rainfall_acceleration_mm,smap_surface_sm,smap_rootzone_sm,smap_soil_water_index,smap_saturation_ratio,smap_pore_pressure_proxy,target_landslide_6_to_24h
30.658561,78.336291,30.75,78.25,2025-09-28,12,0.8849,0.0,0.0,0.0,0.0,0.0001,0.0,0.05,0.05,0.0,0.1042,0.0,1
27.08253334,88.44855659,27.0,88.5,2025-11-10,12,1.0,0.0,0.0,14.679888725280762,4.716409206390381,3.228798859948645e-05,-2.0971269607543945,0.0706,0.1032,0.1238,0.215,0.0,0
16.75,96.25,16.75,96.25,2025-12-05,12,0.0,0.0,0.0,0.0,0.0,0.0001,0.0,0.05,0.05,0.0,0.1042,0.0,0
18.0,100.0,18.0,100.0,2025-02-16,12,0.0,0.0,0.0,0.0,0.0,0.0001,0.0,0.05,0.05,0.0,0.1042,0.0,0
30.9913537,78.4567104,31.0,78.5,2025-12-26,12,0.5786,0.0,0.0,0.0,0.0,0.0001,0.0,0.05,0.05,0.0,0.1042,0.0,0
22.590272536300258,78.56274988111241,22.5,78.5,2025-08-27,12,0.0953,1.1568220853805542,52.14215087890625,130.62078857421875,68.93173217773438,0.058846157485112724,-17.50329056807927,0.244,0.3869,0.7835,0.806,0.3535,0
23.226843,92.740266,23.25,92.75,2025-06-02,12,0.8989,73.33731079101562,183.54595947265625,270.1734924316406,176.18540954589844,1.8521319301979065,34.741097586495535,0.447,0.4452,0.919,0.9275,0.7582,1
33.204841,75.347603,33.25,75.25,2025-01-21,12,0.6662,0.0,10.040082931518555,10.040082931518555,6.165865898132324,4.1079612277310576e-05,-1.4342975616455078,0.0766,0.0911,0.0955,0.1898,0.0,0
23.251004,92.63667,23.25,92.75,2025-02-25,12,0.8145,0.0,0.0,0.0,0.0,0.0001,0.0,0.05,0.05,0.0,0.1042,0.0,0
7.25,71.0,7.25,71.0,2025-06-27,12,0.0,0.0,0.0,0.0,0.0,0.0001,0.0,0.05,0.05,0.0,0.1042,0.0,0
23.2388,92.636923,23.25,92.75,2025-06-01,12,0.9972,99.3125228881836,87.32789611816406,173.41844177246094,108.7843017578125,3.853200112957625,74.53845977783203,0.4667,0.3898,0.7903,0.8122,0.3739,1
23.346456,92.851511,23.25,92.75,2025-02-15,12,0.8145,0.0,0.0,0.0,0.0,0.0001,0.0,0.05,0.05,0.0,0.1042,0.0,0
23.201281,92.735108,23.25,92.75,2025-11-23,12,0.8145,0.0,0.0,0.0,0.0,0.0001,0.0,0.05,0.05,0.0,0.1042,0.0,0
22.44063284750279,86.46318012780874,22.5,86.5,2025-08-14,12,0.0992,0.2058447301387787,8.713455200195312,70.25416564941406,30.927335739135742,0.01866065213251558,-9.830464648348945,0.1617,0.291,0.5605,0.6063,0.0,0
23.319184,92.856725,23.25,92.75,2025-05-31,12,0.944,58.45155715942383,51.10498046875,134.1341552734375,75.67455291748047,2.8990969572407543,39.28953497750419,0.4244,0.3543,0.7076,0.7381,0.127,1
25.809088,91.875238,25.75,92.0,2025-02-06,12,0.4842,0.0,0.0,1.1836950778961182,0.3794655203819275,8.55359337483964e-05,-0.1690992968423026,0.0517,0.0553,0.0124,0.1153,0.0,0
15.25,99.25,15.25,99.25,2025-04-26,12,0.0,0.0,0.0,0.0,0.0,0.0001,0.0,0.05,0.05,0.0,0.1042,0.0,0
19.5,67.0,19.5,67.0,2025-03-05,12,0.0,0.0,0.0,0.0,0.0,0.0001,0.0,0.05,0.05,0.0,0.1042,0.0,0
23.201281,92.735108,23.25,92.75,2025-12-25,12,0.8145,0.0,0.0,0.0,0.0,0.0001,0.0,0.05,0.05,0.0,0.1042,0.0,0
23.345261143710815,86.11889643568317,23.25,86.0,2025-07-12,12,0.0269,17.217880249023438,63.897674560546875,141.49163818359375,86.47834777832031,0.8116676684120553,-2.9952109200613855,0.2687,0.4004,0.8148,0.8341,0.4471,0
25.700668,91.596815,25.75,91.5,2025-05-31,12,0.5293,91.78986358642578,13.83639907836914,42.82063293457031,21.19437599182129,12.89686034195547,85.6726303100586,0.4627,0.2047,0.3597,0.4264,0.0,1
32.44218,75.53151,32.5,75.5,2025-08-17,12,0.6299,24.13433074951172,71.98213958740234,295.2789001464844,170.02113342285156,0.5588911934134774,-18.04836927141462,0.3275,0.4583,0.9495,0.9547,0.8491,1
12.818121,74.956236,12.75,75.0,2025-08-05,12,0.602,24.434215545654297,27.222230911254883,73.32062530517578,38.664512634277344,2.1294680932788808,13.959840502057757,0.2972,0.2764,0.5264,0.5758,0.0,1
26.547147518429384,79.90128766318706,26.5,80.0,2025-08-21,12,0.0908,0.0,1.6445070505142212,40.774478912353516,16.063566207885742,1.4652174465036273e-05,-5.824925558907645,0.1145,0.2134,0.3801,0.4447,0.0,0
31.102046,77.172914,31.0,77.25,2025-08-27,12,0.9896,31.86604118347168,29.200942993164062,47.06216812133789,29.823123931884766,4.126045921496453,25.142874308994838,0.339,0.1989,0.3463,0.4143,0.0,1
25.658623682821066,84.40635592802586,25.75,84.5,2025-07-05,12,0.1187,1.6210625171661377,19.378681182861328,19.509679794311523,12.467514991760254,0.4280752430136127,-1.166034596306937,0.1013,0.1374,0.2032,0.2862,0.0,0
18.33571,73.67774,18.25,73.75,2025-03-14,12,0.4514,0.0,0.0,0.0,0.0,0.0001,0.0,0.05,0.05,0.0,0.1042,0.0,0
27.059755,93.522666,27.0,93.5,2025-12-25,12,0.4016,0.0,0.0,0.0,0.0,0.0001,0.0,0.05,0.05,0.0,0.1042,0.0,0
22.72645855982891,82.63829731816632,22.75,82.75,2025-08-11,12,0.0639,0.2515433430671692,8.908265113830566,32.560821533203125,15.067960739135742,0.04452646161535768,-4.400002590247563,0.1109,0.1873,0.3192,0.3901,0.0,0
30.342593,79.319116,30.25,79.25,2025-09-03,12,0.8381,29.3847713470459,53.354087829589844,150.70477294921875,86.87641143798828,1.30429850398729,7.8555180685860755,0.3263,0.377,0.7606,0.7855,0.2851,1
23.206029,92.740123,23.25,92.75,2025-07-01,12,0.8682,39.7066535949707,0.5415206551551819,49.990272521972656,23.749649047851562,4.877100299136701,32.565186091831755,0.3729,0.2112,0.3748,0.4399,0.0,1
11.0,99.75,11.0,99.75,2025-04-06,12,0.0,0.0,0.0,0.0,0.0,0.0001,0.0,0.05,0.05,0.0,0.1042,0.0,0
26.82895765053484,78.0823624159196,26.75,78.0,2025-08-26,12,0.0269,5.451580047607422,1.2026013135910034,1.2026013135910034,0.9947853684425354,4.65239731571754,5.279779859951565,0.1247,0.0561,0.0142,0.1169,0.0,0
11.4939,76.8939,11.5,77.0,2025-10-19,12,0.6981,22.465227127075195,34.61624526977539,49.919254302978516,30.790225982666016,2.762813599989438,15.333905083792551,0.2841,0.2178,0.3901,0.4536,0.0,1
34.0,66.5,34.0,66.5,2025-09-22,12,0.0,0.0,0.0,0.0,0.0,0.0001,0.0,0.05,0.05,0.0,0.1042,0.0,0
23.469247,92.744068,23.5,92.75,2025-01-13,12,0.8923,0.0,0.0,0.0,0.0,0.0001,0.0,0.05,0.05,0.0,0.1042,0.0,0
17.930656,73.437399,18.0,73.5,2025-01-07,12,0.4871,0.0,0.0,0.0,0.0,0.0001,0.0,0.05,0.05,0.0,0.1042,0.0,0
10.5,74.25,10.5,74.25,2025-06-23,12,0.0,0.0,0.0,0.0,0.0,0.0001,0.0,0.05,0.05,0.0,0.1042,0.0,0
24.8842869056635,82.63981698166887,25.0,82.75,2025-08-27,12,0.1475,7.7425150871276855,203.11767578125,203.52667236328125,139.5572509765625,0.2574415156117137,-21.33272382191249,0.3139,0.4391,0.9048,0.9148,0.7159,0
23.207082,92.509726,23.25,92.5,2025-03-09,12,0.6729,0.0,0.0,0.0,0.0,0.0001,0.0,0.05,0.05,0.0,0.1042,0.0,0
24.0,98.0,24.0,98.0,2025-05-01,12,0.0,0.0,0.0,0.0,0.0,0.0001,0.0,0.05,0.05,0.0,0.1042,0.0,0
30.085642,79.470643,30.0,79.5,2025-08-23,12,0.8872,2.6254043579101562,23.894840240478516,101.09667205810547,52.052425384521484,0.17001939241470856,-11.816977364676339,0.2131,0.3127,0.611,0.6515,0.0,1
30.0685229,78.4612096,30.0,78.5,2025-08-06,12,0.888,30.876638412475586,43.0820198059082,80.4761962890625,50.59968566894531,2.470811238443773,19.380038942609517,0.3341,0.2772,0.5283,0.5774,0.0,1
26.75,89.25,26.75,89.25,2025-03-15,12,0.1302,0.0,5.192290306091309,5.192290306091309,4.41344690322876,5.7413331082698855e-05,-0.741755758013044,0.0693,0.0752,0.0585,0.1566,0.0,0
26.971439928805296,83.55617154682403,27.0,83.5,2025-07-01,12,0.0611,1.5083022117614746,0.0,35.34701919555664,12.49020004272461,0.2493402294402396,-3.541271959032331,0.1014,0.1968,0.3414,0.41,0.0,0
32.31983056,76.5655,32.25,76.5,2025-01-01,12,0.6342,0.0,0.0,0.0,0.0,0.0001,0.0,0.05,0.05,0.0,0.1042,0.0,0
9.75,82.5,9.75,82.5,2025-06-14,12,0.0,0.0,0.0,0.0,0.0,0.0001,0.0,0.05,0.05,0.0,0.1042,0.0,0
30.07166667,79.50266667,30.0,79.5,2025-08-23,12,0.7521,2.6254043579101562,23.894840240478516,101.09667205810547,52.052425384521484,0.17001939241470856,-11.816977364676339,0.2131,0.3194,0.6266,0.6655,0.0,1
30.081064,78.556443,30.0,78.5,2025-08-06,12,0.9083,30.876638412475586,43.0820198059082,80.4761962890625,50.59968566894531,2.470811238443773,19.380038942609517,0.3341,0.2762,0.5259,0.5753,0.0,1
8.25,77.5,8.25,77.5,2025-06-27,12,0.0067,5.127344131469727,3.3377809524536133,3.3377809524536133,2.837113857269287,3.4719355232390856,4.6505182811192105,0.1206,0.0669,0.0392,0.1393,0.0,0
25.969216464339308,84.61360393661306,26.0,84.5,2025-07-26,12,0.0834,0.3288631737232208,1.3842651844024658,15.751898765563965,5.738842487335205,0.10121099077444257,-1.9214080785002028,0.0748,0.1227,0.169,0.2555,0.0,0
23.346456,92.851511,23.25,92.75,2025-06-01,12,0.9494,99.3125228881836,87.32789611816406,173.41844177246094,108.7843017578125,3.853200112957625,74.53845977783203,0.4667,0.3921,0.7955,0.8168,0.3893,1
38.25,93.0,38.25,93.0,2025-08-07,12,0.0,0.0,0.0,0.0,0.0,0.0001,0.0,0.05,0.05,0.0,0.1042,0.0,0
24.003496406216264,83.21422042348324,24.0,83.25,2025-08-08,12,0.0642,0.0,31.81873893737793,84.69224548339844,46.814659118652344,7.634233367386998e-06,-12.098892211914062,0.2019,0.3218,0.6321,0.6704,0.0,0
8.25,67.5,8.25,67.5,2025-10-22,12,0.0,0.0,0.0,0.0,0.0,0.0001,0.0,0.05,0.05,0.0,0.1042,0.0,0
23.717553,92.716826,23.75,92.75,2025-12-21,12,0.8587,0.0,0.0,0.0,0.0,0.0001,0.0,0.05,0.05,0.0,0.1042,0.0,0
24.05523596778029,81.55131764025717,24.0,81.5,2025-07-05,12,0.0732,24.89330291748047,78.83602142333984,136.65040588378906,79.8970947265625,1.2130409193784797,5.371816362653458,0.3001,0.394,0.8001,0.8209,0.403,0
23.301587,92.868485,23.25,92.75,2025-03-06,12,0.8145,0.0,0.0,0.0,0.0,0.0001,0.0,0.05,0.05,0.0,0.1042,0.0,0
25.71165556,91.89512778,25.75,92.0,2025-05-30,12,0.6483,8.124890327453613,24.262802124023438,39.01264953613281,21.76595687866211,1.2360716643259708,2.55165467943464,0.1564,0.1895,0.3245,0.3948,0.0,1
12.858407,75.226056,12.75,75.25,2025-11-26,12,0.4204,3.2782890796661377,13.575681686401367,13.575681686401367,10.050087928771973,1.1153323572666836,1.3389059816087996,0.0966,0.1083,0.1357,0.2257,0.0,0
23.35174295247792,86.22760243032332,23.25,86.25,2025-07-15,12,0.115,14.844613075256348,48.56330871582031,150.20242309570312,77.12689208984375,0.6610139301958045,-6.612875938415527,0.2563,0.4053,0.8263,0.8444,0.4814,0
26.981311432624384,80.29171951214163,27.0,80.25,2025-07-25,12,0.1072,0.0,8.64676284790039,32.77091979980469,15.513532638549805,1.7600799868939357e-05,-4.681559971400669,0.1125,0.1867,0.318,0.389,0.0,0
23.067473,92.767201,23.0,92.75,2025-03-03,12,0.6896,0.0,0.0,0.0,0.0,0.0001,0.0,0.05,0.05,0.0,0.1042,0.0,0
27.213127,92.652213,27.25,92.75,2025-03-07,12,0.3981,1.525213599205017,0.3818780779838562,1.7632830142974854,0.9397227764129639,1.2184012746153519,1.2733160257339478,0.0724,0.0581,0.0189,0.1211,0.0,0
25.42315556,91.86329167,25.5,91.75,2025-05-31,12,0.7145,140.50730895996094,22.96381378173828,56.3455696105957,32.934173583984375,15.526766414224642,132.457941872733,0.4769,0.2332,0.4261,0.4859,0.0,1
26.322064955334643,84.93274427408718,26.25,85.0,2025-07-16,12,0.0219,4.879572868347168,8.168181419372559,11.042654991149902,8.218374252319336,1.8931642873615253,3.3020507267543246,0.1175,0.1031,0.1235,0.2148,0.0,0
22.88042,92.821692,23.0,92.75,2025-06-01,12,0.9209,171.4090118408203,91.12442016601562,194.12319946289062,119.84480285644531,5.96581491389376,143.67712620326452,0.4789,0.4084,0.8336,0.8509,0.503,1
33.371921,74.407908,33.25,74.5,2025-01-02,12,0.4286,0.0,0.0,0.0,0.0,0.0001,0.0,0.05,0.05,0.0,0.1042,0.0,0
6.5,81.25,6.5,81.25,2025-10-12,12,0.0,0.0,0.0,0.0,0.0,0.0001,0.0,0.05,0.05,0.0,0.1042,0.0,0
23.730243,92.75603,23.75,92.75,2025-05-30,12,0.9603,26.333751678466797,53.97563552856445,92.15045166015625,51.23360061645508,1.8591641153697704,13.169401441301618,0.3089,0.2944,0.5684,0.6134,0.0,1
38.25,87.75,38.25,87.75,2025-08-15,12,0.0,0.0,0.0,0.0,0.0,0.0001,0.0,0.05,0.05,0.0,0.1042,0.0,0
26.486020654658958,82.3876222065163,26.5,82.5,2025-07-01,12,0.0735,6.186639785766602,2.017883539199829,4.431025505065918,2.516491651535034,3.7885645938917425,5.5536361421857565,0.1337,0.0719,0.0509,0.1497,0.0,0
26.93447972694149,85.54569361205736,27.0,85.5,2025-08-26,12,0.09,2.1263577938079834,12.88980484008789,40.61063766479492,20.154539108276367,0.31264451153660056,-3.675161872591291,0.1285,0.213,0.379,0.4437,0.0,0
31.16436666,76.7617555,31.25,76.75,2025-11-04,12,0.7752,0.0,0.0,0.0,0.0,0.0001,0.0,0.05,0.05,0.0,0.1042,0.0,0
23.187383,92.89826,23.25,93.0,2025-02-01,12,0.7561,0.0,0.0,0.0,0.0,0.0001,0.0,0.05,0.05,0.0,0.1042,0.0,0
30.07344444,79.50233333,30.0,79.5,2025-12-09,12,0.677,0.0,0.0,0.0,0.0,0.0001,0.0,0.05,0.05,0.0,0.1042,0.0,0
25.648512,93.121528,25.75,93.0,2025-06-05,12,0.5796,2.102964401245117,35.17158508300781,129.49746704101562,71.74720764160156,0.10785145781710534,-16.3966737474714,0.2484,0.3661,0.7352,0.7628,0.2093,1
11.3718,76.7561,11.25,76.75,2025-10-22,12,0.7463,3.2365293502807617,22.973480224609375,62.4788703918457,31.56708526611328,0.3260905844350684,-5.6890235628400525,0.1635,0.2463,0.4566,0.5132,0.0,1
13.52105611,75.31909778,13.5,75.25,2025-01-01,12,0.6318,0.0,0.0,0.0,0.0,0.0001,0.0,0.05,0.05,0.0,0.1042,0.0,1
24.946428639314256,83.59993671463558,25.0,83.5,2025-07-11,12,0.1256,0.0,4.372334003448486,10.902263641357422,6.055750846862793,3.9101200497509997e-05,-1.5574662344796317,0.0761,0.1012,0.119,0.2108,0.0,0
26.88655556,88.18063889,27.0,88.25,2025-09-27,12,1.0,0.0,9.37445068359375,56.92940139770508,22.304210662841797,1.0949578514669596e-05,-8.132771628243583,0.1356,0.2224,0.4009,0.4633,0.0,1
24.60263556404582,85.24209830813359,24.5,85.25,2025-07-07,12,0.0248,36.91239547729492,34.200138092041016,89.208251953125,47.03605651855469,2.6857100414521318,24.168359483991352,0.3619,0.3316,0.6549,0.6908,0.0,0
23.187762,92.898034,23.25,93.0,2025-02-03,12,0.7561,0.0,0.0,0.0,0.0,0.0001,0.0,0.05,0.05,0.0,0.1042,0.0,0
11.48583333,76.68605556,11.5,76.75,2025-02-22,12,0.6111,0.0,0.0,0.0,0.0,0.0001,0.0,0.05,0.05,0.0,0.1042,0.0,0
23.161328628987626,86.97482884795424,23.25,87.0,2025-08-22,12,0.0862,0.689382791519165,16.14543342590332,54.457969665527344,25.102937698364258,0.0785313860334267,-7.090327160699027,0.1444,0.2531,0.4724,0.5274,0.0,0
23.82101111324758,80.09931831673484,23.75,80.0,2025-08-24,12,0.0832,6.091838836669922,19.142248153686523,53.954322814941406,25.996660232543945,0.6995988124772746,-1.6159215654645651,0.1472,0.2519,0.4695,0.5248,0.0,0
9.0,88.0,9.0,88.0,2025-09-02,12,0.0,0.0,0.0,0.0,0.0,0.0001,0.0,0.05,0.05,0.0,0.1042,0.0,0
23.469247,92.744068,23.5,92.75,2025-06-01,12,1.0,78.49111938476562,85.5191650390625,162.49270629882812,103.1691665649414,3.24166477538366,55.27787562779018,0.4524,0.3804,0.7683,0.7925,0.3082,1
26.27911453561952,84.80917212617251,26.25,84.75,2025-07-01,12,0.0249,0.0,0.0,8.60634994506836,3.9371697902679443,4.485353733985707e-05,-1.2294785635811942,0.0673,0.0919,0.0975,0.1915,0.0,0
25.913257814114385,82.55318410061929,26.0,82.5,2025-07-19,12,0.0704,18.391279220581055,35.308441162109375,49.87395477294922,34.65868377685547,2.2635959651130046,11.266428538731166,0.2541,0.2411,0.4445,0.5024,0.0,0
26.10788845880419,83.54489114321171,26.0,83.5,2025-07-16,12,0.0808,8.25731372833252,54.9344482421875,56.85424041748047,45.00580978393555,0.9052162506423619,0.1352793829781671,0.1978,0.2596,0.4875,0.5409,0.0,0
29.0,79.25,29.0,79.25,2025-09-03,12,0.0873,58.21101760864258,129.69647216796875,235.17425537109375,143.01026916503906,1.682581092842023,24.614695412772043,0.4239,0.4528,0.9367,0.9433,0.8111,0
33.25047222,75.21072222,33.25,75.25,2025-04-20,12,0.7209,14.507017135620117,16.975112915039062,36.83643341064453,18.63160514831543,2.316562093408861,9.24466950552804,0.2212,0.1807,0.304,0.3765,0.0,1
22.503468005519014,82.23693151999642,22.5,82.25,2025-08-12,12,0.1377,0.0,15.949419021606445,33.2735710144043,16.45258331298828,1.7381125695301198e-05,-4.7533672877720425,0.1158,0.1876,0.3199,0.3908,0.0,0
12.859678,75.226523,12.75,75.25,2025-02-10,12,0.4204,0.0,0.0,0.0,0.0,0.0001,0.0,0.05,0.05,0.0,0.1042,0.0,0
10.25,90.75,10.25,90.75,2025-01-09,12,0.0,0.0,0.0,0.0,0.0,0.0001,0.0,0.05,0.05,0.0,0.1042,0.0,0
23.206413,92.632701,23.25,92.75,2025-03-15,12,0.8145,0.0,0.0,0.0,0.0,0.0001,0.0,0.05,0.05,0.0,0.1042,0.0,0
23.807952,92.834037,23.75,92.75,2025-02-26,12,0.8587,0.0,0.0,0.0,0.0,0.0001,0.0,0.05,0.05,0.0,0.1042,0.0,0
25.053900355378843,80.80683215515974,25.0,80.75,2025-08-17,12,0.0872,0.0,8.804388046264648,55.03472137451172,23.11663818359375,1.1284003288642317e-05,-7.8621030535016745,0.1382,0.2546,0.4759,0.5305,0.0,0
24.010655775144382,84.4389394177321,24.0,84.5,2025-07-12,12,0.0526,22.556047439575195,27.850996017456055,56.288360595703125,35.364173889160156,2.49481943584657,14.514853068760463,0.2847,0.2592,0.4865,0.54,0.0,0
11.3935,76.9317,11.5,77.0,2025-10-20,12,0.7372,26.063182830810547,41.965858459472656,72.38448333740234,45.26713562011719,2.298219653836495,15.722542354038783,0.3073,0.2683,0.5076,0.5589,0.0,1
33.01029444,75.22261667,33.0,75.25,2025-08-27,12,0.7655,51.19755935668945,50.892478942871094,65.57079315185547,44.84358215332031,4.938400146005062,41.83030319213867,0.4083,0.2524,0.4707,0.5259,0.0,1
23.141077,92.75109,23.25,92.75,2025-09-11,12,0.9367,4.644678592681885,33.473270416259766,102.9015121459961,49.82673263549805,0.2958416996627076,-10.0555374281747,0.2084,0.313,0.6116,0.652,0.0,1
18.33455,73.67761,18.25,73.75,2025-08-20,12,0.644,19.88019371032715,16.986753463745117,19.346229553222656,13.195213317871094,5.282048260118792,17.11644663129534,0.2656,0.1261,0.177,0.2627,0.0,1
24.56417681217571,81.43300969195741,24.5,81.5,2025-07-03,12,0.0983,16.831924438476562,26.0015869140625,115.74095153808594,50.90721130371094,0.9599418090935662,0.29750279017857295,0.2414,0.3691,0.742,0.7689,0.2296,0
30.8940423,78.3019077,31.0,78.25,2025-11-21,12,0.6435,0.0,0.0,0.0,0.0,0.0001,0.0,0.05,0.05,0.0,0.1042,0.0,0
24.5,76.75,24.5,76.75,2025-02-04,12,0.0,0.0,0.0,0.0,0.0,0.0001,0.0,0.05,0.05,0.0,0.1042,0.0,0
30.2114,78.6793,30.25,78.75,2025-02-22,12,0.7975,5.462911128997803,0.0,1.2440639734268188,0.5519977807998657,4.638619742186317,5.285187704222543,0.1248,0.0551,0.0119,0.1148,0.0,0
33.184433,75.316882,33.25,75.25,2025-11-18,12,0.6662,0.0,0.0,0.0,0.0,0.0001,0.0,0.05,0.05,0.0,0.1042,0.0,0
23.18351,92.735641,23.25,92.75,2025-11-10,12,0.8145,0.0,26.621688842773438,53.567176818847656,29.994089126586914,1.1557415035104786e-05,-7.6524538312639505,0.1591,0.2223,0.4006,0.4631,0.0,0
23.069585,92.765797,23.0,92.75,2025-02-09,12,0.6896,0.0,0.0,0.0,0.0,0.0001,0.0,0.05,0.05,0.0,0.1042,0.0,0
22.0,84.5,22.0,84.5,2025-11-23,12,0.0,0.0,0.0,0.0,0.0,0.0001,0.0,0.05,0.05,0.0,0.1042,0.0,0
37.0,99.75,37.0,99.75,2025-12-13,12,0.0,0.0,0.0,0.0,0.0,0.0001,0.0,0.05,0.05,0.0,0.1042,0.0,0
32.48638056,76.28263056,32.5,76.25,2025-09-22,12,0.9223,0.0,2.8498029708862305,19.40140724182129,7.578293800354004,2.6513738210558764e-05,-2.77162960597447,0.0823,0.1205,0.164,0.2511,0.0,1
23.061745,92.770105,23.0,92.75,2025-11-16,12,0.6896,0.0,0.0,0.0,0.0,0.0001,0.0,0.05,0.05,0.0,0.1042,0.0,0
22.469818977051915,84.21074088470434,22.5,84.25,2025-08-18,12,0.0589,0.0,3.9053375720977783,7.632245063781738,4.269735813140869,4.783954867819056e-05,-1.0903207233973913,0.0687,0.0871,0.0863,0.1815,0.0,0
23.989183127510785,87.1953102465605,24.0,87.25,2025-07-01,12,0.0258,16.608064651489258,49.08563232421875,62.82266616821289,41.905029296875,1.6650345645688254,7.633398056030273,0.2396,0.2767,0.5272,0.5764,0.0,0
30.35403,78.959917,30.25,79.0,2025-06-30,12,0.9021,71.33511352539062,64.3062515258789,124.32828521728516,77.46160888671875,3.8022768198911305,53.573929922921316,0.4446,0.3446,0.6851,0.7179,0.0596,1
11.3669,76.7992,11.25,76.75,2025-02-26,12,0.6801,0.0,0.0,0.0,0.0,0.0001,0.0,0.05,0.05,0.0,0.1042,0.0,0
11.2653,76.7448,11.25,76.75,2025-03-12,12,0.6801,0.0,0.0,0.0,0.0,0.0001,0.0,0.05,0.05,0.0,0.1042,0.0,0
23.319833683677963,80.80977233879514,23.25,80.75,2025-07-19,12,0.0806,17.869510650634766,74.5468521118164,147.43482971191406,89.12388610839844,0.8099680285061586,-3.192607879638672,0.2719,0.404,0.8233,0.8417,0.4725,0
23.4912,92.7055,23.5,92.75,2025-03-18,12,0.8923,0.0,0.0,0.0,0.0,0.0001,0.0,0.05,0.05,0.0,0.1042,0.0,0
12.5,70.5,12.5,70.5,2025-04-26,12,0.0,0.0,0.0,0.0,0.0,0.0001,0.0,0.05,0.05,0.0,0.1042,0.0,0
27.327977,88.152281,27.25,88.25,2025-09-11,12,1.0,8.082897186279297,51.27207565307617,96.36141204833984,58.80813217163086,0.5474091267009142,-5.683018820626396,0.2264,0.2994,0.5799,0.6237,0.0,1
23.49782838976937,78.76862075276163,23.5,78.75,2025-07-02,12,0.1233,1.560211420059204,34.55516815185547,64.75653076171875,36.44573211669922,0.15221164992889094,-7.690721545900617,0.1768,0.2775,0.5291,0.5782,0.0,0
22.920650115405923,86.40361505385319,23.0,86.5,2025-07-26,12,0.0479,5.928438186645508,0.11634425818920135,35.81328201293945,14.888130187988281,0.969319924923674,0.8122550419398715,0.1306,0.1988,0.346,0.4141,0.0,0
33.212079,74.431939,33.25,74.5,2025-07-20,12,0.6131,0.12568284571170807,56.191490173339844,113.90414428710938,68.39834594726562,0.007282462691196863,-16.14633776673249,0.2431,0.3448,0.6857,0.7184,0.0614,1
27.304291,93.052835,27.25,93.0,2025-11-18,12,0.4062,0.0,0.0,0.0,0.0,0.0001,0.0,0.05,0.05,0.0,0.1042,0.0,0
18.38673,73.66317,18.5,73.75,2025-03-06,12,0.4299,0.0,0.0,0.0,0.0,0.0001,0.0,0.05,0.05,0.0,0.1042,0.0,0
31.76286667,77.1127,31.75,77.0,2025-07-23,12,0.9413,24.067584991455078,28.78902816772461,42.06292724609375,29.68419075012207,3.4338308861014597,18.05859538487026,0.2948,0.1877,0.3202,0.391,0.0,1
24.5,83.75,24.5,83.75,2025-06-20,12,0.0,17.200000762939453,6.800000190734863,6.800000190734863,5.78000020980835,8.72468867220825,16.228572164263046,0.2445,0.0837,0.0784,0.1744,0.0,0
22.0,78.5,22.0,78.5,2025-07-21,12,0.0001,0.0,3.3856167793273926,8.159139633178711,4.118346691131592,4.617676312367455e-05,-1.1655913761683874,0.068,0.0901,0.0933,0.1877,0.0,0
8.25,84.25,8.25,84.25,2025-07-02,12,0.0,0.0,0.0,0.0,0.0,0.0001,0.0,0.05,0.05,0.0,0.1042,0.0,0
17.228779,73.537792,17.25,73.5,2025-12-19,12,0.4512,0.0,0.0,0.0,0.0,0.0001,0.0,0.05,0.05,0.0,0.1042,0.0,0
23.498343419207455,87.62102104165028,23.5,87.5,2025-07-13,12,0.1004,2.018481492996216,117.22140502929688,230.01422119140625,119.7259521484375,0.059616973107965744,-30.840692962918965,0.301,0.4508,0.9322,0.9392,0.7975,0
30.2114,78.6793,30.25,78.75,2025-09-01,12,0.8638,4.715732097625732,68.2099380493164,138.14907836914062,76.72586822509766,0.22742703608098402,-15.019850526537216,0.2558,0.3628,0.7274,0.7558,0.186,1
31.56138889,77.36833333,31.5,77.25,2025-08-01,12,0.941,1.77677583694458,29.091087341308594,33.171607971191406,22.386865615844727,0.3096249188613988,-2.9620253017970493,0.1359,0.1629,0.2624,0.3393,0.0,1
13.16028833,75.42628194,13.25,75.5,2025-06-16,12,0.6215,52.99095153808594,62.92316436767578,70.02732849121094,48.48351287841797,4.815659169705291,42.987047467912944,0.4127,0.2685,0.5082,0.5595,0.0,1
27.068621,88.479162,27.0,88.5,2025-01-08,12,1.0,0.0,0.0,0.0,0.0,0.0001,0.0,0.05,0.05,0.0,0.1042,0.0,0
25.75,85.75,25.75,85.75,2025-12-01,12,0.0,0.0,0.0,0.0,0.0,0.0001,0.0,0.05,0.05,0.0,0.1042,0.0,0
24.10877490142098,79.46801631753996,24.0,79.5,2025-08-05,12,0.0223,0.0,11.064329147338867,40.06718063354492,22.26930809020996,1.4872358840654839e-05,-5.723882947649274,0.1355,0.2134,0.3801,0.4446,0.0,0
22.251747634846765,78.52765257859603,22.25,78.5,2025-08-01,12,0.0795,1.082201600074768,46.530609130859375,150.4804229736328,76.49144744873047,0.04810827312669751,-20.415001681872777,0.2554,0.4067,0.8296,0.8474,0.4913,0
11.3426,76.7901,11.25,76.75,2025-10-17,12,0.7649,5.5659589767456055,32.86750793457031,49.9268684387207,35.308902740478516,0.6844292318513986,-1.5664508002144952,0.1738,0.2151,0.384,0.4482,0.0,1
23.5,89.75,23.5,89.75,2025-01-11,12,0.0,0.0,0.0,0.0,0.0,0.0001,0.0,0.05,0.05,0.0,0.1042,0.0,0
23.234538,92.637234,23.25,92.75,2025-06-01,12,0.9001,99.3125228881836,87.32789611816406,173.41844177246094,108.7843017578125,3.853200112957625,74.53845977783203,0.4667,0.3943,0.8007,0.8214,0.4047,1
25.187012406046108,86.01825899875516,25.25,86.0,2025-07-24,12,0.1475,0.0,96.65364837646484,167.66981506347656,84.15099334716797,4.0075613508013035e-06,-23.952830723353795,0.2658,0.4181,0.856,0.871,0.5699,0
33.25,79.5,33.25,79.5,2025-11-20,12,0.0018,0.0,0.0,0.0,0.0,0.0001,0.0,0.05,0.05,0.0,0.1042,0.0,0
9.75,79.75,9.75,79.75,2025-10-08,12,0.0,0.0,0.0,0.0,0.0,0.0001,0.0,0.05,0.05,0.0,0.1042,0.0,0
22.902089,92.879909,23.0,93.0,2025-01-15,12,0.6412,0.0,0.0,0.0,0.0,0.0001,0.0,0.05,0.05,0.0,0.1042,0.0,0
30.19158,79.977955,30.25,80.0,2025-11-13,12,0.5172,0.0,0.0,0.0,0.0,0.0001,0.0,0.05,0.05,0.0,0.1042,0.0,0
23.251004,92.63667,23.25,92.75,2025-06-01,12,0.9002,99.3125228881836,87.32789611816406,173.41844177246094,108.7843017578125,3.853200112957625,74.53845977783203,0.4667,0.3943,0.8006,0.8214,0.4047,1
37.75,89.75,37.75,89.75,2025-06-24,12,0.0,0.0,0.0,0.0,0.0,0.0001,0.0,0.05,0.05,0.0,0.1042,0.0,0
33.32900278,75.96589444,33.25,76.0,2025-04-18,12,0.7074,16.495763778686523,0.0,6.1083083152771,2.5329179763793945,8.80899683418567,15.623148305075508,0.2386,0.0752,0.0586,0.1566,0.0,1
22.19059122594246,82.88097015872827,22.25,83.0,2025-08-06,12,0.133,0.7675569653511047,18.845197677612305,24.408472061157227,15.524100303649902,0.17108755710862,-2.7193676148142134,0.1125,0.156,0.2466,0.3251,0.0,0
23.56453697106824,80.71096253764065,23.5,80.75,2025-08-02,12,0.1326,0.26663821935653687,7.617974281311035,74.20191192626953,31.12310791015625,0.022994132665141262,-10.333634912967682,0.1623,0.2982,0.5772,0.6213,0.0,0
28.0,67.5,28.0,67.5,2025-02-03,12,0.0,0.0,0.0,0.0,0.0,0.0001,0.0,0.05,0.05,0.0,0.1042,0.0,0
23.362655845201033,80.74173857511467,23.25,80.75,2025-08-01,12,0.0348,3.0952038764953613,5.518043518066406,80.2794418334961,35.48278045654297,0.24825006531093696,-8.373287814004081,0.1742,0.3145,0.6152,0.6553,0.0,0
30.6517586,78.3323707,30.75,78.25,2025-08-20,12,0.8467,10.59343433380127,113.80533599853516,168.08253479003906,105.22908782958984,0.4235416195312461,-13.418356350490026,0.2889,0.3923,0.7961,0.8173,0.3911,1
20.0,73.5,20.0,73.5,2025-04-25,12,0.0064,0.0,0.0,0.0,0.0,0.0001,0.0,0.05,0.05,0.0,0.1042,0.0,0
27.25,70.25,27.25,70.25,2025-05-21,12,0.0,0.0,0.0,0.0,0.0,0.0001,0.0,0.05,0.05,0.0,0.1042,0.0,0
18.75,89.5,18.75,89.5,2025-12-22,12,0.0,0.0,0.0,0.0,0.0,0.0001,0.0,0.05,0.05,0.0,0.1042,0.0,0
23.197825,92.73502,23.25,92.75,2025-06-15,12,1.0,11.93825912475586,39.924415588378906,84.8203125,49.60068130493164,0.9101310112976474,-0.17892837524414062,0.208,0.2796,0.5339,0.5825,0.0,1
23.98496081103737,79.5631697070886,24.0,79.5,2025-08-11,12,0.0669,2.5725936889648438,3.630154609680176,6.563080310821533,4.02586030960083,1.327785090853236,1.6350107874189104,0.087,0.082,0.0745,0.1709,0.0,0
9.0,78.75,9.0,78.75,2025-11-03,12,0.0,0.0,0.0,0.0,0.0,0.0001,0.0,0.05,0.05,0.0,0.1042,0.0,0
22.135870181469606,80.63221402867134,22.25,80.75,2025-07-22,12,0.1081,2.254936695098877,40.30385971069336,72.79061889648438,41.53715515136719,0.19783349326029162,-8.143723147256035,0.1896,0.2962,0.5725,0.6171,0.0,0
22.75,87.5,22.75,87.5,2025-09-13,12,0.0,0.7441219091415405,0.15970054268836975,1.4315351247787476,0.5974594950675964,0.6178653456214461,0.5396168913160051,0.0611,0.0573,0.017,0.1194,0.0,0
22.950538248918637,85.92595116288383,23.0,86.0,2025-07-02,12,0.1108,47.42169189453125,110.98114013671875,177.39520263671875,119.11428833007812,1.8002233166320827,22.079520089285715,0.3982,0.4257,0.8738,0.8869,0.6231,0
7.0,95.0,7.0,95.0,2025-02-20,12,0.0,0.0,0.0,0.0,0.0,0.0001,0.0,0.05,0.05,0.0,0.1042,0.0,0
23.71577,92.713172,23.75,92.75,2025-11-04,12,0.8587,6.8273115158081055,0.190627321600914,1.7896990776062012,0.8054313659667969,5.43726015972693,6.57164021900722,0.1414,0.0572,0.0167,0.1191,0.0,0
22.4833822482336,82.50370936258184,22.5,82.5,2025-08-12,12,0.0652,0.0,11.425411224365234,23.479642868041992,11.869694709777832,2.296614835779301e-05,-3.3542346954345703,0.0991,0.1541,0.2421,0.321,0.0,0
23.502336,92.697334,23.5,92.75,2025-07-12,12,1.0,1.6061948537826538,84.25253295898438,110.19805908203125,73.66431427001953,0.09594070127567933,-14.136385015078954,0.2513,0.3205,0.6291,0.6677,0.0,1
15.0,92.75,15.0,92.75,2025-04-18,12,0.0,0.0,0.0,0.0,0.0,0.0001,0.0,0.05,0.05,0.0,0.1042,0.0,0
27.009367,88.177908,27.0,88.25,2025-09-16,12,1.0,34.132164001464844,47.5814323425293,111.03511810302734,65.98873138427734,2.0241928999614056,18.270004272460938,0.3498,0.3217,0.6319,0.6702,0.0,1
26.014649206871383,81.99638482493935,26.0,82.0,2025-08-13,12,0.1005,4.471582889556885,4.564769268035889,107.60294342041016,51.33685302734375,0.27313242830134427,-10.900266170501709,0.2116,0.3579,0.716,0.7456,0.152,0
18.482179,73.068593,18.5,73.0,2025-07-15,12,0.592,19.656831741333008,21.36550521850586,56.019283294677734,29.30118751525879,2.1834352121385026,11.654076984950475,0.2639,0.2375,0.436,0.4948,0.0,1
37.0,66.75,37.0,66.75,2025-10-12,12,0.0,0.0,0.0,0.0,0.0,0.0001,0.0,0.05,0.05,0.0,0.1042,0.0,0
30.8977678,78.3265819,31.0,78.25,2025-06-29,12,0.8135,21.180837631225586,40.735328674316406,46.57518005371094,33.622249603271484,2.7674487191631805,14.527240480695452,0.2751,0.2045,0.3593,0.4261,0.0,1
24.006627219706118,79.9257609734684,24.0,80.0,2025-08-20,12,0.0421,0.13220329582691193,7.5546112060546875,36.166229248046875,16.19963836669922,0.021454805919381696,-5.034400882465499,0.1149,0.2001,0.3491,0.4169,0.0,0
30.399273,78.199711,30.5,78.25,2025-06-28,12,0.927,3.2921152114868164,9.531060218811035,11.595284461975098,8.645295143127441,1.2393199215388575,1.6356460026332311,0.0968,0.0936,0.1014,0.195,0.0,1
25.965642689815283,80.20508787136649,26.0,80.25,2025-07-23,12,0.1436,0.0,0.7284596562385559,63.639827728271484,32.4598274230957,9.909423939886618e-06,-9.09140396118164,0.166,0.2741,0.5211,0.571,0.0,0
18.25,80.75,18.25,80.75,2025-05-16,12,0.0,1.7766449451446533,21.605785369873047,32.95451736450195,22.64508628845215,0.3112843161775384,-2.9311432497841974,0.1367,0.1904,0.3266,0.3968,0.0,0
25.88165,94.19023,26.0,94.25,2025-01-19,12,0.689,0.0,0.0,0.0,0.0,0.0001,0.0,0.05,0.05,0.0,0.1042,0.0,1
14.549817,74.348917,14.5,74.25,2025-07-12,12,0.6348,11.704488754272461,41.32664489746094,221.02188110351562,102.43086242675781,0.35931692556607014,-19.870065689086914,0.2862,0.4338,0.8926,0.9038,0.6793,1
7.25,86.0,7.25,86.0,2025-01-12,12,0.0,0.0,0.0,0.0,0.0,0.0001,0.0,0.05,0.05,0.0,0.1042,0.0,0
25.38410649428698,86.28469299449117,25.5,86.25,2025-07-07,12,0.0257,2.0127058029174805,9.512373924255371,21.083086013793945,12.223344802856445,0.5017126897486184,-0.9991636276245117,0.1004,0.1456,0.2223,0.3033,0.0,0
32.06138889,78.21944444,32.0,78.25,2025-12-26,12,0.3757,0.0,0.0,0.0,0.0,0.0001,0.0,0.05,0.05,0.0,0.1042,0.0,0
32.5,80.75,32.5,80.75,2025-06-06,12,0.0,0.0,0.0,0.0,0.0,0.0001,0.0,0.05,0.05,0.0,0.1042,0.0,0
11.51339444,76.01924444,11.5,76.0,2025-08-26,12,0.7,0.0,0.165056973695755,110.06693267822266,37.66021728515625,5.979485273813938e-06,-15.72384752546038,0.1799,0.3354,0.6637,0.6987,0.0,1
23.30554,92.854877,23.25,92.75,2025-06-01,12,0.9447,99.3125228881836,87.32789611816406,173.41844177246094,108.7843017578125,3.853200112957625,74.53845977783203,0.4667,0.3923,0.796,0.8172,0.3908,1
34.75,71.0,34.75,71.0,2025-05-11,12,0.0,0.0,0.0,0.0,0.0,0.0001,0.0,0.05,0.05,0.0,0.1042,0.0,0
31.25,71.0,31.25,71.0,2025-04-23,12,0.0,0.0,0.0,0.0,0.0,0.0001,0.0,0.05,0.05,0.0,0.1042,0.0,0
25.451978,94.137142,25.5,94.25,2025-02-22,12,0.6493,0.0,0.0,2.5920448303222656,0.8834928274154663,7.297714015964226e-05,-0.3702921186174665,0.054,0.0611,0.0257,0.1272,0.0,0
27.0,95.0,27.0,95.0,2025-09-16,12,0.0754,46.24471664428711,27.40284538269043,52.35255432128906,31.996295928955078,5.454082308870362,38.76578031267439,0.3948,0.2478,0.4601,0.5163,0.0,0
28.0,76.5,28.0,76.5,2025-06-26,12,0.0,0.1559494137763977,21.856922149658203,67.14663696289062,33.09722900390625,0.014732237916353348,-9.436427295207977,0.1678,0.2879,0.5533,0.5998,0.0,0
24.05252410674178,80.30084491857475,24.0,80.25,2025-08-02,12,0.1274,0.0,22.67481803894043,87.78207397460938,42.17613983154297,7.385362765827629e-06,-12.540296282087054,0.1911,0.3249,0.6393,0.6769,0.0,0
23.308629,92.860039,23.25,92.75,2025-01-04,12,0.8145,0.0,0.0,0.0,0.0,0.0001,0.0,0.05,0.05,0.0,0.1042,0.0,0
23.208823,92.53749,23.25,92.5,2025-12-08,12,0.6729,0.0,0.0,0.0,0.0,0.0001,0.0,0.05,0.05,0.0,0.1042,0.0,0
32.84867222,74.94725278,32.75,75.0,2025-07-21,12,0.6003,9.090682029724121,5.271273136138916,35.94783401489258,18.4205379486084,1.4816922824560286,3.955277170453753,0.1672,0.182,0.3069,0.3791,0.0,1
27.296928,93.088111,27.25,93.0,2025-09-26,12,0.6159,5.299272537231445,4.000588417053223,19.16568374633789,8.271303176879883,1.4177197936137236,2.5613177163260326,0.1228,0.126,0.1768,0.2626,0.0,1
38.0,70.5,38.0,70.5,2025-11-03,12,0.0,0.0,0.0,0.0,0.0,0.0001,0.0,0.05,0.05,0.0,0.1042,0.0,0
33.621861,74.280183,33.5,74.25,2025-07-20,12,0.4525,0.0,62.35943603515625,73.02037811279297,50.794246673583984,8.747771711517195e-06,-10.431482587541852,0.2105,0.2823,0.5403,0.5882,0.0,1
25.205124288176773,85.8633165539504,25.25,85.75,2025-07-09,12,0.1131,0.0,9.80411148071289,23.34539794921875,13.001983642578125,2.306774823554495e-05,-3.335056849888393,0.1033,0.1525,0.2383,0.3177,0.0,0
23.219631,92.563324,23.25,92.5,2025-01-26,12,0.6729,0.0,0.0,0.0,0.0,0.0001,0.0,0.05,0.05,0.0,0.1042,0.0,0
7.0,83.25,7.0,83.25,2025-09-05,12,0.0,0.0,0.0,0.0,0.0,0.0001,0.0,0.05,0.05,0.0,0.1042,0.0,0
22.469737,93.100868,22.5,93.0,2025-02-18,12,0.4923,0.0,0.0,0.0,0.0,0.0001,0.0,0.05,0.05,0.0,0.1042,0.0,0
23.212919,92.558022,23.25,92.5,2025-12-18,12,0.6729,0.0,0.0,0.0,0.0,0.0001,0.0,0.05,0.05,0.0,0.1042,0.0,0
13.35143722,75.38734,13.25,75.5,2025-01-01,12,0.5261,0.0,0.0,0.0,0.0,0.0001,0.0,0.05,0.05,0.0,0.1042,0.0,1
27.04530556,88.10741667,27.0,88.0,2025-01-12,12,0.7464,0.0,0.19085106253623962,0.19085106253623962,0.11720640957355499,9.734591829428149e-05,-0.02726443750517709,0.0505,0.0508,0.0019,0.1058,0.0,0
24.354658,92.925511,24.25,93.0,2025-05-29,12,0.7197,1.5223690271377563,21.132476806640625,78.84794616699219,34.871910095214844,0.12414138795159586,-9.741623282432556,0.1726,0.2821,0.5397,0.5877,0.0,1
27.322582,93.048256,27.25,93.0,2025-06-15,12,0.4843,0.0,0.2381497025489807,1.2165963649749756,0.5306574702262878,8.519342668259839e-05,-0.1737994807107108,0.0524,0.0555,0.0127,0.1156,0.0,1
9.896046,77.212729,10.0,77.25,2025-01-01,12,1.0,0.0,0.0,0.0,0.0,0.0001,0.0,0.05,0.05,0.0,0.1042,0.0,1
24.0,78.75,24.0,78.75,2025-07-13,12,0.0,67.68091583251953,53.046112060546875,303.6310729980469,156.46302795410156,1.525176172026472,24.305048261369976,0.4398,0.4688,0.9738,0.9766,0.9219,0
23.626055981381057,78.39269414241652,23.75,78.5,2025-07-10,12,0.0208,15.825521469116211,96.45344543457031,152.94349670410156,98.23432922363281,0.6926155334015069,-6.023549488612584,0.282,0.4107,0.8389,0.8557,0.519,0
22.491822,92.970252,22.5,93.0,2025-11-06,12,0.4923,53.84645462036133,4.356212615966797,4.356212615966797,2.6752591133117676,33.19116109296622,53.22413853236607,0.4147,0.0693,0.0448,0.1443,0.0,0
23.140846,92.751229,23.25,92.75,2025-05-31,12,0.9343,58.45155715942383,51.10498046875,134.1341552734375,75.67455291748047,2.8990969572407543,39.28953497750419,0.4244,0.3548,0.7088,0.7391,0.1304,1
25.25,88.5,25.25,88.5,2025-08-11,12,0.0,11.168718338012695,24.05980682373047,90.9815902709961,45.792301177978516,0.7979226316888198,-1.8286517007010321,0.1996,0.3357,0.6644,0.6993,0.0,0
8.75,89.25,8.75,89.25,2025-03-06,12,0.0,0.0,0.0,0.0,0.0,0.0001,0.0,0.05,0.05,0.0,0.1042,0.0,0
23.309295,92.860017,23.25,92.75,2025-05-31,12,0.9731,58.45155715942383,51.10498046875,134.1341552734375,75.67455291748047,2.8990969572407543,39.28953497750419,0.4244,0.3528,0.7042,0.735,0.1167,1
22.491822,92.970252,22.5,93.0,2025-05-31,12,0.575,54.579010009765625,73.99465942382812,179.4389190673828,101.87033081054688,2.0492168265054005,28.944878714425222,0.4163,0.412,0.8418,0.8583,0.5275,1
25.583159683510157,82.37281648244618,25.5,82.25,2025-08-24,12,0.0378,15.06926155090332,3.413851737976074,4.083364009857178,3.2512636184692383,9.517465163330185,14.485923835209437,0.2262,0.0704,0.0474,0.1466,0.0,0
22.509465504364684,78.08319942227192,22.5,78.0,2025-08-18,12,0.032,4.052891254425049,44.74293899536133,72.08047485351562,41.35009765625,0.35876034929643663,-6.244319438934326,0.1891,0.2977,0.576,0.6202,0.0,0
31.0,75.0,31.0,75.0,2025-12-07,12,0.0004,0.0,0.0,0.0,0.0,0.0001,0.0,0.05,0.05,0.0,0.1042,0.0,0
12.0,93.5,12.0,93.5,2025-11-17,12,0.0,0.0,0.0,0.0,0.0,0.0001,0.0,0.05,0.05,0.0,0.1042,0.0,0
13.04149583,75.56029417,13.0,75.5,2025-06-16,12,0.6895,93.1717529296875,87.5013656616211,90.23773956298828,64.726806640625,6.707302878892316,80.28064727783203,0.4635,0.3045,0.5919,0.6344,0.0,1
37.0,84.75,37.0,84.75,2025-09-07,12,0.0,0.0,0.0,0.0,0.0,0.0001,0.0,0.05,0.05,0.0,0.1042,0.0,0
23.206029,92.740123,23.25,92.75,2025-02-21,12,0.8145,0.0,0.0,0.0,0.0,0.0001,0.0,0.05,0.05,0.0,0.1042,0.0,0
27.0,67.0,27.0,67.0,2025-06-14,12,0.0,0.0,0.0,0.0,0.0,0.0001,0.0,0.05,0.05,0.0,0.1042,0.0,0
31.49135,76.400659,31.5,76.5,2025-08-03,12,0.8584,43.54221725463867,30.527734756469727,90.60224914550781,56.26910400390625,3.122840133817747,30.599038805280415,0.3863,0.2969,0.5742,0.6186,0.0,1
23.190022,92.554302,23.25,92.5,2025-06-01,12,0.8952,89.12710571289062,83.58097076416016,163.79278564453125,103.04899597167969,3.652908626297186,65.72813633510044,0.461,0.3865,0.7825,0.8052,0.3506,1
26.164970692765003,80.97570716440815,26.25,81.0,2025-08-17,12,0.0241,0.0,1.3115540742874146,32.9407958984375,14.303585052490234,1.7525940188572567e-05,-4.705827985491071,0.1081,0.1897,0.3249,0.3952,0.0,0
25.06722736283995,81.53802830643976,25.0,81.5,2025-08-02,12,0.0249,0.27642008662223816,4.469215393066406,34.03729248046875,15.195333480834961,0.04716784391360405,-4.586050267730441,0.1113,0.1935,0.3336,0.403,0.0,0
20.75,77.5,20.75,77.5,2025-12-26,12,0.0,0.0,0.0,0.0,0.0,0.0001,0.0,0.05,0.05,0.0,0.1042,0.0,0
24.732885710161476,82.32816002209469,24.75,82.25,2025-08-03,12,0.0415,0.23989444971084595,0.6226139068603516,40.49816131591797,14.980164527893066,0.03536897221772918,-5.545557166848864,0.1106,0.2142,0.3818,0.4462,0.0,0
25.96001563065098,81.2431366387558,26.0,81.25,2025-08-23,12,0.0376,0.32584795355796814,0.0,1.8835598230361938,0.603826105594635,0.2568379929168943,0.05676797883851187,0.0549,0.0595,0.0221,0.124,0.0,0
35.5,92.75,35.5,92.75,2025-03-21,12,0.0,0.0,0.0,0.0,0.0,0.0001,0.0,0.05,0.05,0.0,0.1042,0.0,0
23.130578,92.743046,23.25,92.75,2025-03-19,12,0.8145,0.0,0.0,0.0,0.0,0.0001,0.0,0.05,0.05,0.0,0.1042,0.0,0
26.4527822,94.375268,26.5,94.5,2025-01-06,12,0.476,0.0,0.0,0.0,0.0,0.0001,0.0,0.05,0.05,0.0,0.1042,0.0,0
25.694333385665164,78.32443446047186,25.75,78.25,2025-08-11,12,0.0892,0.0,4.7426371574401855,9.795132637023926,5.3129987716674805,4.1678741997957756e-05,-1.3993046624319894,0.0731,0.0967,0.1086,0.2014,0.0,0
21.25,96.25,21.25,96.25,2025-07-10,12,0.0,0.0,0.0,0.0,0.0,0.0001,0.0,0.05,0.05,0.0,0.1042,0.0,0
22.304561134357634,82.2883901529739,22.25,82.25,2025-08-24,12,0.044,25.73362922668457,35.53407287597656,47.793968200683594,30.704864501953125,3.2875170479904146,18.90591948372977,0.3053,0.2361,0.4329,0.492,0.0,0
18.26927,73.60043,18.25,73.5,2025-12-19,12,0.4745,0.0,0.0,0.0,0.0,0.0001,0.0,0.05,0.05,0.0,0.1042,0.0,0
30.12292,78.381461,30.0,78.5,2025-07-14,12,0.8503,10.109382629394531,44.08074188232422,84.76817321777344,44.83921432495117,0.7711429346841989,-2.00035640171596,0.1974,0.287,0.5511,0.5979,0.0,1
25.977309606107337,78.49624627743526,26.0,78.5,2025-07-10,12,0.053,0.0,19.33435821533203,69.8458480834961,34.46982192993164,9.10914535342784e-06,-9.977978297642299,0.1715,0.2919,0.5627,0.6082,0.0,0
24.5,93.0,24.5,93.0,2025-03-26,12,0.2282,0.0,3.3768699169158936,9.765022277832031,4.583016872406006,4.17535979612501e-05,-1.395003182547433,0.07,0.095,0.1046,0.1979,0.0,0
26.931814508484408,83.22023417664349,27.0,83.25,2025-07-20,12,0.0949,0.0,7.593619346618652,33.66164779663086,19.500396728515625,1.7215239370058206e-05,-4.808806828090122,0.1263,0.1901,0.3259,0.3961,0.0,0
12.758327,75.323195,12.75,75.25,2025-05-30,12,0.5411,105.88834381103516,344.00714111328125,518.1517333984375,323.85882568359375,1.4114379893227473,31.866667611258364,0.4694,0.478,0.9954,0.9959,0.9862,1
24.05258320181275,86.66128752292316,24.0,86.75,2025-07-03,12,0.1434,5.248442649841309,44.52923583984375,105.73593139648438,58.30522918701172,0.32589253571408267,-9.856690406799316,0.2255,0.3535,0.7058,0.7364,0.1214,0
32.86027778,76.815,32.75,76.75,2025-01-01,12,0.6356,0.0,0.0,0.0,0.0,0.0001,0.0,0.05,0.05,0.0,0.1042,0.0,1
23.336229,92.787113,23.25,92.75,2025-03-09,12,0.8145,0.0,0.0,0.0,0.0,0.0001,0.0,0.05,0.05,0.0,0.1042,0.0,0
24.288014,92.946017,24.25,93.0,2025-11-27,12,0.5878,0.0,0.0,0.0,0.0,0.0001,0.0,0.05,0.05,0.0,0.1042,0.0,0
23.301901,92.649401,23.25,92.75,2025-06-01,12,0.991,99.3125228881836,87.32789611816406,173.41844177246094,108.7843017578125,3.853200112957625,74.53845977783203,0.4667,0.3901,0.791,0.8128,0.3759,1
7.5,77.5,7.5,77.5,2025-07-15,12,0.0,0.0,0.0,0.0,0.0,0.0001,0.0,0.05,0.05,0.0,0.1042,0.0,0
19.430999,73.784079,19.5,73.75,2025-01-01,12,0.612,0.0,0.0,0.0,0.0,0.0001,0.0,0.05,0.05,0.0,0.1042,0.0,1
34.25,82.5,34.25,82.5,2025-11-16,12,0.0,0.0,0.0,0.0,0.0,0.0001,0.0,0.05,0.05,0.0,0.1042,0.0,0
22.752477490362928,83.03570074403555,22.75,83.0,2025-07-03,12,0.0774,14.483842849731445,16.18246078491211,61.9036979675293,31.476999282836914,1.471439167109707,5.640457425798688,0.221,0.2725,0.5174,0.5676,0.0,0
8.75,73.75,8.75,73.75,2025-09-20,12,0.0,0.0,0.0,0.0,0.0,0.0001,0.0,0.05,0.05,0.0,0.1042,0.0,0
35.0,80.5,35.0,80.5,2025-10-04,12,0.0,0.0,0.0,0.0,0.0,0.0001,0.0,0.05,0.05,0.0,0.1042,0.0,0
32.5,70.75,32.5,70.75,2025-01-08,12,0.0,0.0,0.0,0.0,0.0,0.0001,0.0,0.05,0.05,0.0,0.1042,0.0,0
30.8993927,78.3265429,31.0,78.25,2025-06-29,12,0.7895,21.180837631225586,40.735328674316406,46.57518005371094,33.622249603271484,2.7674487191631805,14.527240480695452,0.2751,0.2054,0.3615,0.428,0.0,1
21.5,75.75,21.5,75.75,2025-02-01,12,0.0,0.0,0.0,0.0,0.0,0.0001,0.0,0.05,0.05,0.0,0.1042,0.0,0
11.72522222,75.81052778,11.75,75.75,2025-02-05,12,0.5092,0.0,0.0,0.0,0.0,0.0001,0.0,0.05,0.05,0.0,0.1042,0.0,0
30.8941298,78.3209811,31.0,78.25,2025-12-23,12,0.6435,0.0,0.0,0.0,0.0,0.0001,0.0,0.05,0.05,0.0,0.1042,0.0,0
23.46362218919886,79.74356707650871,23.5,79.75,2025-07-22,12,0.1442,0.0,3.2211618423461914,31.333194732666016,16.563661575317383,1.826093559072675e-05,-4.476170676095145,0.1162,0.1807,0.304,0.3765,0.0,0
23.014266193639326,87.98318756570957,23.0,88.0,2025-07-09,12,0.0569,9.797666549682617,37.4841423034668,69.30316162109375,38.54745864868164,0.8988404201172498,-0.10278511047363281,0.1822,0.2906,0.5595,0.6054,0.0,0
23.194007,92.734654,23.25,92.75,2025-05-30,12,0.929,25.781877517700195,70.82451629638672,121.74378967285156,67.5400161743164,1.4018062003806169,8.389907564435685,0.3056,0.3399,0.6742,0.7082,0.0273,1
12.0,88.5,12.0,88.5,2025-11-18,12,0.0,0.0,0.0,0.0,0.0,0.0001,0.0,0.05,0.05,0.0,0.1042,0.0,0
22.599700919287677,85.25893660583635,22.5,85.25,2025-07-20,12,0.0894,0.23116609454154968,26.117584228515625,132.3714141845703,62.827247619628906,0.01161545695193262,-18.679035931825638,0.2337,0.389,0.7884,0.8104,0.3681,0
23.206413,92.632701,23.25,92.75,2025-11-15,12,0.8145,0.0,0.0,3.7487552165985107,1.2017650604248047,6.512382000466822e-05,-0.5355364595140729,0.0554,0.0651,0.0352,0.1357,0.0,0
11.51527778,76.89536111,11.5,77.0,2025-02-15,12,0.517,0.0,0.0,0.0,0.0,0.0001,0.0,0.05,0.05,0.0,0.1042,0.0,0
23.015005,92.765065,23.0,92.75,2025-02-15,12,0.6896,0.0,0.0,0.0,0.0,0.0001,0.0,0.05,0.05,0.0,0.1042,0.0,0
11.72976111,75.81385278,11.75,75.75,2025-01-18,12,0.5092,0.0,0.13377074897289276,0.13377074897289276,0.08215196430683136,9.812482411223892e-05,-0.019110106996127536,0.0504,0.0506,0.0014,0.1054,0.0,0
24.485446546753984,85.5280899451101,24.5,85.5,2025-08-10,12,0.1343,2.7828528881073,46.24336624145508,105.29891967773438,60.43255615234375,0.17347157276895472,-12.259849922997612,0.2294,0.3532,0.7051,0.7358,0.1194,0
23.4807,92.7025,23.5,92.75,2025-09-13,12,0.996,16.969581604003906,6.982636451721191,55.62935256958008,25.03114128112793,1.8966788950285935,9.022531236921038,0.2426,0.2195,0.3943,0.4574,0.0,1
22.744998680746217,84.95415648328053,22.75,85.0,2025-08-26,12,0.112,8.497005462646484,110.63655090332031,134.86004638671875,93.5547103881836,0.41928463830034396,-10.768715449741908,0.277,0.3908,0.7926,0.8142,0.3806,0
19.75,72.75,19.75,72.75,2025-05-04,12,0.0004,0.0,0.0,0.0,0.0,0.0001,0.0,0.05,0.05,0.0,0.1042,0.0,0
21.0,73.0,21.0,73.0,2025-08-07,12,0.0,0.376989483833313,1.8081274032592773,26.463407516479492,10.232708930969238,0.0788809802329088,-3.4034973042351857,0.0928,0.167,0.2721,0.3479,0.0,0
34.0,66.75,34.0,66.75,2025-04-10,12,0.0,0.0,0.0,0.0,0.0,0.0001,0.0,0.05,0.05,0.0,0.1042,0.0,0
23.413336802705796,82.60868735269652,23.5,82.5,2025-08-07,12,0.1193,0.0,10.854411125183105,75.63496398925781,40.45188522338867,8.470990561464962e-06,-10.804994855608259,0.1869,0.3017,0.5854,0.6286,0.0,0
32.4154,75.96971389,32.5,76.0,2025-07-10,12,0.8009,0.6997389197349548,12.621177673339844,25.249427795410156,13.488239288330078,0.15190571656722254,-2.9073221938950673,0.1051,0.1425,0.2152,0.297,0.0,1
33.22051667,75.26956389,33.25,75.25,2025-04-20,12,0.842,14.507017135620117,16.975112915039062,36.83643341064453,18.63160514831543,2.316562093408861,9.24466950552804,0.2212,0.1767,0.2946,0.3681,0.0,1
23.18351,92.735641,23.25,92.75,2025-06-01,12,0.9424,99.3125228881836,87.32789611816406,173.41844177246094,108.7843017578125,3.853200112957625,74.53845977783203,0.4667,0.3924,0.7962,0.8175,0.3915,1
24.75,74.75,24.75,74.75,2025-04-06,12,0.0,0.0,0.0,0.0,0.0,0.0001,0.0,0.05,0.05,0.0,0.1042,0.0,0
25.130870368969475,85.03913426128108,25.25,85.0,2025-08-06,12,0.1458,12.630895614624023,95.58992004394531,151.54884338378906,89.63313293457031,0.5576639186723227,-9.018939154488699,0.2725,0.4054,0.8266,0.8447,0.4823,0
37.0,85.75,37.0,85.75,2025-07-21,12,0.0,0.0,0.0,0.0,0.0,0.0001,0.0,0.05,0.05,0.0,0.1042,0.0,0
11.04488889,76.53952778,11.0,76.5,2025-03-20,12,0.6155,0.0,12.967700004577637,58.319175720214844,24.88045310974121,1.0716607983516937e-05,-8.331310817173549,0.1438,0.2422,0.4469,0.5045,0.0,0
23.299312,92.692614,23.25,92.75,2025-06-01,12,0.8927,99.3125228881836,87.32789611816406,173.41844177246094,108.7843017578125,3.853200112957625,74.53845977783203,0.4667,0.3946,0.8014,0.8221,0.407,1
23.18077,92.735789,23.25,92.75,2025-05-31,12,0.9837,58.45155715942383,51.10498046875,134.1341552734375,75.67455291748047,2.8990969572407543,39.28953497750419,0.4244,0.3523,0.7029,0.7339,0.1129,1
23.061745,92.770105,23.0,92.75,2025-05-30,12,0.8647,30.283790588378906,105.716796875,159.10182189941406,89.76313018798828,1.2762486991083397,7.554958888462611,0.331,0.3837,0.7761,0.7994,0.3314,1
23.62922045412464,83.74228614327663,23.75,83.75,2025-07-10,12,0.0723,0.0,73.8904800415039,96.5534439086914,61.46150207519531,6.7597944943021635e-06,-13.793349129813057,0.2313,0.3422,0.6794,0.7128,0.0428,0
11.5,82.25,11.5,82.25,2025-08-26,12,0.0,0.0,0.0,0.0,0.0,0.0001,0.0,0.05,0.05,0.0,0.1042,0.0,0
22.788323,92.833817,22.75,92.75,2025-05-31,12,0.725,55.93308639526367,77.14723205566406,181.53414916992188,103.7266616821289,2.076718231103936,29.999636513846262,0.4193,0.4077,0.832,0.8495,0.4982,1
26.759058927116193,84.39119937815501,26.75,84.5,2025-07-07,12,0.0791,0.0,13.100841522216797,32.745445251464844,17.881162643432617,1.7612080971069286e-05,-4.677920750209263,0.1208,0.1875,0.3197,0.3905,0.0,0
12.5,90.0,12.5,90.0,2025-10-07,12,0.0,0.0,0.0,0.0,0.0,0.0001,0.0,0.05,0.05,0.0,0.1042,0.0,0
24.39812548372229,87.72844158660023,24.5,87.75,2025-08-18,12,0.0331,0.35316941142082214,2.501099109649658,20.802040100097656,8.691720962524414,0.08894620218669021,-2.6185506028788432,0.0868,0.1443,0.2193,0.3006,0.0,0
33.010825,75.22598056,33.0,75.25,2025-08-27,12,0.8526,51.19755935668945,50.892478942871094,65.57079315185547,44.84358215332031,4.938400146005062,41.83030319213867,0.4083,0.2485,0.4616,0.5177,0.0,1
33.11659722,74.80328056,33.0,74.75,2025-01-02,12,0.4731,0.0,0.0,0.0,0.0,0.0001,0.0,0.05,0.05,0.0,0.1042,0.0,0
26.219397056154644,85.42292231486947,26.25,85.5,2025-07-06,12,0.1153,0.8717244863510132,0.0,0.12107285112142563,0.05372066795825958,0.8570016810733834,0.854428364762238,0.0629,0.0506,0.0014,0.1054,0.0,0
25.966306752191272,81.16761677067527,26.0,81.25,2025-07-13,12,0.1378,2.750121831893921,7.963069438934326,9.57810115814209,5.746705055236816,1.161264045840517,1.381821666445051,0.0895,0.0952,0.105,0.1983,0.0,0
9.848931,77.22507,9.75,77.25,2025-01-01,12,0.9386,0.0,0.0,0.0,0.0,0.0001,0.0,0.05,0.05,0.0,0.1042,0.0,1
25.390301883938378,80.9608208913545,25.5,81.0,2025-07-17,12,0.1129,0.6522954106330872,5.183738708496094,21.24173927307129,10.374818801879883,0.16170278431775117,-2.3822387712342397,0.0934,0.1443,0.2194,0.3007,0.0,0
27.07283333,88.09147222,27.0,88.0,2025-09-25,12,0.8291,0.0,24.002561569213867,99.88955688476562,49.256446838378906,6.548815622415281e-06,-14.269936697823661,0.2072,0.3137,0.6133,0.6536,0.0,1
33.75,89.5,33.75,89.5,2025-04-05,12,0.0,0.0,0.0,0.0,0.0,0.0001,0.0,0.05,0.05,0.0,0.1042,0.0,0
12.407845,75.741754,12.5,75.75,2025-08-05,12,0.5892,1.9854861497879028,6.385286331176758,51.799564361572266,23.064245223999023,0.23638105485010888,-5.414451616150992,0.138,0.2269,0.4114,0.4727,0.0,1
22.626150128143735,81.82053882511057,22.75,81.75,2025-08-24,12,0.1312,19.57282066345215,26.343677520751953,63.92509078979492,34.83814239501953,1.9317626966489385,10.440664836338588,0.2633,0.2752,0.5238,0.5734,0.0,0
32.67509167,75.15949167,32.75,75.25,2025-01-24,12,0.5618,0.0,0.30257460474967957,7.330703258514404,2.907843589782715,4.8846172261930265e-05,-1.047243322644915,0.0628,0.0813,0.0728,0.1694,0.0,0
23.131999,92.744413,23.25,92.75,2025-09-13,12,1.0,22.96000862121582,22.547996520996094,73.77017974853516,37.22731018066406,1.9898527011935436,12.421411514282227,0.2875,0.2586,0.4852,0.5388,0.0,1
34.25,95.0,34.25,95.0,2025-05-13,12,0.0,0.0,0.0,0.0,0.0,0.0001,0.0,0.05,0.05,0.0,0.1042,0.0,0
24.997305698293584,87.02403276110675,25.0,87.0,2025-08-06,12,0.0481,6.8206963539123535,66.97698974609375,113.9765625,62.496856689453125,0.39466797114016583,-9.46166971751622,0.2331,0.3687,0.7411,0.7681,0.2269,0
7.5,67.5,7.5,67.5,2025-01-22,12,0.0,0.0,0.0,0.0,0.0,0.0001,0.0,0.05,0.05,0.0,0.1042,0.0,0
7.75,72.25,7.75,72.25,2025-07-13,12,0.0,0.0,0.0,0.0,0.0,0.0001,0.0,0.05,0.05,0.0,0.1042,0.0,0
23.112605220887232,87.99673205242092,23.0,88.0,2025-08-25,12,0.0443,5.641425609588623,64.64813232421875,77.8864517211914,55.64630889892578,0.4652176933585002,-5.485210350581578,0.2204,0.3094,0.6032,0.6445,0.0,0
22.7981637838672,86.96281552163788,22.75,87.0,2025-07-09,12,0.0792,33.99244689941406,37.507362365722656,66.13072204589844,42.27926254272461,3.253732790256839,24.545200892857142,0.3492,0.2825,0.5406,0.5885,0.0,0
27.05923312,88.25131257,27.0,88.25,2025-11-03,12,1.0,23.28392219543457,150.73097229003906,150.73097229003906,118.31715393066406,1.0333300619509014,1.7509261540004175,0.3,0.3693,0.7425,0.7693,0.231,0
10.0,97.0,10.0,97.0,2025-09-11,12,0.0,0.0,0.0,0.0,0.0,0.0001,0.0,0.05,0.05,0.0,0.1042,0.0,0
11.48583333,76.68605556,11.5,76.75,2025-01-05,12,0.6111,0.0,0.0,0.0,0.0,0.0001,0.0,0.05,0.05,0.0,0.1042,0.0,0
22.5,84.0,22.5,84.0,2025-04-07,12,0.0,0.0,5.203959941864014,5.203959941864014,3.7598612308502197,5.7358431470980644e-05,-0.7434228488377163,0.0665,0.076,0.0605,0.1584,0.0,0
25.31398137104861,86.70633881483491,25.25,86.75,2025-07-05,12,0.1146,1.7158430814743042,36.82034683227539,45.7502555847168,28.88824462890625,0.22770698335346495,-4.819907716342381,0.1558,0.2277,0.4133,0.4744,0.0,0
23.015005,92.765065,23.0,92.75,2025-05-30,12,0.7758,30.283790588378906,105.716796875,159.10182189941406,89.76313018798828,1.2762486991083397,7.554958888462611,0.331,0.3877,0.7854,0.8077,0.3591,1
23.241722,93.098254,23.25,93.0,2025-03-08,12,0.7561,0.0,0.0,0.0,0.0,0.0001,0.0,0.05,0.05,0.0,0.1042,0.0,0
23.08373,92.757679,23.0,92.75,2025-03-07,12,0.6896,0.0,0.0,0.0,0.0,0.0001,0.0,0.05,0.05,0.0,0.1042,0.0,0
23.160443,92.743261,23.25,92.75,2025-06-01,12,0.8748,99.3125228881836,87.32789611816406,173.41844177246094,108.7843017578125,3.853200112957625,74.53845977783203,0.4667,0.3954,0.8033,0.8238,0.4125,1
11.25669444,76.62744444,11.25,76.75,2025-11-17,12,0.6801,0.0,13.625910758972168,16.649227142333984,12.93504810333252,2.9599275941958576e-05,-2.378461020333426,0.1031,0.1157,0.1528,0.2411,0.0,0
11.4146,76.8133,11.5,76.75,2025-02-03,12,0.6111,0.0,0.0,0.0,0.0,0.0001,0.0,0.05,0.05,0.0,0.1042,0.0,0
26.27067998825252,78.49496853493666,26.25,78.5,2025-08-11,12,0.1297,0.0,1.5229610204696655,5.316861152648926,2.885389566421509,5.6832661448769726e-05,-0.7595515932355609,0.0627,0.0757,0.0599,0.1578,0.0,0
23.29292110776387,85.2420491280837,23.25,85.25,2025-08-19,12,0.0506,5.997981548309326,15.38093376159668,40.08340072631836,19.7546329498291,0.8917489006841409,0.27178144454956055,0.1314,0.2126,0.3781,0.4428,0.0,0
25.998813713976197,81.45461151468268,26.0,81.5,2025-08-07,12,0.076,16.17375373840332,177.26568603515625,210.73001098632812,141.51010131835938,0.5199879229140004,-13.93053354535784,0.315,0.444,0.9163,0.925,0.7501,0
25.25,88.0,25.25,88.0,2025-09-27,12,0.0,0.0,6.115697383880615,21.058813095092773,9.978690147399902,2.4947598375870843e-05,-3.008401870727539,0.0918,0.146,0.2233,0.3042,0.0,0
22.25032263546647,86.736338226347,22.25,86.75,2025-08-15,12,0.0521,4.8131422996521,26.41640853881836,68.77474975585938,37.29528045654297,0.4446427894004278,-5.011821951184954,0.179,0.2896,0.5572,0.6033,0.0,0
30.8984873,78.2980529,31.0,78.25,2025-06-29,12,0.8325,21.180837631225586,40.735328674316406,46.57518005371094,33.622249603271484,2.7674487191631805,14.527240480695452,0.2751,0.2038,0.3576,0.4245,0.0,1
22.40799360002419,80.58591591134784,22.5,80.5,2025-08-07,12,0.1021,0.0,14.184881210327148,22.063432693481445,15.198720932006836,2.4085248545227802e-05,-3.151918956211635,0.1114,0.1478,0.2274,0.3079,0.0,0
25.334847647741032,82.47061555540823,25.25,82.5,2025-07-27,12,0.131,12.064265251159668,0.6198505163192749,6.359981060028076,3.353170871734619,6.321158419212624,11.155696528298515,0.1981,0.0806,0.0712,0.1679,0.0,0
32.5,71.0,32.5,71.0,2025-02-19,12,0.0,0.0,0.0,0.0,0.0,0.0001,0.0,0.05,0.05,0.0,0.1042,0.0,0
31.474296,76.416896,31.5,76.5,2025-06-08,12,0.671,0.0,23.345157623291016,32.7523193359375,19.64371681213379,1.7609035439780624e-05,-4.678902762276786,0.1268,0.17,0.279,0.3541,0.0,1
26.166185,91.7147,26.25,91.75,2025-01-21,12,0.4187,0.0,0.0,0.0,0.0,0.0001,0.0,0.05,0.05,0.0,0.1042,0.0,0
23.70523936415312,86.03304573518034,23.75,86.0,2025-07-13,12,0.0874,1.5433791875839233,108.52906799316406,223.38133239746094,128.25682067871094,0.046897698700897605,-30.368239726339066,0.307,0.4488,0.9273,0.9349,0.783,0
24.0,75.75,24.0,75.75,2025-11-09,12,0.0,0.0,0.0,0.6509947180747986,0.33982333540916443,9.149137148746318e-05,-0.09299924543925694,0.0515,0.0533,0.0078,0.1111,0.0,0
31.3704259,76.7702055,31.25,76.75,2025-02-06,12,0.7752,7.210565567016602,0.0,0.0,0.0,7.210665567016601,7.210565567016602,0.1459,0.05,0.0,0.1042,0.0,0
23.972755646406867,85.92692572849379,24.0,86.0,2025-08-01,12,0.104,24.77061653137207,103.01522064208984,161.4916229248047,97.93711853027344,1.0291017007830003,1.7003846849714002,0.2993,0.4149,0.8486,0.8643,0.5478,0
25.28247222,91.36413333,25.25,91.25,2025-05-30,12,0.5508,24.23678970336914,87.40675354003906,116.79680633544922,67.93096160888672,1.370457227013314,7.551531655447825,0.2959,0.3516,0.7014,0.7325,0.1083,1
21.25,76.0,21.25,76.0,2025-11-04,12,0.0,0.7259175181388855,28.573387145996094,31.222190856933594,18.572608947753906,0.13296261969897755,-3.7343954614230563,0.1232,0.1844,0.3125,0.3841,0.0,0
33.733629,74.205005,33.75,74.25,2025-07-20,12,0.4451,0.0,36.6805419921875,52.15821838378906,34.642723083496094,1.1832675478134731e-05,-7.451174054827009,0.172,0.2335,0.4266,0.4864,0.0,1
23.111824,92.745097,23.0,92.75,2025-01-07,12,0.6896,0.0,0.0,0.0,0.0,0.0001,0.0,0.05,0.05,0.0,0.1042,0.0,0
23.06533,92.768329,23.0,92.75,2025-06-03,12,0.8977,72.35706329345703,265.8912048339844,401.89178466796875,243.762451171875,1.2387144032876356,14.943951198032927,0.4458,0.4698,0.9763,0.9787,0.9291,1
27.296928,93.088111,27.25,93.0,2025-02-13,12,0.4062,11.131817817687988,29.131704330444336,33.29501724243164,26.521808624267578,1.9338228410474694,6.375386783054897,0.1888,0.1797,0.3016,0.3744,0.0,0
30.19158,79.977955,30.25,80.0,2025-08-09,12,0.6523,8.69173526763916,87.92210388183594,222.93397521972656,126.76083374023438,0.26461007693766114,-23.155975478036062,0.306,0.4342,0.8934,0.9045,0.6818,1
23.116585,92.745325,23.0,92.75,2025-06-01,12,0.7463,171.4090118408203,91.12442016601562,194.12319946289062,119.84480285644531,5.96581491389376,143.67712620326452,0.4789,0.4154,0.8497,0.8653,0.5511,1
24.403930840898635,87.92015969396836,24.5,88.0,2025-08-08,12,0.1294,15.492964744567871,39.69050979614258,94.41138458251953,51.76993942260742,1.0694208905483091,2.0056240899222235,0.23,0.3363,0.6659,0.7007,0.0023,0
25.0,90.75,25.0,90.75,2025-09-15,12,0.0142,0.0,0.0,0.0,0.0,0.0001,0.0,0.05,0.05,0.0,0.1042,0.0,0
31.270428,76.768161,31.25,76.75,2025-08-01,12,0.8812,1.9508756399154663,22.632991790771484,34.65478515625,21.843013763427734,0.327857398091973,-2.9998079538345337,0.1341,0.1691,0.2769,0.3522,0.0,1
22.660716890849304,83.95479006665673,22.75,84.0,2025-08-04,12,0.0749,0.0,3.4028429985046387,34.79924774169922,13.565703392028809,1.6746712867314958e-05,-4.971321105957031,0.1054,0.1946,0.3362,0.4053,0.0,0
23.319156,92.857722,23.25,92.75,2025-01-13,12,0.8145,0.0,0.0,0.0,0.0,0.0001,0.0,0.05,0.05,0.0,0.1042,0.0,0
22.9058592542501,85.90691101900168,23.0,86.0,2025-08-02,12,0.0767,4.800776481628418,39.761695861816406,86.83013916015625,46.135684967041016,0.3581592830640214,-7.6035291126796185,0.2003,0.3253,0.6401,0.6776,0.0,0
27.25,86.75,27.25,86.75,2025-02-02,12,0.0,0.0,0.0,0.0,0.0,0.0001,0.0,0.05,0.05,0.0,0.1042,0.0,0
23.195616,92.546251,23.25,92.5,2025-03-02,12,0.6729,0.0,0.0,0.0,0.0,0.0001,0.0,0.05,0.05,0.0,0.1042,0.0,0
14.25,68.5,14.25,68.5,2025-01-11,12,0.0,0.0,0.0,0.0,0.0,0.0001,0.0,0.05,0.05,0.0,0.1042,0.0,0
10.5,94.75,10.5,94.75,2025-05-25,12,0.0,0.0,0.0,0.0,0.0,0.0001,0.0,0.05,0.05,0.0,0.1042,0.0,0
23.238785,92.744224,23.25,92.75,2025-05-31,12,0.9711,58.45155715942383,51.10498046875,134.1341552734375,75.67455291748047,2.8990969572407543,39.28953497750419,0.4244,0.3529,0.7044,0.7352,0.1174,1
32.25,89.5,32.25,89.5,2025-02-20,12,0.0,0.0,0.0,0.0,0.0,0.0001,0.0,0.05,0.05,0.0,0.1042,0.0,0
32.97508056,75.17986944,33.0,75.25,2025-08-27,12,0.8835,51.19755935668945,50.892478942871094,65.57079315185547,44.84358215332031,4.938400146005062,41.83030319213867,0.4083,0.2471,0.4583,0.5147,0.0,1
23.567386799232253,84.20556847023458,23.5,84.25,2025-08-04,12,0.1109,3.776782989501953,28.406282424926758,46.44709396362305,25.53140640258789,0.49466077509299056,-2.8585161481584818,0.1458,0.2299,0.4184,0.479,0.0,0
6.75,90.5,6.75,90.5,2025-07-22,12,0.0,0.0,0.0,0.0,0.0,0.0001,0.0,0.05,0.05,0.0,0.1042,0.0,0
23.301381,92.853078,23.25,92.75,2025-05-31,12,1.0,58.45155715942383,51.10498046875,134.1341552734375,75.67455291748047,2.8990969572407543,39.28953497750419,0.4244,0.3514,0.701,0.7321,0.1071,1
25.68822222,91.66746111,25.75,91.75,2025-03-21,12,0.4898,0.0,0.0,6.8325300216674805,2.190352439880371,5.060534832771081e-05,-0.9760757173810687,0.0597,0.0799,0.0694,0.1664,0.0,0
22.922528,92.752404,23.0,92.75,2025-03-26,12,0.6896,0.0,0.0,0.0,0.0,0.0001,0.0,0.05,0.05,0.0,0.1042,0.0,0
30.123441,78.422545,30.0,78.5,2025-01-22,12,0.659,0.0,0.0,2.211883068084717,1.0366027355194092,7.598880650419938e-05,-0.31598329544067383,0.0546,0.0594,0.0219,0.1238,0.0,0
24.82409581443198,81.39203431271918,24.75,81.5,2025-08-02,12,0.1038,1.7190818786621094,0.0,38.908294677734375,15.069681167602539,0.2621372289062921,-3.839245932442801,0.1109,0.2071,0.3654,0.4315,0.0,0
26.166185,91.7147,26.25,91.75,2025-06-04,12,0.5458,10.920807838439941,93.74752807617188,165.56654357910156,93.63835144042969,0.44299638437179384,-12.731555530003138,0.2771,0.4027,0.8202,0.8389,0.463,1
23.31228151492445,81.28592163028055,23.25,81.25,2025-08-08,12,0.1416,0.0,7.017313480377197,17.034263610839844,9.411445617675781,2.9125086224164097e-05,-2.433466230119978,0.0896,0.127,0.179,0.2645,0.0,0
13.25,67.5,13.25,67.5,2025-10-22,12,0.0,0.0,0.0,0.0,0.0,0.0001,0.0,0.05,0.05,0.0,0.1042,0.0,0
31.0,67.0,31.0,67.0,2025-05-21,12,0.0,0.0,0.0,0.0,0.0,0.0001,0.0,0.05,0.05,0.0,0.1042,0.0,0
24.67732474828477,78.85143636556082,24.75,78.75,2025-07-24,12,0.1168,24.67392349243164,0.0,117.86223602294922,52.33733367919922,1.3832698336050662,7.836461203438894,0.2987,0.3711,0.7467,0.7731,0.2435,0
24.59307515817667,85.6807398581062,24.5,85.75,2025-08-26,12,0.1179,7.8925580978393555,67.3215560913086,81.80320739746094,56.658302307128906,0.6221465226767829,-3.793614387512207,0.2223,0.3141,0.6143,0.6545,0.0,0
23.392287731867864,84.547090753563,23.5,84.5,2025-07-22,12,0.0282,0.10198511928319931,4.383617401123047,40.53142166137695,17.375436782836914,0.015034177603045712,-5.688217975199223,0.1191,0.2147,0.383,0.4473,0.0,0
16.5,68.0,16.5,68.0,2025-09-04,12,0.0,0.0,0.0,0.0,0.0,0.0001,0.0,0.05,0.05,0.0,0.1042,0.0,0
25.69523333,91.64426944,25.75,91.75,2025-01-10,12,0.4898,0.8902223110198975,0.0,0.0,0.0,0.8903223110198974,0.8902223110198975,0.0632,0.05,0.0,0.1042,0.0,0
32.5,92.25,32.5,92.25,2025-11-04,12,0.0,0.0,0.0,0.0,0.0,0.0001,0.0,0.05,0.05,0.0,0.1042,0.0,0
20.75,86.75,20.75,86.75,2025-04-15,12,0.0,0.0,22.223995208740234,22.223995208740234,17.64960289001465,2.395291933905895e-05,-3.1748564583914622,0.12,0.1507,0.2341,0.3139,0.0,0
9.902112,77.215001,10.0,77.25,2025-01-01,12,1.0,0.0,0.0,0.0,0.0,0.0001,0.0,0.05,0.05,0.0,0.1042,0.0,1
22.626782378961927,81.36964725717456,22.75,81.25,2025-07-22,12,0.0727,2.048271417617798,6.107367992401123,78.56512451171875,35.444358825683594,0.16757528263002544,-9.175317798342023,0.1741,0.3096,0.6037,0.645,0.0,0
26.585383897349068,83.83426215144091,26.5,83.75,2025-07-26,12,0.1264,0.0,0.22680358588695526,11.929850578308105,3.891014337539673,3.6978633143683475e-05,-1.7042643683297294,0.0671,0.1057,0.1295,0.2201,0.0,0
26.07743882790068,82.94754240435704,26.0,83.0,2025-07-10,12,0.1351,0.0,2.9045917987823486,15.989826202392578,6.211580276489258,3.0448251058424715e-05,-2.2842608860560825,0.0768,0.1228,0.1692,0.2558,0.0,0
16.75,73.5,16.75,73.5,2025-11-03,12,0.0762,36.50174331665039,108.99392700195312,118.1356201171875,91.26797485351562,2.0418878571686383,19.625226157052175,0.3602,0.373,0.7511,0.777,0.2567,0
18.25,82.25,18.25,82.25,2025-07-24,12,0.0012,27.599092483520508,15.580556869506836,33.082916259765625,18.596446990966797,4.819867549871064,22.872961589268275,0.3163,0.1909,0.3276,0.3976,0.0,0
20.5,92.0,20.5,92.0,2025-07-27,12,0.0,0.0,0.0,0.0,0.0,0.0001,0.0,0.05,0.05,0.0,0.1042,0.0,0
26.16297,91.7059,26.25,91.75,2025-12-08,12,0.4187,0.0,0.0,0.0,0.0,0.0001,0.0,0.05,0.05,0.0,0.1042,0.0,0
23.184091,92.738895,23.25,92.75,2025-01-18,12,0.8145,0.0,0.0,0.0,0.0,0.0001,0.0,0.05,0.05,0.0,0.1042,0.0,0
22.086440223816815,83.49684613656578,22.0,83.5,2025-08-15,12,0.0798,26.239421844482422,5.238432884216309,15.784635543823242,7.538989067077637,8.061425979717741,23.98447390965053,0.3084,0.1229,0.1694,0.2559,0.0,0
33.37896389,76.27893056,33.5,76.25,2025-08-14,12,0.6429,2.1280136108398438,6.35340690612793,12.45370864868164,7.3929548263549805,0.7657560594179275,0.3489123753138952,0.0816,0.1007,0.1179,0.2098,0.0,1
32.95504722,75.15861111,33.0,75.25,2025-09-02,12,0.7726,3.615609884262085,27.037044525146484,314.19915771484375,141.49722290039062,0.07879836724946969,-41.26998407500131,0.315,0.4595,0.9523,0.9572,0.8575,1
11.21705556,76.60447222,11.25,76.5,2025-12-04,12,0.6887,0.0,2.0141589641571045,2.0141589641571045,1.236945390701294,7.765560855798104e-05,-0.28773699487958637,0.0555,0.0585,0.0198,0.1219,0.0,0
13.75,94.75,13.75,94.75,2025-05-21,12,0.0,0.0,0.0,0.0,0.0,0.0001,0.0,0.05,0.05,0.0,0.1042,0.0,0
25.28090556,91.36584722,25.25,91.25,2025-05-30,12,0.6073,24.23678970336914,87.40675354003906,116.79680633544922,67.93096160888672,1.370457227013314,7.551531655447825,0.2959,0.349,0.6954,0.7271,0.0904,1
25.18020177565943,87.49495431739162,25.25,87.5,2025-08-24,12,0.0688,21.694961547851562,31.39179801940918,63.05304718017578,36.94723892211914,2.167863311418338,12.687383379255023,0.2788,0.2756,0.5246,0.5741,0.0,0
23.2028,92.7368,23.25,92.75,2025-03-15,12,0.8145,0.0,0.0,0.0,0.0,0.0001,0.0,0.05,0.05,0.0,0.1042,0.0,0
10.035583,77.141456,10.0,77.25,2025-01-01,12,1.0,0.0,0.0,0.0,0.0,0.0001,0.0,0.05,0.05,0.0,0.1042,0.0,1
33.37626944,74.39621944,33.5,74.5,2025-11-27,12,0.4169,0.0,0.0,0.0,0.0,0.0001,0.0,0.05,0.05,0.0,0.1042,0.0,0
33.276141,75.769053,33.25,75.75,2025-12-20,12,0.7404,0.0,0.0,0.0,0.0,0.0001,0.0,0.05,0.05,0.0,0.1042,0.0,0
11.5,75.5,11.5,75.5,2025-07-14,12,0.0991,11.564152717590332,66.93846130371094,210.80946350097656,107.16474151611328,0.3716540490113708,-18.55148492540632,0.2907,0.4435,0.9152,0.924,0.7467,0
30.11963889,78.36477778,30.0,78.25,2025-02-21,12,0.5394,0.0,0.0,0.0,0.0,0.0001,0.0,0.05,0.05,0.0,0.1042,0.0,0
12.438585,75.653973,12.5,75.75,2025-08-12,12,0.6374,5.731111526489258,0.3117891550064087,5.666495323181152,2.2427144050598145,3.167291319486247,4.921612194606236,0.1282,0.0739,0.0556,0.1539,0.0,1
22.806094059875612,84.56409603500657,22.75,84.5,2025-08-04,12,0.0931,0.4280802309513092,11.739836692810059,34.905487060546875,18.028108596801758,0.0715243235886649,-4.558417920555387,0.1213,0.1944,0.3358,0.405,0.0,0
23.056424,92.772983,23.0,92.75,2025-06-01,12,0.8627,171.4090118408203,91.12442016601562,194.12319946289062,119.84480285644531,5.96581491389376,143.67712620326452,0.4789,0.4108,0.8391,0.8559,0.5196,1
27.010117,88.200912,27.0,88.25,2025-02-09,12,1.0,0.0,0.0,0.281745046377182,0.1470726877450943,9.61308031991953e-05,-0.04024929233959743,0.0507,0.0511,0.0025,0.1064,0.0,0
26.90270152015677,87.65625722837592,27.0,87.75,2025-08-16,12,0.0436,0.0,0.0,0.0,0.0,0.0001,0.0,0.05,0.05,0.0,0.1042,0.0,0
30.4525,79.428611,30.5,79.5,2025-01-23,12,0.5441,0.0,0.0,1.5318818092346191,0.6797041296958923,8.20452059289363e-05,-0.21884025846208846,0.0531,0.0568,0.0158,0.1183,0.0,0
25.80530191983738,83.24585579073525,25.75,83.25,2025-07-18,12,0.0639,36.259849548339844,27.179492950439453,37.07837677001953,22.745792388916016,5.7583710072331336,30.962938581194194,0.3591,0.2025,0.3546,0.4218,0.0,0
23.502513,92.697754,23.5,92.75,2025-03-15,12,0.8923,0.0,0.0,0.0,0.0,0.0001,0.0,0.05,0.05,0.0,0.1042,0.0,0
33.04161389,74.59126944,33.0,74.5,2025-08-26,12,0.4833,20.253307342529297,150.2187957763672,181.2003936767578,140.3147430419922,0.7533132563006627,-5.632463182721818,0.3143,0.4164,0.8522,0.8676,0.5586,1
23.298137,92.857412,23.25,92.75,2025-01-02,12,0.8145,0.0,0.0,0.0,0.0,0.0001,0.0,0.05,0.05,0.0,0.1042,0.0,0
30.81025,77.45886111,30.75,77.5,2025-01-01,12,1.0,0.0,0.0,0.0,0.0,0.0001,0.0,0.05,0.05,0.0,0.1042,0.0,1
23.306338,92.666573,23.25,92.75,2025-06-01,12,0.937,99.3125228881836,87.32789611816406,173.41844177246094,108.7843017578125,3.853200112957625,74.53845977783203,0.4667,0.3926,0.7968,0.818,0.3932,1
24.249718371344297,84.92908911024767,24.25,85.0,2025-07-05,12,0.1494,11.06545639038086,30.74545669555664,100.95552062988281,53.186195373535156,0.7175074908695764,-3.3567608424595416,0.2155,0.346,0.6885,0.7209,0.0697,0
23.63783146961063,80.09892842304997,23.75,80.0,2025-08-07,12,0.0225,0.0,35.28190231323242,58.15098190307617,30.443058013916016,1.0744273985638101e-05,-8.307283129010882,0.1603,0.2652,0.5004,0.5524,0.0,0
26.184324,91.855395,26.25,91.75,2025-01-26,12,0.4187,0.0,0.0,0.0,0.0,0.0001,0.0,0.05,0.05,0.0,0.1042,0.0,0
23.181806,92.736868,23.25,92.75,2025-03-05,12,0.8145,0.0,0.0,0.0,0.0,0.0001,0.0,0.05,0.05,0.0,0.1042,0.0,0
26.25,74.0,26.25,74.0,2025-09-16,12,0.0,0.0,0.0,1.1262714862823486,0.3610568344593048,8.614036599461925e-05,-0.16089592661176408,0.0516,0.0558,0.0134,0.1162,0.0,0
7.75,97.5,7.75,97.5,2025-01-26,12,0.0,0.0,0.0,0.0,0.0,0.0001,0.0,0.05,0.05,0.0,0.1042,0.0,0
23.155456,92.744778,23.25,92.75,2025-03-12,12,0.8145,0.0,0.0,0.0,0.0,0.0001,0.0,0.05,0.05,0.0,0.1042,0.0,0
12.5,100.0,12.5,100.0,2025-10-17,12,0.0,0.0,0.0,0.0,0.0,0.0001,0.0,0.05,0.05,0.0,0.1042,0.0,0
11.0,72.0,11.0,72.0,2025-08-17,12,0.0,0.0,0.0,0.0,0.0,0.0001,0.0,0.05,0.05,0.0,0.1042,0.0,0
23.149588,92.749562,23.25,92.75,2025-08-01,12,0.9515,1.392492413520813,31.539926528930664,89.17615509033203,44.02175521850586,0.10135721151973572,-11.346958313669477,0.1955,0.2898,0.5576,0.6037,0.0,1
23.183268,92.736695,23.25,92.75,2025-11-23,12,0.8145,0.0,0.0,0.0,0.0,0.0001,0.0,0.05,0.05,0.0,0.1042,0.0,0
13.25,79.0,13.25,79.0,2025-11-26,12,0.0,0.0,10.833995819091797,21.079133987426758,10.807107925415039,2.492954377843153e-05,-3.0113048553466797,0.095,0.1461,0.2235,0.3044,0.0,0
26.97373525681232,83.71213324602496,27.0,83.75,2025-08-27,12,0.0845,4.6285319328308105,3.26401424407959,7.2990288734436035,4.11081600189209,2.265917763827324,3.585813522338867,0.1143,0.0853,0.0822,0.1778,0.0,0
18.0,67.75,18.0,67.75,2025-08-16,12,0.0,0.0,0.0,0.0,0.0,0.0001,0.0,0.05,0.05,0.0,0.1042,0.0,0
24.1056792812125,78.68502792571894,24.0,78.75,2025-07-22,12,0.0792,0.3213556706905365,21.840513229370117,31.525653839111328,18.301786422729492,0.05840756666274559,-4.182309163468225,0.1223,0.1832,0.3098,0.3817,0.0,0
23.0,81.75,23.0,81.75,2025-03-18,12,0.0,0.0,0.0,0.0,0.0,0.0001,0.0,0.05,0.05,0.0,0.1042,0.0,0
23.21035,92.539589,23.25,92.5,2025-06-01,12,0.9121,89.12710571289062,83.58097076416016,163.79278564453125,103.04899597167969,3.652908626297186,65.72813633510044,0.461,0.3857,0.7807,0.8035,0.3452,1
24.352076,92.225188,24.25,92.25,2025-07-01,12,0.4921,15.70492172241211,40.01176452636719,99.12039947509766,54.73629379272461,1.035947401259852,1.5448646545410156,0.2318,0.3285,0.6476,0.6843,0.0,1
30.287201,79.150027,30.25,79.25,2025-12-10,12,0.718,0.0,0.0,0.0,0.0,0.0001,0.0,0.05,0.05,0.0,0.1042,0.0,0
23.174558,92.612556,23.25,92.5,2025-06-01,12,0.8058,89.12710571289062,83.58097076416016,163.79278564453125,103.04899597167969,3.652908626297186,65.72813633510044,0.461,0.3905,0.7919,0.8135,0.3785,1
32.44311,75.532,32.5,75.5,2025-08-17,12,0.7105,24.13433074951172,71.98213958740234,295.2789001464844,170.02113342285156,0.5588911934134774,-18.04836927141462,0.3275,0.4567,0.9457,0.9514,0.838,1
23.692391,92.723348,23.75,92.75,2025-06-15,12,1.0,18.368852615356445,39.98729705810547,77.65853881835938,44.437156677246094,1.5188387385633708,7.274775641305107,0.2539,0.2662,0.5029,0.5547,0.0,1
24.352689673951375,87.48977344119596,24.25,87.5,2025-08-10,12,0.0633,6.877448558807373,40.83160400390625,132.94337463378906,64.69638061523438,0.34401657125701196,-12.114462103162492,0.2369,0.3905,0.792,0.8136,0.3788,0
23.68618875417921,85.1793702362257,23.75,85.25,2025-07-10,12,0.0404,2.8545563220977783,48.1082878112793,56.46488952636719,37.79425048828125,0.31486061669393534,-5.211856467383248,0.1803,0.2601,0.4887,0.5419,0.0,0
25.84697888420401,79.56709295762919,25.75,79.5,2025-07-24,12,0.0275,0.0,0.0,122.43110656738281,53.51560974121094,5.4082825880467515e-06,-17.490158081054688,0.2161,0.38,0.7675,0.7918,0.3059,0
10.25,69.75,10.25,69.75,2025-09-09,12,0.0,0.0,0.0,0.0,0.0,0.0001,0.0,0.05,0.05,0.0,0.1042,0.0,0
27.309745,93.047722,27.25,93.0,2025-08-23,12,0.5956,6.566165447235107,32.241371154785156,40.47508239746094,29.105422973632812,0.9681680538400496,0.7840108190264017,0.1565,0.1956,0.3386,0.4075,0.0,1
25.26173123791569,87.1157960125222,25.25,87.0,2025-07-23,12,0.129,0.9835764169692993,68.02824401855469,151.60931396484375,81.90982055664062,0.04341318139936813,-20.67489700657981,0.2629,0.4061,0.8281,0.846,0.4866,0
33.81413,75.32346,33.75,75.25,2025-09-24,12,0.6572,0.0,0.0,9.952993392944336,3.7537667751312256,4.129064311977689e-05,-1.421856198992048,0.0665,0.0908,0.095,0.1893,0.0,1
23.038879,92.773703,23.0,92.75,2025-06-01,12,0.9391,171.4090118408203,91.12442016601562,194.12319946289062,119.84480285644531,5.96581491389376,143.67712620326452,0.4789,0.4077,0.8318,0.8493,0.4977,1
25.180353818649124,80.21063371453728,25.25,80.25,2025-08-08,12,0.1173,0.0,30.67699432373047,52.85722732543945,30.841514587402344,1.1694494236997484e-05,-7.551032475062779,0.1615,0.2477,0.4597,0.516,0.0,0
14.798083,74.109361,14.75,74.0,2025-08-27,12,0.6311,0.0,0.0,0.0,0.0,0.0001,0.0,0.05,0.05,0.0,0.1042,0.0,1
18.63083,73.41822,18.75,73.5,2025-08-20,12,0.6069,34.448265075683594,54.76236343383789,70.17373657226562,47.143959045410156,3.124619413807735,24.423445565359934,0.3512,0.2695,0.5105,0.5615,0.0,1
22.940920845839727,80.11981520799262,23.0,80.0,2025-08-25,12,0.0614,54.70400619506836,95.34855651855469,139.44837951660156,88.55099487304688,2.614769413150586,34.78280912126814,0.4166,0.3972,0.8075,0.8276,0.4252,0
28.0,97.5,28.0,97.5,2025-08-25,12,0.0002,0.0,0.0,0.0,0.0,0.0001,0.0,0.05,0.05,0.0,0.1042,0.0,0
26.00177439511703,84.62664513059356,26.0,84.75,2025-07-19,12,0.0975,24.142230987548828,67.64574432373047,67.64574432373047,49.4498405456543,2.263977919222336,14.478553227015905,0.2953,0.2852,0.547,0.5942,0.0,0
12.854286,74.917758,12.75,75.0,2025-06-03,12,0.6131,6.457337379455566,308.20709228515625,742.0045166015625,387.37164306640625,0.06034951813279182,-99.54330784933907,0.3501,0.4798,0.9995,0.9995,0.9984,1
11.4508,76.89,11.5,77.0,2025-03-25,12,0.517,2.6054232120513916,4.796043872833252,8.25076675415039,5.379584312438965,1.195917738325925,1.4267422471727644,0.0875,0.0855,0.0826,0.1782,0.0,0
18.0,99.5,18.0,99.5,2025-05-02,12,0.0,0.0,0.0,0.0,0.0,0.0001,0.0,0.05,0.05,0.0,0.1042,0.0,0
25.740023681857018,86.12713619893061,25.75,86.25,2025-07-06,12,0.0323,1.4227923154830933,9.861278533935547,15.280646324157715,9.37195873260498,0.44703578448630055,-0.7601571593965804,0.0895,0.1215,0.1663,0.2531,0.0,0
27.296928,93.088111,27.25,93.0,2025-08-07,12,0.5135,0.0,29.626514434814453,114.93367004394531,63.53787612915039,5.740826137257393e-06,-16.419095720563615,0.2349,0.3508,0.6994,0.7308,0.1025,1
23.311529,92.85443,23.25,92.75,2025-02-03,12,0.8145,0.0,0.0,0.0,0.0,0.0001,0.0,0.05,0.05,0.0,0.1042,0.0,0
23.226843,92.740266,23.25,92.75,2025-11-20,12,0.8145,0.0,0.0,0.0,0.0,0.0001,0.0,0.05,0.05,0.0,0.1042,0.0,0
38.0,69.5,38.0,69.5,2025-08-02,12,0.0,0.0,0.0,0.0,0.0,0.0001,0.0,0.05,0.05,0.0,0.1042,0.0,0
11.33669444,76.64225,11.25,76.75,2025-01-18,12,0.6801,0.0,1.3153929710388184,1.3153929710388184,0.8078157305717468,8.418122900961963e-05,-0.18791328157697404,0.0536,0.0556,0.013,0.1158,0.0,0
24.52754380194932,79.44078786013199,24.5,79.5,2025-07-12,12,0.0556,21.51813507080078,80.18817138671875,269.0758056640625,134.18667602539062,0.5456024845541656,-16.921265738351003,0.3108,0.4622,0.9586,0.9629,0.8763,0
23.182466,92.487731,23.25,92.5,2025-03-13,12,0.6729,0.0,0.0,0.0,0.0,0.0001,0.0,0.05,0.05,0.0,0.1042,0.0,0
22.312631478714227,82.5894051659682,22.25,82.5,2025-07-26,12,0.0976,54.96078872680664,45.808982849121094,81.37661743164062,52.252227783203125,4.353258047981216,43.335557665143696,0.4172,0.3141,0.6143,0.6545,0.0,0
30.6517586,78.3323707,30.75,78.25,2025-02-20,12,0.7314,0.0,0.0,0.0,0.0,0.0001,0.0,0.05,0.05,0.0,0.1042,0.0,0
17.75,78.0,17.75,78.0,2025-06-21,12,0.0,0.0,0.0,9.243410110473633,3.246368408203125,4.309439922031182e-05,-1.3204871586390905,0.0643,0.0951,0.105,0.1982,0.0,0
8.75,67.25,8.75,67.25,2025-02-16,12,0.0,0.0,0.0,0.0,0.0,0.0001,0.0,0.05,0.05,0.0,0.1042,0.0,0
11.5,70.5,11.5,70.5,2025-09-06,12,0.0,0.0,0.0,0.0,0.0,0.0001,0.0,0.05,0.05,0.0,0.1042,0.0,0
34.25,75.25,34.25,75.25,2025-06-22,12,0.0185,0.0,0.10648073256015778,5.441821098327637,2.7522685527801514,5.626186025887242e-05,-0.7774030140468052,0.0622,0.0771,0.0629,0.1605,0.0,0
23.307093,92.856289,23.25,92.75,2025-06-01,12,0.8682,99.3125228881836,87.32789611816406,173.41844177246094,108.7843017578125,3.853200112957625,74.53845977783203,0.4667,0.3957,0.8039,0.8244,0.4146,1
26.0,83.75,26.0,83.75,2025-11-20,12,0.0,0.0,0.0,0.0,0.0,0.0001,0.0,0.05,0.05,0.0,0.1042,0.0,0
18.5,77.75,18.5,77.75,2025-06-08,12,0.0,0.0,0.23431456089019775,0.23431456089019775,0.16929227113723755,9.676106756323622e-05,-0.03347350869859968,0.0508,0.0512,0.0028,0.1067,0.0,0
23.200475,92.735007,23.25,92.75,2025-06-01,12,0.8772,99.3125228881836,87.32789611816406,173.41844177246094,108.7843017578125,3.853200112957625,74.53845977783203,0.4667,0.3953,0.803,0.8235,0.4118,1
26.5,91.25,26.5,91.25,2025-03-26,12,0.0139,0.0,1.7102878093719482,1.7102878093719482,1.2356829643249512,8.036473826350788e-05,-0.24432682991027832,0.0555,0.0587,0.0202,0.1223,0.0,0
33.24198611,75.23667778,33.25,75.25,2025-04-20,12,0.78,14.507017135620117,16.975112915039062,36.83643341064453,18.63160514831543,2.316562093408861,9.24466950552804,0.2212,0.1787,0.2994,0.3724,0.0,1
9.25,72.0,9.25,72.0,2025-06-22,12,0.0,0.0,0.0,0.0,0.0,0.0001,0.0,0.05,0.05,0.0,0.1042,0.0,0
27.06511111,88.09119444,27.0,88.0,2025-02-26,12,0.7464,0.18940292298793793,55.681514739990234,145.53890991210938,80.94945526123047,0.008696275997251368,-20.601869921599114,0.2616,0.3761,0.7584,0.7836,0.2786,0
22.46733968452222,83.07850143137482,22.5,83.0,2025-08-21,12,0.0741,8.900293350219727,0.0,11.92638874053955,4.013918399810791,3.291845808814448,7.196523530142648,0.1651,0.1063,0.131,0.2216,0.0,0
29.0,70.75,29.0,70.75,2025-05-03,12,0.0,0.0,0.0,0.0,0.0,0.0001,0.0,0.05,0.05,0.0,0.1042,0.0,0
23.040051,92.773327,23.0,92.75,2025-06-01,12,0.8993,171.4090118408203,91.12442016601562,194.12319946289062,119.84480285644531,5.96581491389376,143.67712620326452,0.4789,0.4093,0.8356,0.8528,0.5092,1
23.211466646002332,87.24494282774053,23.25,87.25,2025-07-17,12,0.0217,0.0,75.54698181152344,171.7424774169922,94.97624206542969,3.916248728985416e-06,-24.534639630998885,0.2786,0.4246,0.8712,0.8846,0.6155,0
8.0,72.75,8.0,72.75,2025-11-24,12,0.0,0.0,0.0,0.0,0.0,0.0001,0.0,0.05,0.05,0.0,0.1042,0.0,0
25.87595384646953,83.26768907269492,26.0,83.25,2025-07-05,12,0.0536,17.257768630981445,21.00767707824707,25.529590606689453,17.767263412475586,3.7136981487872616,13.610684258597239,0.245,0.1622,0.2608,0.3378,0.0,0
23.75,87.25,23.75,87.25,2025-10-05,12,0.0,6.194188117980957,24.896121978759766,24.896121978759766,19.007404327392578,1.3594134376191862,2.6375992638724193,0.1338,0.1611,0.2583,0.3355,0.0,0
21.75,88.5,21.75,88.5,2025-10-20,12,0.0,0.0,0.0,0.0,0.0,0.0001,0.0,0.05,0.05,0.0,0.1042,0.0,0
13.75,77.5,13.75,77.5,2025-07-16,12,0.0,0.0,5.7854108810424805,6.330753803253174,5.202271461486816,5.251015886507298e-05,-0.9043934004647392,0.0726,0.0815,0.0732,0.1697,0.0,0
30.258675,79.222849,30.25,79.25,2025-12-16,12,0.718,0.0,0.0,0.0,0.0,0.0001,0.0,0.05,0.05,0.0,0.1042,0.0,0
23.056424,92.772983,23.0,92.75,2025-11-23,12,0.6896,0.0,0.0,0.0,0.0,0.0001,0.0,0.05,0.05,0.0,0.1042,0.0,0
30.122412,78.379989,30.0,78.5,2025-07-14,12,0.7154,10.109382629394531,44.08074188232422,84.76817321777344,44.83921432495117,0.7711429346841989,-2.00035640171596,0.1974,0.2935,0.5663,0.6114,0.0,1
23.77633609028667,79.09261556590857,23.75,79.0,2025-08-01,12,0.0835,12.283587455749512,30.503671646118164,131.55418395996094,61.818687438964844,0.6205934005940561,-6.509867395673478,0.2319,0.3883,0.7868,0.809,0.3635,0
16.0,83.5,16.0,83.5,2025-12-16,12,0.0,0.0,0.0,0.0,0.0,0.0001,0.0,0.05,0.05,0.0,0.1042,0.0,0
23.773642783651063,82.00704166834467,23.75,82.0,2025-07-14,12,0.1348,0.0,123.04360961914062,158.26417541503906,104.20275115966797,4.235642711083892e-06,-22.609167916434153,0.2879,0.4114,0.8404,0.857,0.5235,0
32.53151944,75.69415556,32.5,75.75,2025-08-17,12,0.7348,23.077600479125977,47.543174743652344,220.12432861328125,123.3818359375,0.7112575933199057,-8.3687321799142,0.3037,0.4302,0.8842,0.8963,0.6543,1
30.087446,79.473568,30.0,79.5,2025-12-02,12,0.677,0.0,0.0,0.0,0.0,0.0001,0.0,0.05,0.05,0.0,0.1042,0.0,0
33.184717,75.31306,33.25,75.25,2025-07-17,12,0.8329,3.8474133014678955,7.676821231842041,18.649381637573242,10.506240844726562,1.0500289438097907,1.183215924671718,0.1042,0.1198,0.1624,0.2496,0.0,1
36.75,86.5,36.75,86.5,2025-10-22,12,0.0,0.0,0.0,0.0,0.0,0.0001,0.0,0.05,0.05,0.0,0.1042,0.0,0
26.497062610836625,79.33534233160749,26.5,79.25,2025-07-23,12,0.1267,12.752052307128906,0.21805702149868011,48.897125244140625,24.62423324584961,1.596952719125023,5.766748700823102,0.2048,0.2364,0.4334,0.4925,0.0,0
23.08373,92.757679,23.0,92.75,2025-11-15,12,0.6896,0.0,0.0,0.4292359948158264,0.13760322332382202,9.42223400210284e-05,-0.06131942783083234,0.0506,0.0518,0.0043,0.108,0.0,0
23.13874868051605,87.64028847165514,23.25,87.75,2025-07-02,12,0.1139,13.131245613098145,37.35150909423828,94.23904418945312,51.980316162109375,0.9079443610675948,-0.3314749853951593,0.213,0.3367,0.6667,0.7014,0.0047,0
33.195603,75.337746,33.25,75.25,2025-02-02,12,0.6662,0.853464663028717,0.0,0.0,0.0,0.853564663028717,0.853464663028717,0.0627,0.05,0.0,0.1042,0.0,0
33.340406,74.325202,33.25,74.25,2025-08-31,12,0.5712,20.286731719970703,71.17145538330078,100.54293060302734,55.68312454223633,1.3204756578931967,5.923455919538226,0.2686,0.3271,0.6445,0.6815,0.0,1
23.070000247180573,85.16489863332575,23.0,85.25,2025-08-10,12,0.0869,0.0,55.0,59.0,44.67432403564453,1.0606060606060606e-05,-8.428571428571429,0.197,0.2649,0.4997,0.5518,0.0,0
32.25,97.0,32.25,97.0,2025-08-19,12,0.0,0.0,0.0,0.0,0.0,0.0001,0.0,0.05,0.05,0.0,0.1042,0.0,0
30.11963889,78.36477778,30.0,78.25,2025-02-22,12,0.5394,1.0187872648239136,0.0,0.0,0.0,1.0188872648239136,1.0187872648239136,0.0651,0.05,0.0,0.1042,0.0,0
25.048054,92.409245,25.0,92.5,2025-12-05,12,0.4543,0.0,0.0,0.0,0.0,0.0001,0.0,0.05,0.05,0.0,0.1042,0.0,0
31.75,92.75,31.75,92.75,2025-11-15,12,0.0,0.0,0.0,0.0,0.0,0.0001,0.0,0.05,0.05,0.0,0.1042,0.0,0
9.836942,77.111808,9.75,77.0,2025-01-01,12,0.9,0.0,0.0,0.0,0.0,0.0001,0.0,0.05,0.05,0.0,0.1042,0.0,1
22.646119000513746,78.57741079467036,22.75,78.5,2025-08-24,12,0.0277,17.145111083984375,42.953285217285156,103.6979751586914,61.68321228027344,1.084179520138834,2.3311146327427448,0.244,0.355,0.7094,0.7397,0.1322,0
30.844862,78.2755306,30.75,78.25,2025-07-14,12,0.8024,5.612271785736084,55.556880950927734,145.73255920410156,80.27896881103516,0.2572248033089828,-15.20666524342128,0.2607,0.3738,0.7529,0.7786,0.2622,1
22.491,92.97076,22.5,93.0,2025-03-14,12,0.4923,0.0,0.0,0.0,0.0,0.0001,0.0,0.05,0.05,0.0,0.1042,0.0,0
24.846509,93.573533,24.75,93.5,2025-01-05,12,0.5451,0.0,0.0,0.0,0.0,0.0001,0.0,0.05,0.05,0.0,0.1042,0.0,0
27.75,94.75,27.75,94.75,2025-01-24,12,0.0403,0.0,0.0,0.0,0.0,0.0001,0.0,0.05,0.05,0.0,0.1042,0.0,0
23.372701270000626,83.97046916895691,23.25,84.0,2025-08-03,12,0.0776,0.31274738907814026,38.80894470214844,163.41180419921875,70.5950927734375,0.012850821771635356,-23.03179606795311,0.2466,0.4171,0.8538,0.869,0.5635,0
12.25,72.25,12.25,72.25,2025-10-04,12,0.0,0.0,0.0,0.0,0.0,0.0001,0.0,0.05,0.05,0.0,0.1042,0.0,0
24.795929399899244,83.32132739582353,24.75,83.25,2025-07-20,12,0.041,1.0245168209075928,116.15991973876953,147.11294555664062,89.42008972167969,0.04653935930202003,-19.991618258612498,0.2723,0.4051,0.8257,0.8439,0.4797,0
25.70434634192609,83.42573326965956,25.75,83.5,2025-07-23,12,0.0556,0.15611104667186737,0.0,37.52866744995117,15.807332038879395,0.02455670446307664,-5.205127160464015,0.1135,0.2042,0.3586,0.4254,0.0,0
24.95054,92.731458,25.0,92.75,2025-02-15,12,0.4768,0.0,2.0565218925476074,2.0565218925476074,1.6491789817810059,7.729236546935453e-05,-0.29378884179251535,0.0574,0.0592,0.0215,0.1234,0.0,0
18.26931,73.60056,18.25,73.5,2025-12-20,12,0.4745,0.0,0.0,0.0,0.0,0.0001,0.0,0.05,0.05,0.0,0.1042,0.0,0
26.948,88.12630556,27.0,88.25,2025-11-06,12,1.0,0.0,23.807111740112305,174.5380859375,87.3387680053711,3.855940181285134e-06,-24.934012276785715,0.2698,0.3906,0.7921,0.8138,0.3793,0
13.35143722,75.38734,13.25,75.5,2025-12-25,12,0.4503,0.0,0.0,0.0,0.0,0.0001,0.0,0.05,0.05,0.0,0.1042,0.0,0
28.75,82.75,28.75,82.75,2025-08-11,12,0.0,0.0,0.0,0.0,0.0,0.0001,0.0,0.05,0.05,0.0,0.1042,0.0,0
26.57903791675336,85.17932690940101,26.5,85.25,2025-07-19,12,0.0624,2.961900472640991,21.10253143310547,23.751155853271484,16.734683990478516,0.6742511861153713,-0.4311217921120778,0.1168,0.1552,0.2446,0.3233,0.0,0
26.16616,91.713803,26.25,91.75,2025-11-09,12,0.4187,0.0,0.2047913521528244,8.945292472839355,3.3249471187591553,4.390010413370311e-05,-1.2778989246913366,0.0646,0.0894,0.0916,0.1863,0.0,0
24.532480481020507,81.6096941364854,24.5,81.5,2025-08-25,12,0.1467,68.50183868408203,7.706636905670166,7.706636905670166,5.686053276062012,32.60524985176571,67.40089055470058,0.4409,0.0867,0.0852,0.1805,0.0,0
22.74336281848091,82.56307911658173,22.75,82.5,2025-08-02,12,0.1128,0.5084782242774963,2.710052490234375,100.20000457763672,37.851783752441406,0.03320939755524176,-13.805808143956321,0.1804,0.3463,0.6892,0.7215,0.0718,0
30.19158,79.977955,30.25,80.0,2025-02-23,12,0.5172,0.0,4.731316089630127,8.443537712097168,5.562859535217285,4.532640208801892e-05,-1.2062196731567383,0.0741,0.0863,0.0844,0.1798,0.0,0
11.84484722,75.91622222,11.75,76.0,2025-03-16,12,0.5563,0.0,24.789091110229492,24.789091110229492,17.910118103027344,2.202013255342004e-05,-3.5412987300327847,0.1209,0.1472,0.2259,0.3066,0.0,0
30.8940423,78.3019077,31.0,78.25,2025-06-29,12,0.8495,21.180837631225586,40.735328674316406,46.57518005371094,33.622249603271484,2.7674487191631805,14.527240480695452,0.2751,0.2031,0.3561,0.4232,0.0,1
23.4688,92.7208,23.5,92.75,2025-01-02,12,1.0,0.0,0.0,0.0,0.0,0.0001,0.0,0.05,0.05,0.0,0.1042,0.0,1
24.73393562414142,85.43589406521227,24.75,85.5,2025-07-26,12,0.0788,7.135133266448975,0.0,43.88021469116211,17.394351959228516,0.9816513780123366,0.8665311677115302,0.145,0.2234,0.4032,0.4654,0.0,0
22.25,90.25,22.25,90.25,2025-08-21,12,0.0,0.0,0.0,0.0,0.0,0.0001,0.0,0.05,0.05,0.0,0.1042,0.0,0
23.234538,92.637234,23.25,92.75,2025-01-13,12,0.8145,0.0,0.0,0.0,0.0,0.0001,0.0,0.05,0.05,0.0,0.1042,0.0,0
23.149094,92.750808,23.25,92.75,2025-06-01,12,1.0,99.3125228881836,87.32789611816406,173.41844177246094,108.7843017578125,3.853200112957625,74.53845977783203,0.4667,0.3897,0.79,0.8119,0.373,1
11.3696,76.7517,11.25,76.75,2025-10-22,12,0.8293,3.2365293502807617,22.973480224609375,62.4788703918457,31.56708526611328,0.3260905844350684,-5.6890235628400525,0.1635,0.2427,0.4481,0.5055,0.0,1
13.25,72.75,13.25,72.75,2025-10-15,12,0.0,0.0,0.0,0.0,0.0,0.0001,0.0,0.05,0.05,0.0,0.1042,0.0,0
23.200105,92.584517,23.25,92.5,2025-02-08,12,0.6729,0.0,0.0,0.0,0.0,0.0001,0.0,0.05,0.05,0.0,0.1042,0.0,0
23.212919,92.558022,23.25,92.5,2025-06-01,12,0.803,89.12710571289062,83.58097076416016,163.79278564453125,103.04899597167969,3.652908626297186,65.72813633510044,0.461,0.3906,0.7921,0.8138,0.3793,1
11.2617,76.6327,11.25,76.75,2025-10-18,12,0.8951,1.071923017501831,38.433467864990234,55.271934509277344,34.683441162109375,0.12050631125639495,-6.824067626680646,0.1721,0.223,0.4024,0.4647,0.0,1
35.5,79.0,35.5,79.0,2025-08-07,12,0.0,0.0,0.11942225694656372,9.780158042907715,3.5917410850524902,4.171593606031985e-05,-1.3971654347011022,0.0658,0.0976,0.1107,0.2034,0.0,0
30.65568,79.028241,30.75,79.0,2025-01-15,12,0.5757,0.0,0.5270641446113586,0.5270641446113586,0.4065537750720978,9.299774607356463e-05,-0.07529487780162267,0.0518,0.0523,0.0054,0.109,0.0,0
12.858407,75.226056,12.75,75.25,2025-05-31,12,0.4859,122.31317138671875,313.42138671875,607.1717529296875,360.6886291503906,1.394061018962315,35.57434953962054,0.4741,0.4793,0.9983,0.9985,0.995,1
15.25,95.75,15.25,95.75,2025-12-07,12,0.0,0.0,0.0,0.0,0.0,0.0001,0.0,0.05,0.05,0.0,0.1042,0.0,0
23.077813,92.89844,23.0,93.0,2025-05-31,12,0.7191,55.573516845703125,73.36700439453125,177.0118865966797,100.72413635253906,2.11407711270616,30.286104474748885,0.4185,0.4047,0.8249,0.8431,0.4771,1
20.0,75.75,20.0,75.75,2025-03-09,12,0.0,0.0,0.0,0.0,0.0,0.0001,0.0,0.05,0.05,0.0,0.1042,0.0,0
34.25,77.0,34.25,77.0,2025-11-25,12,0.016,0.0,0.0,0.0,0.0,0.0001,0.0,0.05,0.05,0.0,0.1042,0.0,0
11.4159,76.8172,11.5,76.75,2025-10-19,12,0.8336,23.531282424926758,56.87363815307617,79.29508972167969,47.37805938720703,1.9087954773063434,12.203412464686803,0.2913,0.2775,0.5292,0.5782,0.0,1
23.183268,92.736695,23.25,92.75,2025-06-01,12,0.9223,99.3125228881836,87.32789611816406,173.41844177246094,108.7843017578125,3.853200112957625,74.53845977783203,0.4667,0.3933,0.7983,0.8194,0.3978,1
22.971217,92.925544,23.0,93.0,2025-12-17,12,0.6412,0.0,0.0,0.0,0.0,0.0001,0.0,0.05,0.05,0.0,0.1042,0.0,0
23.307135,92.707624,23.25,92.75,2025-05-31,12,0.9339,58.45155715942383,51.10498046875,134.1341552734375,75.67455291748047,2.8990969572407543,39.28953497750419,0.4244,0.3548,0.7088,0.7391,0.1305,1
22.560492551753793,82.40765801436541,22.5,82.5,2025-08-20,12,0.0465,0.6604812741279602,0.15115760266780853,44.12195587158203,17.28444480895996,0.09045172157558579,-5.642655278955187,0.1187,0.2252,0.4074,0.4692,0.0,0
22.152117698270427,81.28147180515069,22.25,81.25,2025-07-16,12,0.0326,1.4036494493484497,3.314664840698242,66.29998016357422,27.907827377319336,0.13405523607934364,-8.06777628830501,0.153,0.2847,0.5458,0.5931,0.0,0
25.68822222,91.66746111,25.75,91.75,2025-06-11,12,0.5968,0.0,13.864860534667969,46.14295959472656,23.68651580810547,1.3172017616976339e-05,-6.591851370675223,0.14,0.2115,0.3757,0.4407,0.0,1
22.702165,92.836523,22.75,92.75,2025-05-31,12,0.7957,55.93308639526367,77.14723205566406,181.53414916992188,103.7266616821289,2.076718231103936,29.999636513846262,0.4193,0.4049,0.8254,0.8436,0.4785,1
18.38016,73.77685,18.5,73.75,2025-08-27,12,0.6593,1.0495076179504395,34.17875671386719,135.53826904296875,58.23805618286133,0.05154582958656679,-18.31310224533081,0.2253,0.3695,0.7429,0.7697,0.2323,1
23.234538,92.637234,23.25,92.75,2025-02-08,12,0.8145,0.0,0.0,0.0,0.0,0.0001,0.0,0.05,0.05,0.0,0.1042,0.0,0
27.25,88.25,27.25,88.25,2025-02-22,12,0.8014,0.0,2.2529571056365967,26.554162979125977,12.247906684875488,2.0861792929702037e-05,-3.7934518541608537,0.1005,0.1467,0.2249,0.3057,0.0,0
8.75,84.0,8.75,84.0,2025-10-02,12,0.0,0.0,0.0,0.0,0.0,0.0001,0.0,0.05,0.05,0.0,0.1042,0.0,0
25.65979033792817,86.51174260852771,25.75,86.5,2025-07-10,12,0.1252,0.0,0.6456850171089172,17.179250717163086,7.126712799072266,2.8950442186495094e-05,-2.454178673880441,0.0805,0.1278,0.181,0.2663,0.0,0
32.75,81.75,32.75,81.75,2025-10-08,12,0.0,0.0,0.0,0.0,0.0,0.0001,0.0,0.05,0.05,0.0,0.1042,0.0,0
22.358879031132567,84.82617221223403,22.25,84.75,2025-08-18,12,0.1128,0.0,5.891389846801758,13.201434135437012,6.635126113891602,3.4651005235914015e-05,-1.8859191622052873,0.0785,0.1114,0.1427,0.232,0.0,0
24.435076958501366,82.25334595940453,24.5,82.25,2025-08-18,12,0.1333,0.0,3.9545042514801025,11.170392990112305,5.359296798706055,3.8524208055429275e-05,-1.5957704271589006,0.0733,0.1023,0.1215,0.213,0.0,0
26.593388984967522,84.00609542546236,26.5,84.0,2025-07-16,12,0.1275,9.082167625427246,1.5174264907836914,2.140655279159546,1.5663424730300903,6.9552861842347395,8.776359728404454,0.1671,0.0606,0.0246,0.1262,0.0,0
30.287201,79.150027,30.25,79.25,2025-08-31,12,0.8953,14.438484191894531,92.52972412109375,149.395751953125,100.15483856201172,0.6462457456872261,-6.903766087123326,0.284,0.3731,0.7513,0.7772,0.2573,1
27.33787,88.609377,27.25,88.5,2025-07-31,12,1.0,38.147972106933594,119.77073669433594,200.92376708984375,129.65658569335938,1.284300051341167,9.444576808384486,0.3669,0.4095,0.8361,0.8531,0.5105,1
30.661636,79.034019,30.75,79.0,2025-07-04,12,0.7618,34.00775909423828,47.24411392211914,191.77032470703125,94.54179382324219,1.1976386012878868,6.6119984218052466,0.3492,0.4133,0.8448,0.861,0.5365,1
24.437066,92.249961,24.5,92.25,2025-07-01,12,0.5723,4.687758445739746,27.6168212890625,123.5665512084961,56.88340759277344,0.25132783868800634,-12.964606012616837,0.2228,0.3593,0.7194,0.7486,0.162,1
22.17469623202994,87.89756413409334,22.25,88.0,2025-07-10,12,0.0778,12.11640453338623,59.65822219848633,89.51417541503906,59.86883544921875,0.8787883372465457,-0.6713348116193494,0.2284,0.33,0.6512,0.6875,0.0,0
12.850862,75.196607,12.75,75.25,2025-12-13,12,0.4204,0.0,0.0,3.296501398086548,1.056782841682434,6.798425726723881e-05,-0.47092877115522114,0.0547,0.065,0.0348,0.1353,0.0,0
30.2114,78.6793,30.25,78.75,2025-03-05,12,0.7975,1.1260473728179932,22.80096435546875,75.08956909179688,41.1374626159668,0.09602963807631554,-9.601033926010132,0.1886,0.271,0.5139,0.5646,0.0,0
19.5,89.0,19.5,89.0,2025-01-08,12,0.0,0.0,0.0,0.0,0.0,0.0001,0.0,0.05,0.05,0.0,0.1042,0.0,0
18.113855,73.607321,18.0,73.5,2025-03-11,12,0.4871,0.0,0.0,0.0,0.0,0.0001,0.0,0.05,0.05,0.0,0.1042,0.0,0
36.0,83.5,36.0,83.5,2025-05-04,12,0.0,0.0,0.0,0.0,0.0,0.0001,0.0,0.05,0.05,0.0,0.1042,0.0,0
23.28368887316406,80.40264675612177,23.25,80.5,2025-07-18,12,0.064,100.89303588867188,10.137763977050781,93.96214294433594,44.46570587158203,6.995215539453093,87.4698726109096,0.4674,0.3382,0.6703,0.7046,0.0154,0
23.75,91.0,23.75,91.0,2025-02-11,12,0.0017,0.0,0.0,0.0,0.0,0.0001,0.0,0.05,0.05,0.0,0.1042,0.0,0
18.26927,73.60043,18.25,73.5,2025-11-01,12,0.4745,0.10467760264873505,13.720647811889648,75.80316925048828,34.70806121826172,0.008857670849800478,-10.724346575992447,0.1722,0.2871,0.5515,0.5982,0.0,0
23.160443,92.743261,23.25,92.75,2025-01-20,12,0.8145,0.0,0.0,0.0,0.0,0.0001,0.0,0.05,0.05,0.0,0.1042,0.0,0
26.34452492239359,83.7060974663883,26.25,83.75,2025-08-27,12,0.141,0.15525095164775848,14.073466300964355,26.413118362426758,17.828903198242188,0.032545799818467724,-3.618051671556064,0.1206,0.1633,0.2635,0.3402,0.0,0
23.164169,92.74339,23.25,92.75,2025-08-01,12,0.8708,1.392492413520813,31.539926528930664,89.17615509033203,44.02175521850586,0.10135721151973572,-11.346958313669477,0.1955,0.2938,0.5671,0.6122,0.0,1
31.437986,76.42395,31.5,76.5,2025-11-12,12,0.6159,0.0,0.0,0.0,0.0,0.0001,0.0,0.05,0.05,0.0,0.1042,0.0,0
23.225619,92.924909,23.25,93.0,2025-02-10,12,0.7561,0.0,0.0,0.0,0.0,0.0001,0.0,0.05,0.05,0.0,0.1042,0.0,0
23.807952,92.834037,23.75,92.75,2025-01-24,12,0.8587,0.0,0.0,0.0,0.0,0.0001,0.0,0.05,0.05,0.0,0.1042,0.0,0
23.28231530508383,81.55319748473887,23.25,81.5,2025-07-13,12,0.0281,16.06463623046875,47.03572463989258,228.56007385253906,108.31260681152344,0.4773863064912991,-16.58680289132254,0.2917,0.4518,0.9344,0.9412,0.804,0
19.338163,73.785007,19.25,73.75,2025-07-27,12,0.6359,15.711638450622559,10.521071434020996,11.420475006103516,8.426774978637695,5.970647831715304,14.0801420211792,0.2319,0.0968,0.1089,0.2017,0.0,1
17.0,90.75,17.0,90.75,2025-07-24,12,0.0,0.0,0.0,0.0,0.0,0.0001,0.0,0.05,0.05,0.0,0.1042,0.0,0
27.0642597,88.1467107,27.0,88.25,2025-11-14,12,1.0,0.0,0.0,8.863222122192383,3.3427600860595703,4.4127226777005905e-05,-1.266174588884626,0.0647,0.083,0.0767,0.1729,0.0,0
23.19917,93.000199,23.25,93.0,2025-11-09,12,0.7561,0.0,53.275550842285156,56.095489501953125,36.38255310058594,1.1094295416764006e-05,-8.013641357421875,0.1766,0.2309,0.4207,0.481,0.0,0
25.496894328666105,85.35115824840396,25.5,85.25,2025-08-12,12,0.0595,0.17264148592948914,26.8741512298584,59.71453094482422,32.003665924072266,0.01812484303466776,-8.358005791902542,0.1648,0.2677,0.5063,0.5578,0.0,0
18.38386,73.63431,18.5,73.75,2025-12-15,12,0.4299,0.0,0.0,0.0,0.0,0.0001,0.0,0.05,0.05,0.0,0.1042,0.0,0
38.5,94.0,38.5,94.0,2025-08-27,12,0.0,0.0,0.0,0.0,0.0,0.0001,0.0,0.05,0.05,0.0,0.1042,0.0,0
12.854286,74.917758,12.75,75.0,2025-03-16,12,0.3899,0.0,19.89553451538086,19.89553451538086,14.374524116516113,2.6026625334391038e-05,-2.84221921648298,0.1084,0.1334,0.1938,0.2778,0.0,0
22.926340878488674,81.55316264325354,23.0,81.5,2025-08-16,12,0.0849,4.774473190307617,38.48072052001953,59.5174560546875,36.1484260559082,0.5024547587128907,-3.7280205317905963,0.176,0.2663,0.5029,0.5547,0.0,0
34.75,93.75,34.75,93.75,2025-08-08,12,0.0,0.0,0.0,0.0,0.0,0.0001,0.0,0.05,0.05,0.0,0.1042,0.0,0
30.75,74.0,30.75,74.0,2025-12-19,12,0.0,0.0,0.0,0.0,0.0,0.0001,0.0,0.05,0.05,0.0,0.1042,0.0,0
26.88016349300102,81.4481760774617,27.0,81.5,2025-08-20,12,0.0605,3.1363656520843506,9.725715637207031,58.66312789916992,23.377601623535156,0.33436207300852633,-5.24408119065421,0.139,0.265,0.5001,0.5522,0.0,0
33.653046,74.25295,33.75,74.25,2025-01-23,12,0.3768,5.180727481842041,1.800968050956726,2.826880931854248,1.9860258102416992,3.6904682802594255,4.776887348720005,0.1213,0.063,0.0303,0.1313,0.0,0
24.415059277741893,86.96504250958995,24.5,87.0,2025-08-09,12,0.0719,11.224884986877441,27.702922821044922,123.40828704833984,59.34788513183594,0.6025299211162545,-6.404870305742538,0.2274,0.3796,0.7664,0.7908,0.3025,0
19.0,70.0,19.0,70.0,2025-04-21,12,0.0,0.0,0.0,0.0,0.0,0.0001,0.0,0.05,0.05,0.0,0.1042,0.0,0
18.75,82.5,18.75,82.5,2025-03-04,12,0.0013,0.0,0.0,0.0,0.0,0.0001,0.0,0.05,0.05,0.0,0.1042,0.0,0
12.825546,75.200826,12.75,75.25,2025-03-19,12,0.4204,0.0,0.0,17.353391647338867,7.699792385101318,2.8743429668306186e-05,-2.479055949619838,0.0828,0.1231,0.17,0.2565,0.0,0
27.00483333,88.11677778,27.0,88.0,2025-03-22,12,0.7464,2.2845101356506348,10.051844596862793,45.38560104370117,19.556320190429688,0.3052798981195874,-4.199147156306675,0.1265,0.2039,0.3579,0.4248,0.0,0
23.185555,92.736061,23.25,92.75,2025-08-01,12,0.9852,1.392492413520813,31.539926528930664,89.17615509033203,44.02175521850586,0.10135721151973572,-11.346958313669477,0.1955,0.2881,0.5536,0.6001,0.0,1
35.5,83.25,35.5,83.25,2025-11-02,12,0.0,0.0,0.0,0.0,0.0,0.0001,0.0,0.05,0.05,0.0,0.1042,0.0,0
24.75,96.0,24.75,96.0,2025-04-20,12,0.0,0.0,0.0,0.0,0.0,0.0001,0.0,0.05,0.05,0.0,0.1042,0.0,0
27.09579142,88.22599324,27.0,88.25,2025-06-05,12,1.0,4.94451379776001,6.903757095336914,145.8201904296875,65.83124542236328,0.22649033800442206,-15.886941977909633,0.2389,0.3643,0.7308,0.7589,0.1962,1
26.24698,91.964383,26.25,92.0,2025-07-05,12,0.6024,9.935423851013184,21.57278823852539,56.56090545654297,29.935688018798828,1.0942051007225375,1.8552945000784735,0.1763,0.2384,0.4381,0.4967,0.0,1
11.5,94.75,11.5,94.75,2025-06-03,12,0.0,0.0,0.0,0.0,0.0,0.0001,0.0,0.05,0.05,0.0,0.1042,0.0,0
11.28072222,76.64813889,11.25,76.75,2025-05-26,12,0.8002,72.75859069824219,36.22083282470703,72.1576156616211,46.170509338378906,6.434135624610916,62.45035988943917,0.4463,0.2649,0.4998,0.5519,0.0,1
11.72976111,75.81385278,11.75,75.75,2025-02-10,12,0.5092,0.0,0.0,0.0,0.0,0.0001,0.0,0.05,0.05,0.0,0.1042,0.0,0
24.75,72.0,24.75,72.0,2025-02-01,12,0.0,0.0,0.0,0.0,0.0,0.0001,0.0,0.05,0.05,0.0,0.1042,0.0,0
18.39955,73.3856,18.5,73.5,2025-08-20,12,0.5159,45.64247131347656,19.372501373291016,25.442676544189453,16.85995864868164,9.848077693563747,42.00780323573521,0.393,0.1504,0.2335,0.3134,0.0,1
11.5,97.75,11.5,97.75,2025-09-17,12,0.0,0.0,0.0,0.0,0.0,0.0001,0.0,0.05,0.05,0.0,0.1042,0.0,0
34.25,75.0,34.25,75.0,2025-05-15,12,0.0221,0.0,0.0,7.474262714385986,3.887363910675049,4.8361703377421025e-05,-1.0677518163408553,0.067,0.0867,0.0853,0.1806,0.0,0
23.891122576216723,83.17293482152253,24.0,83.25,2025-07-15,12,0.0459,12.095273971557617,58.5006103515625,61.47227478027344,39.16990280151367,1.2365240978571328,3.3135204315185547,0.1984,0.2726,0.5177,0.5679,0.0,0
23.044434,92.772583,23.0,92.75,2025-06-01,12,0.9145,171.4090118408203,91.12442016601562,194.12319946289062,119.84480285644531,5.96581491389376,143.67712620326452,0.4789,0.4087,0.8342,0.8515,0.5049,1
22.735074774498894,85.10894330460542,22.75,85.0,2025-07-16,12,0.1228,33.35677719116211,87.70750427246094,147.9968719482422,95.15018463134766,1.5064700171246448,12.214366912841797,0.3462,0.4031,0.8212,0.8398,0.4661,0
26.383648,94.440751,26.5,94.5,2025-12-16,12,0.476,0.0,0.0,0.0,0.0,0.0001,0.0,0.05,0.05,0.0,0.1042,0.0,0
23.286141,92.868152,23.25,92.75,2025-05-31,12,1.0,58.45155715942383,51.10498046875,134.1341552734375,75.67455291748047,2.8990969572407543,39.28953497750419,0.4244,0.3514,0.701,0.7321,0.1071,1
23.204282,92.576174,23.25,92.5,2025-01-14,12,0.6729,0.0,0.0,0.0,0.0,0.0001,0.0,0.05,0.05,0.0,0.1042,0.0,0
25.96585409997021,84.00455687275145,26.0,84.0,2025-08-23,12,0.1431,4.870494365692139,0.5818532109260559,3.490424871444702,1.596775770187378,3.2500266650448495,4.371862241200039,0.1174,0.067,0.0396,0.1396,0.0,0
23.135979,92.747589,23.25,92.75,2025-03-07,12,0.8145,0.0,0.0,0.0,0.0,0.0001,0.0,0.05,0.05,0.0,0.1042,0.0,0
25.14649403005368,79.98856277775296,25.25,80.0,2025-07-13,12,0.0255,101.7359619140625,42.02775573730469,106.87044525146484,57.65927505493164,6.254058564764208,86.46875544956752,0.4678,0.3598,0.7204,0.7495,0.165,0
17.5,88.0,17.5,88.0,2025-12-03,12,0.0,0.0,0.0,0.0,0.0,0.0001,0.0,0.05,0.05,0.0,0.1042,0.0,0
22.54735,92.882032,22.5,93.0,2025-05-31,12,0.6469,54.579010009765625,73.99465942382812,179.4389190673828,101.87033081054688,2.0492168265054005,28.944878714425222,0.4163,0.4093,0.8355,0.8527,0.5089,1
31.20961944,76.71348333,31.25,76.75,2025-03-22,12,0.7752,0.0,0.0,9.981215476989746,4.531399726867676,4.12220197634574e-05,-1.4258879252842493,0.0698,0.0896,0.092,0.1866,0.0,0
22.591191962360703,87.53945212493775,22.5,87.5,2025-08-03,12,0.095,12.65983772277832,55.097007751464844,135.3273468017578,73.9808349609375,0.6226460764626137,-6.6726403917585095,0.2518,0.3919,0.7951,0.8165,0.3882,0
9.0,85.75,9.0,85.75,2025-09-25,12,0.0,0.0,0.0,0.0,0.0,0.0001,0.0,0.05,0.05,0.0,0.1042,0.0,0
30.754834,78.561414,30.75,78.5,2025-06-29,12,0.9453,25.183433532714844,12.3524751663208,19.715805053710938,12.525665283203125,6.598518531430788,22.36688995361328,0.3019,0.1211,0.1653,0.2522,0.0,1
23.315273,92.856524,23.25,92.75,2025-12-05,12,0.8145,0.0,0.0,0.0,0.0,0.0001,0.0,0.05,0.05,0.0,0.1042,0.0,0
17.5,77.5,17.5,77.5,2025-11-11,12,0.0,0.0,0.0,2.9132585525512695,1.292628288269043,7.061250307244822e-05,-0.4161797932216099,0.0558,0.0648,0.0344,0.1349,0.0,0
32.553589,75.817359,32.5,75.75,2025-03-26,12,0.6685,0.0,0.0,0.0,0.0,0.0001,0.0,0.05,0.05,0.0,0.1042,0.0,0
30.40491111,78.13888333,30.5,78.25,2025-02-09,12,0.7248,0.0,1.525201678276062,1.525201678276062,0.9366645216941833,8.21094944631916e-05,-0.21788595403943742,0.0542,0.0564,0.0149,0.1175,0.0,0
22.892426,92.822937,23.0,92.75,2025-05-31,12,0.8644,53.935569763183594,68.70054626464844,172.9530029296875,97.56214904785156,2.098046057557617,29.22799791608538,0.4149,0.3955,0.8035,0.8239,0.4131,1
25.809088,91.875238,25.75,92.0,2025-07-06,12,0.6407,10.124139785766602,19.246917724609375,54.03199768066406,28.794788360595703,1.161188904075786,2.405282974243164,0.1783,0.2306,0.4199,0.4803,0.0,1
12.25,70.0,12.25,70.0,2025-11-09,12,0.0,0.0,0.0,0.0,0.0,0.0001,0.0,0.05,0.05,0.0,0.1042,0.0,0
23.132035,92.745362,23.25,92.75,2025-11-27,12,0.8145,0.0,0.0,0.0,0.0,0.0001,0.0,0.05,0.05,0.0,0.1042,0.0,0
23.98363800234193,87.3805385355393,24.0,87.5,2025-08-09,12,0.0213,18.814109802246094,66.91089630126953,200.19671630859375,104.93180847167969,0.6356252693675545,-9.785421098981583,0.2886,0.4406,0.9083,0.9179,0.7263,0
25.456896,91.826145,25.5,91.75,2025-03-05,12,0.5154,0.0,0.0,0.0,0.0,0.0001,0.0,0.05,0.05,0.0,0.1042,0.0,0
26.508870142731144,80.03472742497596,26.5,80.0,2025-08-08,12,0.1341,17.226581573486328,91.35438537597656,129.01878356933594,78.81209564208984,0.8865449892288947,-1.204673222133092,0.2587,0.3837,0.7761,0.7994,0.3313,0
32.5,69.75,32.5,69.75,2025-12-08,12,0.0,0.0,0.0,0.0,0.0,0.0001,0.0,0.05,0.05,0.0,0.1042,0.0,0
26.238016,91.945953,26.25,92.0,2025-11-27,12,0.4132,0.0,0.26638108491897583,0.26638108491897583,0.16359128057956696,9.633406118113133e-05,-0.038054440702710836,0.0507,0.0512,0.0029,0.1067,0.0,0
37.75,84.0,37.75,84.0,2025-05-24,12,0.0,0.0,0.0,0.0,0.0,0.0001,0.0,0.05,0.05,0.0,0.1042,0.0,0
34.0,82.75,34.0,82.75,2025-05-02,12,0.0,0.0,0.0,0.0,0.0,0.0001,0.0,0.05,0.05,0.0,0.1042,0.0,0
11.4139,76.8139,11.5,76.75,2025-10-19,12,0.8389,23.531282424926758,56.87363815307617,79.29508972167969,47.37805938720703,1.9087954773063434,12.203412464686803,0.2913,0.2773,0.5286,0.5777,0.0,1
22.510861615177905,82.70230386998715,22.5,82.75,2025-08-24,12,0.0543,14.54161548614502,20.9918212890625,21.80047607421875,15.94996452331543,3.534386311556011,11.427261761256627,0.2215,0.1478,0.2274,0.3079,0.0,0
18.5,84.5,18.5,84.5,2025-02-17,12,0.0,0.0,0.0,0.0,0.0,0.0001,0.0,0.05,0.05,0.0,0.1042,0.0,0
9.25,98.5,9.25,98.5,2025-04-18,12,0.0,0.0,0.0,0.0,0.0,0.0001,0.0,0.05,0.05,0.0,0.1042,0.0,0
24.285871,92.94599,24.25,93.0,2025-06-14,12,0.6914,0.0,1.21287202835083,6.033468723297119,2.4792892932891846,5.37078819814683e-05,-0.8619241033281598,0.061,0.075,0.0581,0.1562,0.0,1
23.6868033,92.7251987,23.75,92.75,2025-05-29,12,0.9311,0.14003635942935944,70.34426879882812,127.9452896118164,71.6546859741211,0.007269275710381071,-18.13786215654441,0.2483,0.3476,0.6921,0.7242,0.0805,1
37.5,86.5,37.5,86.5,2025-10-22,12,0.0,0.0,0.0,0.0,0.0,0.0001,0.0,0.05,0.05,0.0,0.1042,0.0,0
18.26931,73.60056,18.25,73.5,2025-02-27,12,0.4745,0.0,0.0,0.0,0.0,0.0001,0.0,0.05,0.05,0.0,0.1042,0.0,0
23.5,84.75,23.5,84.75,2025-08-18,12,0.0,0.752981424331665,7.321822166442871,27.00624656677246,11.424263000488281,0.15501769535108034,-3.105053799492972,0.0974,0.169,0.2768,0.3521,0.0,0
27.08646,88.10405,27.0,88.0,2025-09-11,12,0.8855,8.918856620788574,28.99800682067871,50.30413055419922,29.764240264892578,1.0894973144469946,1.7325522559029718,0.1653,0.2113,0.375,0.4401,0.0,1
25.225685619678604,80.82366067552057,25.25,80.75,2025-07-10,12,0.1429,0.0,40.06692123413086,100.55995178222656,51.125999450683594,6.507998454827028e-06,-14.365707397460938,0.2112,0.3457,0.6876,0.7202,0.0673,0
27.25,77.5,27.25,77.5,2025-12-27,12,0.0,0.0,0.0,0.0,0.0,0.0001,0.0,0.05,0.05,0.0,0.1042,0.0,0
23.091619,92.752299,23.0,92.75,2025-07-01,12,0.7637,3.722092390060425,2.7123804092407227,40.981258392333984,21.03211784362793,0.543031750384143,-2.132373094558716,0.1314,0.1912,0.3283,0.3982,0.0,1
12.5,78.75,12.5,78.75,2025-06-12,12,0.0001,0.9655578136444092,32.45541763305664,32.45541763305664,25.26233673095703,0.17132259905031433,-3.6709304196493964,0.1449,0.1887,0.3226,0.3931,0.0,0
23.157803,92.743652,23.25,92.75,2025-11-07,12,0.8145,22.872934341430664,25.37127685546875,27.13506507873535,21.617902755737305,4.690521023490209,18.9964964730399,0.2869,0.1482,0.2284,0.3088,0.0,0
26.277755617179363,82.18291111093485,26.25,82.25,2025-07-02,12,0.1418,0.6634721755981445,18.547863006591797,20.599853515625,16.041934967041016,0.16829818413917857,-2.2793640409197127,0.1144,0.1412,0.2121,0.2942,0.0,0
24.419026,92.242991,24.5,92.25,2025-07-01,12,0.5431,4.687758445739746,27.6168212890625,123.5665512084961,56.88340759277344,0.25132783868800634,-12.964606012616837,0.2228,0.3606,0.7224,0.7513,0.171,1
25.807707740380543,84.96230593524143,25.75,85.0,2025-07-08,12,0.0354,1.0427454710006714,0.4193558990955353,14.15372085571289,5.6070990562438965,0.3450890907938422,-0.9792146512440274,0.0743,0.1166,0.1549,0.243,0.0,0
24.007708690026412,81.00488758632639,24.0,81.0,2025-08-22,12,0.0793,8.280648231506348,1.8337092399597168,16.160053253173828,8.509076118469238,2.5028110681308964,5.972069195338658,0.1582,0.1244,0.1731,0.2592,0.0,0
29.457862,80.191313,29.5,80.25,2025-03-10,12,0.5377,0.0,0.0,1.7756513357162476,0.787865936756134,7.976615902583232e-05,-0.2536644765308925,0.0535,0.0579,0.0183,0.1205,0.0,0
10.5,72.5,10.5,72.5,2025-09-21,12,0.0,0.0,0.0,0.0,0.0,0.0001,0.0,0.05,0.05,0.0,0.1042,0.0,0
25.718012587803088,85.50271829471772,25.75,85.5,2025-07-13,12,0.0829,0.0,1.4966437816619873,1.82274329662323,1.1858651638031006,7.934040201168659e-05,-0.2603918995176043,0.0553,0.0591,0.0212,0.1232,0.0,0
11.3606,76.7813,11.25,76.75,2025-01-22,12,0.6801,0.0,2.0287692546844482,3.3441622257232666,2.0219626426696777,6.767101914346242e-05,-0.47773746081760954,0.059,0.0641,0.0328,0.1335,0.0,0
26.880398431107338,87.56991768870441,27.0,87.5,2025-07-09,12,0.0776,0.0,0.0,0.0,0.0,0.0001,0.0,0.05,0.05,0.0,0.1042,0.0,0
23.234898,92.911307,23.25,93.0,2025-06-01,12,0.9367,132.071044921875,89.81504821777344,186.56716918945312,115.71089172363281,4.77610959712014,105.41859218052456,0.4758,0.4026,0.82,0.8387,0.4624,1
22.41959767910715,81.3346259359601,22.5,81.25,2025-08-05,12,0.0294,0.0,1.843163013458252,39.834999084472656,18.43623924255371,1.494608762001819e-05,-5.690714154924665,0.1227,0.2125,0.3778,0.4426,0.0,0
32.41663056,75.99166944,32.5,76.0,2025-02-27,12,0.7313,3.027585744857788,0.0,27.92243003845215,12.315977096557617,0.6068821725941922,-0.9613328320639476,0.1008,0.153,0.2395,0.3187,0.0,0
27.09575085,88.22619053,27.0,88.25,2025-06-24,12,1.0,35.53328323364258,41.275474548339844,198.49832153320312,106.62763977050781,1.2103927700222565,7.176380157470703,0.356,0.408,0.8325,0.8499,0.4997,1
11.25669444,76.62744444,11.25,76.75,2025-05-26,12,0.7417,72.75859069824219,36.22083282470703,72.1576156616211,46.170509338378906,6.434135624610916,62.45035988943917,0.4463,0.2676,0.5061,0.5575,0.0,1
31.230587,76.677044,31.25,76.75,2025-11-05,12,0.7752,0.0,0.0,0.0,0.0,0.0001,0.0,0.05,0.05,0.0,0.1042,0.0,0
26.5,91.25,26.5,91.25,2025-07-16,12,0.0139,1.6425485610961914,0.0,0.0,0.0,1.6426485610961914,1.6425485610961914,0.074,0.05,0.0,0.1042,0.0,0
8.97316667,76.89913889,9.0,77.0,2025-10-12,12,0.5734,0.27100512385368347,32.88228988647461,32.88228988647461,23.815542221069336,0.047583422927261976,-4.426464859928403,0.1404,0.1733,0.2868,0.3611,0.0,1
23.566332382903052,84.36068420352225,23.5,84.25,2025-08-27,12,0.0209,2.708977222442627,73.98709869384766,90.99618530273438,58.56411361694336,0.19351304847750286,-10.29047782080514,0.226,0.3349,0.6625,0.6977,0.0,0
30.756171,78.57631,30.75,78.5,2025-12-23,12,0.698,0.0,0.0,0.0,0.0,0.0001,0.0,0.05,0.05,0.0,0.1042,0.0,0
32.0,83.25,32.0,83.25,2025-03-01,12,0.0,0.0,0.0,0.0,0.0,0.0001,0.0,0.05,0.05,0.0,0.1042,0.0,0
33.621861,74.280183,33.5,74.25,2025-02-19,12,0.3819,0.0,0.0,2.4747867584228516,0.9333646297454834,7.388029069653914e-05,-0.3535409654889788,0.0542,0.0614,0.0265,0.1279,0.0,0
33.196652,75.352971,33.25,75.25,2025-08-30,12,0.7186,0.0,211.36514282226562,248.46890258789062,167.40133666992188,2.7400595254805013e-06,-35.495557512555806,0.3266,0.4427,0.9134,0.9224,0.7413,1
12.5,98.25,12.5,98.25,2025-05-15,12,0.0,0.0,0.0,0.0,0.0,0.0001,0.0,0.05,0.05,0.0,0.1042,0.0,0
22.40459641525626,82.02980178765162,22.5,82.0,2025-08-27,12,0.1103,86.99183654785156,52.35564422607422,106.90375518798828,57.29649353027344,5.346123618400046,71.7198715209961,0.4595,0.3565,0.7128,0.7427,0.1423,0
11.25669444,76.62744444,11.25,76.75,2025-02-09,12,0.6801,0.0,0.0,0.0,0.0,0.0001,0.0,0.05,0.05,0.0,0.1042,0.0,0
32.99842778,74.94203611,33.0,75.0,2025-12-08,12,0.5495,0.0,0.0,0.0,0.0,0.0001,0.0,0.05,0.05,0.0,0.1042,0.0,0
17.0,98.75,17.0,98.75,2025-08-15,12,0.0,0.0,0.0,0.0,0.0,0.0001,0.0,0.05,0.05,0.0,0.1042,0.0,0
23.164812,92.743396,23.25,92.75,2025-12-27,12,0.8145,0.0,0.0,0.0,0.0,0.0001,0.0,0.05,0.05,0.0,0.1042,0.0,0
30.8956471,78.302375,31.0,78.25,2025-12-22,12,0.6435,0.0,0.0,0.0,0.0,0.0001,0.0,0.05,0.05,0.0,0.1042,0.0,0
23.188273,92.898879,23.25,93.0,2025-05-31,12,0.8685,57.51850509643555,57.59139633178711,152.9855194091797,86.28556060791016,2.516666740602191,35.663430895124165,0.4226,0.3778,0.7624,0.7872,0.2905,1
24.147745617603377,82.87440473759789,24.25,82.75,2025-07-15,12,0.1075,7.027686595916748,45.751956939697266,46.7670783996582,30.070377349853516,0.9149559104875962,0.34667539596557617,0.1593,0.2309,0.4208,0.4811,0.0,0
27.296928,93.088111,27.25,93.0,2025-06-01,12,0.5565,118.66368865966797,59.7403564453125,68.91607666015625,51.99424743652344,10.941641838738907,108.81853485107422,0.4732,0.269,0.5093,0.5604,0.0,1
22.27716494470617,83.54187651004791,22.25,83.5,2025-07-01,12,0.1415,5.323912143707275,9.83111572265625,29.56075096130371,16.694726943969727,1.0193468138932886,1.1009477206638882,0.1231,0.1746,0.2898,0.3638,0.0,0
26.623168387988514,79.0401245428508,26.5,79.0,2025-08-08,12,0.0293,6.95579195022583,32.749755859375,56.63823318481445,32.74164581298828,0.7651256361906612,-1.1353842190333783,0.1668,0.261,0.4907,0.5437,0.0,0
21.25,84.5,21.25,84.5,2025-08-21,12,0.0,0.2796196937561035,8.761775970458984,12.733596801757812,8.40882682800293,0.09922356658864684,-1.5394655636378698,0.0857,0.1109,0.1417,0.2311,0.0,0
30.742292,78.364053,30.75,78.25,2025-02-14,12,0.7314,0.0,0.0,0.0,0.0,0.0001,0.0,0.05,0.05,0.0,0.1042,0.0,0
23.074255,92.76222,23.0,92.75,2025-06-01,12,0.8845,171.4090118408203,91.12442016601562,194.12319946289062,119.84480285644531,5.96581491389376,143.67712620326452,0.4789,0.4099,0.8371,0.854,0.5134,1
30.0809,78.5555,30.0,78.5,2025-02-18,12,0.659,0.0,0.0,0.0,0.0,0.0001,0.0,0.05,0.05,0.0,0.1042,0.0,0
23.098261,92.751461,23.0,92.75,2025-06-01,12,0.747,171.4090118408203,91.12442016601562,194.12319946289062,119.84480285644531,5.96581491389376,143.67712620326452,0.4789,0.4153,0.8496,0.8653,0.5509,1
11.2659,76.6572,11.25,76.75,2025-03-13,12,0.6801,43.951446533203125,0.0,0.0,0.0,43.95154653320313,43.951446533203125,0.3877,0.05,0.0,0.1042,0.0,0
23.71586928603642,83.61584360966908,23.75,83.5,2025-07-07,12,0.026,25.871591567993164,14.32463550567627,134.6659393310547,58.95994567871094,1.2783724996362107,6.633600234985352,0.3061,0.3937,0.7992,0.8201,0.4004,0
30.239138,78.682359,30.25,78.75,2025-01-13,12,0.7975,0.12466824054718018,0.0,0.0,0.0,0.12476824054718018,0.12466824054718018,0.0519,0.05,0.0,0.1042,0.0,0
22.096638154588007,79.2436839900051,22.0,79.25,2025-08-03,12,0.0841,0.18874317407608032,10.329174041748047,41.74989318847656,17.987518310546875,0.02711600235557094,-5.775527281420572,0.1212,0.2167,0.3877,0.4514,0.0,0
24.595161400647743,84.77542267458954,24.5,84.75,2025-08-23,12,0.1206,20.528589248657227,4.266161918640137,19.56584930419922,9.921945571899414,5.409231344163578,17.73346791948591,0.2704,0.1376,0.2036,0.2866,0.0,0
30.46161111,78.05969444,30.5,78.0,2025-09-16,12,0.859,10.040139198303223,69.03314208984375,70.52787017822266,52.23766326904297,0.9065343111652313,-0.03527082715715757,0.2135,0.2588,0.4855,0.5391,0.0,1
31.21918611,76.72500833,31.25,76.75,2025-01-04,12,0.7752,0.0,0.0,0.0,0.0,0.0001,0.0,0.05,0.05,0.0,0.1042,0.0,0
24.793211982252128,81.43167353172659,24.75,81.5,2025-07-24,12,0.1048,0.0,0.0,342.39825439453125,134.74703979492188,2.0034444682988558e-06,-48.914036342075896,0.3111,0.4721,0.9817,0.9836,0.9454,0
12.5,70.25,12.5,70.25,2025-06-19,12,0.0,0.0,0.0,0.0,0.0,0.0001,0.0,0.05,0.05,0.0,0.1042,0.0,0
33.201932,75.363243,33.25,75.25,2025-08-30,12,0.7248,0.0,211.36514282226562,248.46890258789062,167.40133666992188,2.7400595254805013e-06,-35.495557512555806,0.3266,0.4426,0.913,0.922,0.7401,1
24.094646119687095,83.14561790348299,24.0,83.25,2025-07-13,12,0.1378,18.11417579650879,42.012027740478516,52.406795501708984,39.25736999511719,2.1344347814874784,10.627490724836077,0.2519,0.2457,0.4551,0.5119,0.0,0
32.07001944,76.69208333,32.0,76.75,2025-03-09,12,0.6631,0.0,0.0,98.21952819824219,33.26035690307617,6.6527574489893445e-06,-14.031361171177455,0.1682,0.3191,0.6259,0.6649,0.0,0
25.66315,91.90180278,25.75,92.0,2025-05-30,12,0.6416,8.124890327453613,24.262802124023438,39.01264953613281,21.76595687866211,1.2360716643259708,2.55165467943464,0.1564,0.1898,0.325,0.3953,0.0,1
33.37646,74.394878,33.5,74.5,2025-07-20,12,0.5816,0.0,44.11798858642578,54.51018524169922,36.814395904541016,1.1380229099447635e-05,-7.787169320242746,0.1777,0.2341,0.4282,0.4878,0.0,1
32.5,79.0,32.5,79.0,2025-05-02,12,0.009,0.0,0.0,0.0,0.0,0.0001,0.0,0.05,0.05,0.0,0.1042,0.0,0
23.002801255364915,80.0357837754636,23.0,80.0,2025-07-20,12,0.05,0.22525352239608765,101.639892578125,151.21148681640625,90.19761657714844,0.009970670831272612,-21.376387451376235,0.2732,0.4083,0.8334,0.8507,0.5024,0
24.481821862331536,82.7270689863629,24.5,82.75,2025-07-25,12,0.1332,2.3594555854797363,0.7835253477096558,72.36312866210938,23.684762954711914,0.20811791793994475,-7.978134223393031,0.14,0.2943,0.5681,0.613,0.0,0
14.25,77.5,14.25,77.5,2025-06-24,12,0.0,6.588240146636963,0.0,0.5202619433403015,0.16678406298160553,6.132549819930098,6.513917011874063,0.1386,0.0527,0.0062,0.1097,0.0,0
7.25,79.25,7.25,79.25,2025-07-25,12,0.0,0.0,0.0,0.0,0.0,0.0001,0.0,0.05,0.05,0.0,0.1042,0.0,0
32.25,97.0,32.25,97.0,2025-11-01,12,0.0,0.0,0.0,0.0,0.0,0.0001,0.0,0.05,0.05,0.0,0.1042,0.0,0
22.187439784348296,87.17802540209584,22.25,87.25,2025-07-23,12,0.0917,5.369204998016357,43.01386642456055,101.45360565185547,53.48432159423828,0.3465549601620965,-9.124167237962995,0.2161,0.3491,0.6956,0.7273,0.0911,0
26.425596604538228,78.44935452452727,26.5,78.5,2025-07-19,12,0.1405,25.43897247314453,17.526769638061523,45.44917678833008,24.968355178833008,3.3951630552880863,18.94623293195452,0.3035,0.2259,0.4092,0.4707,0.0,0
32.99444722,74.92806667,33.0,75.0,2025-11-25,12,0.5495,0.0,0.0,0.0,0.0,0.0001,0.0,0.05,0.05,0.0,0.1042,0.0,0
37.25,92.25,37.25,92.25,2025-03-23,12,0.0,0.0,0.0,0.0,0.0,0.0001,0.0,0.05,0.05,0.0,0.1042,0.0,0
22.95605258873371,81.127411161884,23.0,81.25,2025-07-26,12,0.1063,11.954655647277832,46.564002990722656,52.69017028808594,38.502140045166016,1.4019609782826816,4.427488463265555,0.197,0.2476,0.4596,0.5159,0.0,0
23.2028,92.7368,23.25,92.75,2025-07-01,12,0.8926,39.7066535949707,0.5415206551551819,49.990272521972656,23.749649047851562,4.877100299136701,32.565186091831755,0.3729,0.2102,0.3725,0.4379,0.0,1
10.25,85.5,10.25,85.5,2025-03-16,12,0.0,0.0,0.0,0.0,0.0,0.0001,0.0,0.05,0.05,0.0,0.1042,0.0,0
30.881375,78.664746,31.0,78.75,2025-09-17,12,0.6974,7.829579830169678,28.863079071044922,34.726070404052734,23.597164154052734,1.3135135487348557,2.868712629590716,0.1531,0.1752,0.2911,0.365,0.0,1
23.160443,92.743261,23.25,92.75,2025-12-13,12,0.8145,0.0,0.0,0.0,0.0,0.0001,0.0,0.05,0.05,0.0,0.1042,0.0,0
27.07670833,88.09208333,27.0,88.0,2025-01-11,12,0.7464,0.0,0.19085106253623962,0.19085106253623962,0.13788989186286926,9.734591829428149e-05,-0.02726443750517709,0.0506,0.0508,0.0019,0.1058,0.0,0
27.296928,93.088111,27.25,93.0,2025-09-25,12,0.5494,0.0,4.000588417053223,48.526084899902344,19.14321517944336,1.2606687492228202e-05,-6.932297842843192,0.1251,0.2198,0.3949,0.4579,0.0,1
25.601866063661014,82.44479977977791,25.5,82.5,2025-07-11,12,0.0448,0.0,0.31923067569732666,5.131984710693359,2.3894171714782715,5.76987209176918e-05,-0.7331406729561942,0.0606,0.0754,0.0591,0.1571,0.0,0
18.5,91.5,18.5,91.5,2025-02-20,12,0.0,0.0,0.0,0.0,0.0,0.0001,0.0,0.05,0.05,0.0,0.1042,0.0,0
23.30374,92.672816,23.25,92.75,2025-03-17,12,0.8145,0.0,0.0,0.0,0.0,0.0001,0.0,0.05,0.05,0.0,0.1042,0.0,0
26.147612076441874,87.75068922598717,26.25,87.75,2025-08-24,12,0.0495,8.026829719543457,11.108953475952148,12.40738582611084,9.166154861450195,2.89521260309092,6.254346030099051,0.1553,0.1088,0.1367,0.2267,0.0,0
11.4723,76.8408,11.5,76.75,2025-03-14,12,0.6111,18.57048225402832,15.336132049560547,15.336132049560547,13.035712242126465,5.819900934045374,16.379606246948242,0.2555,0.1121,0.1444,0.2335,0.0,0
11.3551,76.7902,11.25,76.75,2025-08-22,12,0.7749,0.0,90.00437927246094,186.7687225341797,103.71827697753906,3.612554135905623e-06,-26.681246076311385,0.2875,0.4094,0.8359,0.853,0.5099,1
29.75,84.25,29.75,84.25,2025-04-07,12,0.0,0.0,0.0,0.0,0.0,0.0001,0.0,0.05,0.05,0.0,0.1042,0.0,0
38.25,70.5,38.25,70.5,2025-05-12,12,0.0,0.0,0.0,0.0,0.0,0.0001,0.0,0.05,0.05,0.0,0.1042,0.0,0
23.507124558992793,80.00870735691657,23.5,80.0,2025-07-17,12,0.1126,15.260339736938477,10.091837882995605,72.86114501953125,34.68623352050781,1.3376101498725586,4.851604734148298,0.2279,0.2962,0.5725,0.617,0.0,0
12.826832,75.427265,12.75,75.5,2025-08-05,12,0.5884,11.31823444366455,31.39193344116211,89.46923828125,47.16203689575195,0.8212808820431089,-1.4630853107997357,0.2026,0.3079,0.5998,0.6415,0.0,1
22.728782841223758,82.49433835213738,22.75,82.5,2025-08-11,12,0.1433,0.0,2.4552245140075684,25.29496192932129,10.153502464294434,2.1675207468334404e-05,-3.6135659899030412,0.0925,0.1591,0.2537,0.3315,0.0,0
27.296928,93.088111,27.25,93.0,2025-11-12,12,0.4062,0.0,0.0,0.0,0.0,0.0001,0.0,0.05,0.05,0.0,0.1042,0.0,0
29.457862,80.191313,29.5,80.25,2025-08-17,12,0.7472,19.477407455444336,89.73751068115234,147.4636993408203,92.39810943603516,0.8826834574722563,-1.588835307529994,0.2757,0.378,0.7628,0.7875,0.2918,1
23.119344,92.742996,23.0,92.75,2025-01-05,12,0.6896,0.0,0.0,0.0,0.0,0.0001,0.0,0.05,0.05,0.0,0.1042,0.0,0
12.812253,74.892171,12.75,75.0,2025-01-03,12,0.3899,0.0,0.0,0.0,0.0,0.0001,0.0,0.05,0.05,0.0,0.1042,0.0,0
33.0,99.75,33.0,99.75,2025-04-11,12,0.0,0.0,0.0,0.0,0.0,0.0001,0.0,0.05,0.05,0.0,0.1042,0.0,0
21.0,90.5,21.0,90.5,2025-12-15,12,0.0,0.0,0.0,0.0,0.0,0.0001,0.0,0.05,0.05,0.0,0.1042,0.0,0
11.84484722,75.91622222,11.75,76.0,2025-07-20,12,0.7871,12.186192512512207,84.65042877197266,103.48463439941406,70.92864990234375,0.7720896942031049,-2.597326687404088,0.2471,0.3214,0.6312,0.6696,0.0,1
12.830346,74.902801,12.75,75.0,2025-11-15,12,0.3899,12.873664855957031,0.0,0.0,0.0,12.873764855957031,12.873664855957031,0.206,0.05,0.0,0.1042,0.0,0
24.775045432374256,80.43454011971765,24.75,80.5,2025-07-10,12,0.1421,0.0,37.05611038208008,73.84184265136719,40.34364318847656,8.658882294640048e-06,-10.548834664481026,0.1867,0.2971,0.5746,0.6189,0.0,0
25.30127778,91.92198889,25.25,92.0,2025-12-22,12,0.4957,0.21218255162239075,0.0,0.0,0.0,0.21228255162239074,0.21218255162239075,0.0532,0.05,0.0,0.1042,0.0,0
31.16436666,76.7617555,31.25,76.75,2025-03-16,12,0.7752,0.4115980863571167,0.0,0.0,0.0,0.4116980863571167,0.4115980863571167,0.0562,0.05,0.0,0.1042,0.0,0
13.5,77.5,13.5,77.5,2025-03-19,12,0.0,0.0,0.0,0.0,0.0,0.0001,0.0,0.05,0.05,0.0,0.1042,0.0,0
11.3599,76.7814,11.25,76.75,2025-10-22,12,0.8896,3.2365293502807617,22.973480224609375,62.4788703918457,31.56708526611328,0.3260905844350684,-5.6890235628400525,0.1635,0.24,0.4418,0.4999,0.0,1
22.363811881198135,78.98769051398752,22.25,79.0,2025-07-13,12,0.0597,17.5599308013916,32.591331481933594,171.114013671875,87.84971618652344,0.6901209684499455,-6.884928294590541,0.2704,0.4231,0.8677,0.8815,0.605,0
23.214589,92.572672,23.25,92.5,2025-06-01,12,0.811,89.12710571289062,83.58097076416016,163.79278564453125,103.04899597167969,3.652908626297186,65.72813633510044,0.461,0.3903,0.7913,0.8131,0.3769,1
23.137565,92.747197,23.25,92.75,2025-06-01,12,1.0,99.3125228881836,87.32789611816406,173.41844177246094,108.7843017578125,3.853200112957625,74.53845977783203,0.4667,0.3897,0.79,0.8119,0.373,1
17.75,77.75,17.75,77.75,2025-01-02,12,0.0,0.0,0.0,0.0,0.0,0.0001,0.0,0.05,0.05,0.0,0.1042,0.0,0
23.000771056246833,81.19589426259998,23.0,81.25,2025-08-24,12,0.0226,38.3280143737793,41.66350555419922,51.14818572998047,35.61509704589844,4.614018429780942,31.0211306980678,0.3676,0.2464,0.4568,0.5134,0.0,0
30.0864,78.5788,30.0,78.5,2025-01-20,12,0.659,0.0,2.211883068084717,2.8036863803863525,1.649888515472412,7.140171287001266e-05,-0.40052662576947895,0.0574,0.0619,0.0277,0.129,0.0,0
15.5,76.75,15.5,76.75,2025-01-05,12,0.0,0.0,0.0,0.0,0.0,0.0001,0.0,0.05,0.05,0.0,0.1042,0.0,0
27.07369258,88.19971448,27.0,88.25,2025-06-17,12,1.0,14.21895694732666,57.22434616088867,62.22532272338867,50.24407958984375,1.4378177625693895,5.329625129699707,0.2186,0.2344,0.4288,0.4883,0.0,1
26.01348702668011,85.88035149575022,26.0,86.0,2025-07-24,12,0.0376,10.334284782409668,4.82900857925415,110.4648666381836,40.590553283691406,0.615849619952255,-5.4464104516165595,0.1873,0.3643,0.731,0.759,0.1968,0
32.30424444,75.88190278,32.25,76.0,2025-08-24,12,0.7308,17.911500930786133,24.275859832763672,129.1575164794922,58.06011962890625,0.920854094267999,-0.5395728519984644,0.2503,0.3588,0.7182,0.7476,0.1586,1
24.605868624567687,79.49777131680902,24.5,79.5,2025-08-10,12,0.1148,5.2271928787231445,0.803457498550415,49.0806884765625,19.21417236328125,0.652471486086593,-1.7843340465000699,0.1254,0.2373,0.4356,0.4944,0.0,0
26.247111347274448,84.15843894421236,26.25,84.25,2025-08-17,12,0.0747,0.0,12.236320495605469,32.67725372314453,15.852544784545898,1.7642350070001848e-05,-4.668179103306362,0.1137,0.1873,0.3194,0.3903,0.0,0
23.235716,92.744499,23.25,92.75,2025-11-14,12,0.8145,0.0,0.0,26.621688842773438,8.746379852294922,2.081989406521012e-05,-3.803098406110491,0.087,0.1466,0.2246,0.3054,0.0,0
23.104623,92.747711,23.0,92.75,2025-06-01,12,0.912,171.4090118408203,91.12442016601562,194.12319946289062,119.84480285644531,5.96581491389376,143.67712620326452,0.4789,0.4088,0.8344,0.8517,0.5056,1
27.10338612,88.63583616,27.0,88.75,2025-03-18,12,0.8018,0.0,21.25226402282715,28.878398895263672,16.88137435913086,1.951034665854076e-05,-4.125485556466239,0.1173,0.1541,0.242,0.321,0.0,0
24.27691567740304,82.1496043607968,24.25,82.25,2025-07-22,12,0.0376,0.0,54.6272087097168,242.44186401367188,127.78841400146484,2.8062651101806755e-06,-34.634552001953125,0.3067,0.4559,0.944,0.9498,0.8327,0
26.52878395318224,87.75087169707682,26.5,87.75,2025-08-21,12,0.1346,0.0,0.0,64.90336608886719,21.38447380065918,9.7352883192541e-06,-9.271909441266741,0.1326,0.2774,0.5289,0.578,0.0,0
23.148209,93.321183,23.25,93.25,2025-05-31,12,0.6852,56.08502960205078,64.96480560302734,160.17703247070312,91.92794036865234,2.348384233241823,33.20259639195034,0.4196,0.3926,0.7967,0.8178,0.3928,1
22.706999,92.841597,22.75,92.75,2025-05-31,12,0.7202,55.93308639526367,77.14723205566406,181.53414916992188,103.7266616821289,2.076718231103936,29.999636513846262,0.4193,0.4079,0.8324,0.8499,0.4995,1
27.06513889,88.09125,27.0,88.0,2025-09-03,12,0.8611,3.8985960483551025,13.419979095458984,65.90489959716797,34.300506591796875,0.37433522972090955,-5.516389608383179,0.1711,0.2488,0.4624,0.5184,0.0,1
23.089822,92.751916,23.0,92.75,2025-03-01,12,0.6896,0.0,0.0,0.0,0.0,0.0001,0.0,0.05,0.05,0.0,0.1042,0.0,0
29.5,88.25,29.5,88.25,2025-09-23,12,0.0,0.0,0.0,0.0,0.0,0.0001,0.0,0.05,0.05,0.0,0.1042,0.0,0
24.233632343513204,79.23449865810355,24.25,79.25,2025-08-16,12,0.0201,0.0,13.384028434753418,60.88340377807617,33.8189582824707,1.0311798776154976e-05,-8.69762911115374,0.1698,0.2721,0.5166,0.567,0.0,0
25.369056,91.775046,25.25,91.75,2025-01-11,12,0.4952,0.0,0.0,0.0,0.0,0.0001,0.0,0.05,0.05,0.0,0.1042,0.0,0
22.903454,92.760096,23.0,92.75,2025-06-01,12,0.786,171.4090118408203,91.12442016601562,194.12319946289062,119.84480285644531,5.96581491389376,143.67712620326452,0.4789,0.4138,0.8461,0.8622,0.5406,1
18.38016,73.77685,18.5,73.75,2025-01-17,12,0.4299,0.0,0.0,0.0,0.0,0.0001,0.0,0.05,0.05,0.0,0.1042,0.0,0
35.0,80.5,35.0,80.5,2025-08-22,12,0.0,0.0,0.0,0.0,0.0,0.0001,0.0,0.05,0.05,0.0,0.1042,0.0,0
24.56587541141018,79.3050455963744,24.5,79.25,2025-07-23,12,0.0612,0.0,11.463898658752441,123.95271301269531,64.2459945678711,5.345440990841771e-06,-17.707530430385045,0.2362,0.3806,0.7688,0.7929,0.3097,0
23.125291727573362,82.10777089524291,23.25,82.0,2025-08-17,12,0.0886,9.639646530151367,7.050660610198975,9.782859802246094,5.670064449310303,4.020663135255934,8.242095129830497,0.1731,0.0966,0.1085,0.2013,0.0,0
22.466069629463494,78.4593003222909,22.5,78.5,2025-07-08,12,0.0443,26.933202743530273,85.76000213623047,164.24838256835938,102.27894592285156,1.1009337219839304,3.469148090907506,0.3125,0.4188,0.8576,0.8724,0.5748,0
11.4139,76.8139,11.5,76.75,2025-11-01,12,0.6111,0.0,11.428354263305664,13.446991920471191,8.315873146057129,3.42348646061317e-05,-1.9209988457815987,0.0853,0.1049,0.1278,0.2186,0.0,0
23.17252,92.611434,23.25,92.5,2025-06-01,12,0.8233,89.12710571289062,83.58097076416016,163.79278564453125,103.04899597167969,3.652908626297186,65.72813633510044,0.461,0.3897,0.7901,0.8119,0.3731,1
23.93025467825918,87.66706140018461,24.0,87.75,2025-08-17,12,0.0308,0.1550290286540985,11.787517547607422,98.50491333007812,54.95161056518555,0.01029244199444418,-13.917101447071348,0.219,0.3469,0.6905,0.7228,0.0759,0
23.053698,92.772504,23.0,92.75,2025-09-27,12,0.7862,0.0,49.551944732666016,57.05569076538086,35.4569091796875,1.0927990809808233e-05,-8.15081296648298,0.1742,0.2319,0.4231,0.4832,0.0,1
26.153113802158956,80.24657397641766,26.25,80.25,2025-07-01,12,0.0733,7.231124401092529,12.322391510009766,18.348669052124023,12.605303764343262,1.9968926456675744,4.609885965074811,0.1461,0.1336,0.1944,0.2783,0.0,0
11.3339,76.7981,11.25,76.75,2025-11-15,12,0.6801,0.0,3.0233168601989746,3.0233168601989746,1.872697353363037,6.983716166647296e-05,-0.4319024085998535,0.0583,0.0628,0.0297,0.1307,0.0,0
26.0,99.75,26.0,99.75,2025-11-08,12,0.0,0.0,0.0,0.0,0.0,0.0001,0.0,0.05,0.05,0.0,0.1042,0.0,0
23.861001959126096,81.33034871805398,23.75,81.25,2025-08-06,12,0.0698,0.663652777671814,15.923543930053711,22.498096466064453,14.039371490478516,0.1575108227423391,-2.5503610031945363,0.1072,0.1502,0.233,0.3129,0.0,0
18.25,87.75,18.25,87.75,2025-04-05,12,0.0,0.0,0.0,0.0,0.0,0.0001,0.0,0.05,0.05,0.0,0.1042,0.0,0
22.0,75.75,22.0,75.75,2025-03-27,12,0.0,0.0,0.0,0.0,0.0,0.0001,0.0,0.05,0.05,0.0,0.1042,0.0,0
23.0,70.75,23.0,70.75,2025-11-19,12,0.0,0.0,0.0,0.0,0.0,0.0001,0.0,0.05,0.05,0.0,0.1042,0.0,0
33.24148,74.376621,33.25,74.5,2025-07-20,12,0.5444,0.12568284571170807,56.191490173339844,113.90414428710938,68.39834594726562,0.007282462691196863,-16.14633776673249,0.2431,0.348,0.693,0.725,0.0832,1
33.24198611,75.23667778,33.25,75.25,2025-03-25,12,0.6662,0.0,0.0,1.6734665632247925,0.842915952205658,8.070590863495992e-05,-0.23906665188925608,0.0538,0.0571,0.0166,0.119,0.0,0
25.442006453546785,79.58452440180763,25.5,79.5,2025-07-24,12,0.0604,0.0,0.0,151.71266174316406,66.22957611083984,4.4104861723809494e-06,-21.67323739188058,0.2395,0.4084,0.8335,0.8509,0.503,0
32.67509167,75.15949167,32.75,75.25,2025-08-27,12,0.6353,82.84996795654297,98.8916015625,115.99009704589844,82.58794403076172,4.715424165242915,66.27995409284318,0.4563,0.3467,0.6899,0.7222,0.074,1
29.75,78.25,29.75,78.25,2025-11-21,12,0.1504,0.0,0.0,0.0,0.0,0.0001,0.0,0.05,0.05,0.0,0.1042,0.0,0
25.793818753509388,79.90717253004745,25.75,80.0,2025-07-17,12,0.1258,2.4708969593048096,29.51123809814453,152.56883239746094,78.3005142211914,0.10839822824578679,-19.324650526046753,0.258,0.407,0.8302,0.8479,0.493,0
32.53151944,75.69415556,32.5,75.75,2025-12-11,12,0.6685,0.0,0.0,0.0,0.0,0.0001,0.0,0.05,0.05,0.0,0.1042,0.0,0
26.36206588243351,84.33303326398672,26.25,84.25,2025-07-22,12,0.0644,11.972685813903809,4.635927677154541,46.74601364135742,22.143375396728516,1.5593621744038604,5.294683865138462,0.1972,0.2324,0.4242,0.4841,0.0,0
26.819580060365944,84.41579681243394,26.75,84.5,2025-07-10,12,0.0759,2.602112054824829,0.0,17.57105827331543,6.984657287597656,0.7413390250087892,0.09196087292262467,0.0874,0.1303,0.1869,0.2716,0.0,0
23.3228,92.862406,23.25,92.75,2025-05-31,12,1.0,58.45155715942383,51.10498046875,134.1341552734375,75.67455291748047,2.8990969572407543,39.28953497750419,0.4244,0.3514,0.701,0.7321,0.1071,1
22.34220354621313,86.97397318321586,22.25,87.0,2025-08-18,12,0.0626,0.15880969166755676,27.725547790527344,84.4317626953125,49.28565979003906,0.012166098616951698,-11.902870693377086,0.2073,0.3214,0.6311,0.6696,0.0,0
27.09203788,88.24652408,27.0,88.25,2025-03-04,12,1.0,0.0,0.6973334550857544,4.430290699005127,1.8755722045898438,6.124078717096204e-05,-0.6328986712864467,0.0584,0.0668,0.0391,0.1392,0.0,0
11.2617,76.6327,11.25,76.75,2025-01-23,12,0.6801,0.0,2.0287692546844482,2.0287692546844482,1.3602359294891357,7.752994680164354e-05,-0.28982417924063547,0.0561,0.0586,0.02,0.1221,0.0,0
23.229765,93.127521,23.25,93.25,2025-11-15,12,0.5937,0.0,0.0,2.389254331588745,0.7659401893615723,7.455331118733832e-05,-0.34132204736982075,0.0534,0.0604,0.0241,0.1258,0.0,0
23.155456,92.744778,23.25,92.75,2025-02-12,12,0.8145,0.0,0.0,0.0,0.0,0.0001,0.0,0.05,0.05,0.0,0.1042,0.0,0
12.5,71.5,12.5,71.5,2025-10-11,12,0.0,0.0,0.0,0.0,0.0,0.0001,0.0,0.05,0.05,0.0,0.1042,0.0,0
14.75,69.25,14.75,69.25,2025-07-15,12,0.0,0.0,0.0,0.0,0.0,0.0001,0.0,0.05,0.05,0.0,0.1042,0.0,0
36.0,89.75,36.0,89.75,2025-05-15,12,0.0,0.0,0.0,0.0,0.0,0.0001,0.0,0.05,0.05,0.0,0.1042,0.0,0
25.305652934128585,78.43971641621455,25.25,78.5,2025-07-13,12,0.0523,67.05793762207031,39.05247497558594,85.93175506591797,46.18302917480469,5.051085745895307,54.78197261265346,0.4389,0.3246,0.6386,0.6762,0.0,0
22.05005205279568,86.82409186443789,22.0,86.75,2025-08-13,12,0.0631,0.0,13.422398567199707,43.2805290222168,21.111778259277344,1.3921890115569393e-05,-6.1829327174595425,0.1317,0.2221,0.4002,0.4627,0.0,0
20.5,95.75,20.5,95.75,2025-01-17,12,0.0,0.0,0.0,0.0,0.0,0.0001,0.0,0.05,0.05,0.0,0.1042,0.0,0
23.204481,92.575792,23.25,92.5,2025-06-01,12,0.8135,89.12710571289062,83.58097076416016,163.79278564453125,103.04899597167969,3.652908626297186,65.72813633510044,0.461,0.3902,0.7911,0.8128,0.3761,1
23.286735,92.85703,23.25,92.75,2025-05-31,12,0.9316,58.45155715942383,51.10498046875,134.1341552734375,75.67455291748047,2.8990969572407543,39.28953497750419,0.4244,0.3549,0.7091,0.7394,0.1313,1
26.33382001145672,83.19226744189528,26.25,83.25,2025-07-12,12,0.0215,3.389737367630005,0.0,18.034069061279297,6.061356544494629,0.9478627511702422,0.8134417874472484,0.0981,0.1333,0.1937,0.2777,0.0,0
23.183361,93.066742,23.25,93.0,2025-05-31,12,0.8856,57.51850509643555,57.59139633178711,152.9855194091797,86.28556060791016,2.516666740602191,35.663430895124165,0.4226,0.377,0.7605,0.7855,0.285,1
24.279622121597086,86.13825900098705,24.25,86.25,2025-08-12,12,0.09,6.3030195236206055,4.154575347900391,30.85245132446289,12.78547477722168,1.1656269309255973,1.8955264772687643,0.1351,0.1806,0.3036,0.3762,0.0,0
33.63193,74.250613,33.75,74.25,2025-07-18,12,0.5777,15.263402938842773,17.10000991821289,35.67765426635742,20.17401885986328,2.5035237387947165,10.166595186506,0.228,0.1819,0.3067,0.3789,0.0,1
30.25,89.5,30.25,89.5,2025-10-21,12,0.0,0.0,0.0,0.0,0.0,0.0001,0.0,0.05,0.05,0.0,0.1042,0.0,0
15.5,85.5,15.5,85.5,2025-03-13,12,0.0,0.0,0.0,0.0,0.0,0.0001,0.0,0.05,0.05,0.0,0.1042,0.0,0
19.0,75.25,19.0,75.25,2025-01-09,12,0.0,0.0,0.0,0.0,0.0,0.0001,0.0,0.05,0.05,0.0,0.1042,0.0,0
26.4527822,94.375268,26.5,94.5,2025-07-08,12,0.7007,0.3123943507671356,102.99995422363281,229.4612579345703,135.9024658203125,0.009250819666937691,-32.46778535417148,0.3118,0.4356,0.8968,0.9076,0.6919,1
26.42186,94.3852,26.5,94.5,2025-01-07,12,0.476,0.0,0.0,0.0,0.0,0.0001,0.0,0.05,0.05,0.0,0.1042,0.0,0
30.239138,78.682359,30.25,78.75,2025-06-29,12,0.9938,60.780879974365234,27.69326400756836,93.68505859375,53.03786087036133,4.225719940604647,47.397300175258096,0.4288,0.2953,0.5704,0.6152,0.0,1
24.108098489610924,81.94344143233508,24.0,82.0,2025-08-15,12,0.076,2.532888889312744,5.901402473449707,109.46431732177734,52.906070709228516,0.15224338778546856,-13.10487072808402,0.2149,0.3615,0.7243,0.7531,0.1769,0
13.37401333,75.21429306,13.25,75.25,2025-07-14,12,0.6726,13.71892261505127,58.126407623291016,180.68910217285156,94.9715576171875,0.5116608113822054,-12.093806266784668,0.2786,0.4092,0.8353,0.8525,0.5082,1
30.143104,78.595503,30.25,78.5,2025-03-07,12,0.7335,0.0,1.2136560678482056,99.29507446289062,40.517845153808594,6.5854415506748776e-06,-14.185010637555804,0.1871,0.3175,0.6221,0.6614,0.0,0
32.41663056,75.99166944,32.5,76.0,2025-07-12,12,0.8761,4.80298376083374,4.140039920806885,16.954065322875977,8.385038375854492,1.4035858161298318,2.380974428994315,0.1165,0.1132,0.1469,0.2358,0.0,1
32.25,85.0,32.25,85.0,2025-10-27,12,0.0,0.0,0.0,0.0,0.0,0.0001,0.0,0.05,0.05,0.0,0.1042,0.0,0
23.896416958637722,78.47224876494755,24.0,78.5,2025-07-18,12,0.1443,4.230507850646973,22.863874435424805,222.87770080566406,104.09952545166016,0.1288261316810557,-27.609163693019322,0.2878,0.4474,0.9241,0.932,0.7733,0
12.305793,75.689515,12.25,75.75,2025-06-25,12,0.624,13.005664825439453,78.73796081542969,195.05174255371094,104.98446655273438,0.45057940420323334,-14.858869825090682,0.2887,0.4204,0.8613,0.8758,0.5858,1
12.860977,75.205525,12.75,75.25,2025-02-06,12,0.4204,0.0,0.0,0.0,0.0,0.0001,0.0,0.05,0.05,0.0,0.1042,0.0,0
25.47413789664063,85.95786731176501,25.5,86.0,2025-07-15,12,0.0208,3.15895676612854,0.12827599048614502,2.249035358428955,1.0923197269439697,2.3908868877603657,2.837666000638689,0.095,0.0614,0.0265,0.1279,0.0,0
18.51037,73.125529,18.5,73.25,2025-11-04,12,0.427,29.251724243164062,19.170392990112305,46.41002655029297,25.01641845703125,3.8337889517679944,22.621720450265066,0.3255,0.2185,0.3919,0.4553,0.0,0
23.32044,92.643229,23.25,92.75,2025-03-21,12,0.8145,0.0,0.9832902550697327,0.9832902550697327,0.8357967138290405,8.768314537423589e-05,-0.14047003643853323,0.0538,0.054,0.0094,0.1125,0.0,0
22.55374222659479,85.59582410114632,22.5,85.5,2025-07-11,12,0.1372,27.67803382873535,44.423065185546875,152.5373992919922,74.12516021728516,1.2144295799039793,5.886976787022181,0.3168,0.4066,0.8293,0.8471,0.4902,0
19.0,73.5,19.0,73.5,2025-01-12,12,0.0705,0.0,0.0,0.0,0.0,0.0001,0.0,0.05,0.05,0.0,0.1042,0.0,0
18.36807,73.77814,18.25,73.75,2025-07-20,12,0.6349,0.23003557324409485,22.973190307617188,34.325862884521484,19.5921573638916,0.03898161829579223,-4.673659124544689,0.1266,0.1759,0.2929,0.3665,0.0,1
23.134961,92.747843,23.25,92.75,2025-05-30,12,1.0,25.781877517700195,70.82451629638672,121.74378967285156,67.5400161743164,1.4018062003806169,8.389907564435685,0.3056,0.3362,0.6657,0.7005,0.0017,1
11.75,90.25,11.75,90.25,2025-03-13,12,0.0,0.0,0.0,0.0,0.0,0.0001,0.0,0.05,0.05,0.0,0.1042,0.0,0
24.18882527494064,81.1037088910812,24.25,81.0,2025-07-26,12,0.1417,26.995750427246094,24.8143310546875,98.32225799560547,40.92616271972656,1.7942166887326645,12.949713570731026,0.3128,0.3422,0.6796,0.7129,0.0431,0
26.184324,91.855395,26.25,91.75,2025-01-18,12,0.4187,0.0,0.0,0.0,0.0,0.0001,0.0,0.05,0.05,0.0,0.1042,0.0,0
23.183856,92.735346,23.25,92.75,2025-05-30,12,0.9155,25.781877517700195,70.82451629638672,121.74378967285156,67.5400161743164,1.4018062003806169,8.389907564435685,0.3056,0.3406,0.6759,0.7096,0.0321,1
14.491747,74.497642,14.5,74.5,2025-01-22,12,0.4585,0.0,0.0,0.0,0.0,0.0001,0.0,0.05,0.05,0.0,0.1042,0.0,0
25.584420877986386,83.81185342732114,25.5,83.75,2025-07-03,12,0.0228,13.171725273132324,65.5455322265625,74.42132568359375,50.855377197265625,1.1324155697271452,2.5401073183332166,0.2106,0.3031,0.5885,0.6314,0.0,0
30.142473,78.595303,30.25,78.5,2025-09-15,12,0.9415,0.0,0.0,1.9074349403381348,0.7396780848503113,7.858603567565629e-05,-0.27249070576259066,0.0533,0.0575,0.0173,0.1197,0.0,1
30.073814,78.492374,30.0,78.5,2025-12-18,12,0.659,0.0,0.0,0.0,0.0,0.0001,0.0,0.05,0.05,0.0,0.1042,0.0,0
8.25,69.25,8.25,69.25,2025-07-14,12,0.0,0.0,0.0,0.0,0.0,0.0001,0.0,0.05,0.05,0.0,0.1042,0.0,0
8.75,76.5,8.75,76.5,2025-11-09,12,0.0125,0.0,2.676438808441162,2.676438808441162,1.7742974758148193,7.234066311558347e-05,-0.3823484012058803,0.0579,0.0635,0.0315,0.1324,0.0,0
27.293539,93.050398,27.25,93.0,2025-07-24,12,0.6297,0.0,5.842902183532715,12.605057716369629,7.134521007537842,3.570507213633558e-05,-1.800722530909947,0.0805,0.1015,0.1197,0.2114,0.0,1
33.111744,75.48248,33.0,75.5,2025-01-01,12,0.7501,0.0,0.0,0.0,0.0,0.0001,0.0,0.05,0.05,0.0,0.1042,0.0,0
26.558639241708164,85.02082566884496,26.5,85.0,2025-07-26,12,0.0774,0.0,31.0377197265625,45.446861267089844,23.88477325439453,1.3346842558131246e-05,-6.492408752441406,0.1406,0.2281,0.4142,0.4752,0.0,0
25.473360018220998,78.08100941647322,25.5,78.0,2025-08-06,12,0.0322,1.2119288444519043,15.496574401855469,86.85023498535156,40.582923889160156,0.09040149886132486,-11.19524758202689,0.1872,0.3271,0.6444,0.6814,0.0,0
11.3665,76.8167,11.25,76.75,2025-10-18,12,0.8487,1.071923017501831,38.433467864990234,55.271934509277344,34.683441162109375,0.12050631125639495,-6.824067626680646,0.1721,0.225,0.407,0.4688,0.0,1
13.75,72.0,13.75,72.0,2025-12-19,12,0.0,0.0,0.0,0.0,0.0,0.0001,0.0,0.05,0.05,0.0,0.1042,0.0,0
33.075314,74.728768,33.0,74.75,2025-07-30,12,0.6814,31.440265655517578,58.95710372924805,188.97030639648438,92.64569091796875,1.1230403403225542,4.444507598876953,0.3369,0.4145,0.8476,0.8635,0.545,1
23.157803,92.743652,23.25,92.75,2025-02-10,12,0.8145,0.0,0.0,0.0,0.0,0.0001,0.0,0.05,0.05,0.0,0.1042,0.0,0
27.5,72.75,27.5,72.75,2025-08-21,12,0.0,0.0,7.080566883087158,7.080566883087158,5.919294357299805,4.9713907530300045e-05,-1.011509554726737,0.0756,0.085,0.0815,0.1771,0.0,0
23.195616,92.546251,23.25,92.5,2025-03-25,12,0.6729,0.0,0.0,0.13677437603473663,0.06068751960992813,9.808352669107736e-05,-0.019539196576390947,0.0503,0.0506,0.0014,0.1054,0.0,0
26.18640636849529,87.3807259670541,26.25,87.5,2025-07-02,12,0.0363,9.953060150146484,0.0,38.05328369140625,12.64083194732666,1.5464382469488034,4.516876765659878,0.1765,0.2065,0.364,0.4302,0.0,0
24.70610314016447,87.56600567767308,24.75,87.5,2025-08-17,12,0.0746,0.7881091237068176,17.54606819152832,47.77097702026367,26.03598403930664,0.10073699915753596,-6.036316164902279,0.1473,0.235,0.4303,0.4896,0.0,0
26.75,98.0,26.75,98.0,2025-01-17,12,0.0,0.0,0.0,0.0,0.0,0.0001,0.0,0.05,0.05,0.0,0.1042,0.0,0
23.239137,92.744468,23.25,92.75,2025-11-04,12,0.8145,3.5196757316589355,1.574209451675415,3.3152003288269043,2.014991283416748,2.388555659239878,3.0460756846836636,0.0998,0.0634,0.0312,0.1321,0.0,0
12.75,82.5,12.75,82.5,2025-08-04,12,0.0,0.0,0.0,0.0,0.0,0.0001,0.0,0.05,0.05,0.0,0.1042,0.0,0
31.230587,76.677044,31.25,76.75,2025-07-17,12,0.907,3.247954845428467,24.41816520690918,111.46443939208984,55.51493835449219,0.19192581364224504,-12.675536496298653,0.2201,0.3271,0.6445,0.6815,0.0,1
23.353485,92.780193,23.25,92.75,2025-05-31,12,1.0,58.45155715942383,51.10498046875,134.1341552734375,75.67455291748047,2.8990969572407543,39.28953497750419,0.4244,0.3514,0.701,0.7321,0.1071,1
26.78399907742143,83.00401145710201,26.75,83.0,2025-07-03,12,0.0795,2.641993284225464,29.708438873291016,30.142803192138672,24.371585845947266,0.4979336883623438,-1.6641214575086325,0.1422,0.1784,0.2985,0.3716,0.0,0
26.065716951496682,84.11576545479402,26.0,84.0,2025-07-05,12,0.1135,0.6885663866996765,7.851949214935303,20.353307723999023,11.78884220123291,0.1762369931833955,-2.219049002443041,0.0988,0.1408,0.2113,0.2934,0.0,0
16.5,68.75,16.5,68.75,2025-10-04,12,0.0,0.0,0.0,0.0,0.0,0.0001,0.0,0.05,0.05,0.0,0.1042,0.0,0
27.068621,88.479162,27.0,88.5,2025-12-15,12,1.0,0.0,0.0,0.0,0.0,0.0001,0.0,0.05,0.05,0.0,0.1042,0.0,1
27.296928,93.088111,27.25,93.0,2025-09-06,12,0.6389,0.40339502692222595,1.3448957204818726,91.19682312011719,33.73451614379883,0.028763305152964207,-12.624722561665944,0.1695,0.3086,0.6013,0.6428,0.0,1
26.93758333,88.13305556,27.0,88.25,2025-07-21,12,1.0,42.86775588989258,34.94693374633789,197.65435791015625,100.18959045410156,1.4662526334327155,14.631419045584543,0.3841,0.4074,0.8312,0.8488,0.4959,1
11.4723,76.8408,11.5,76.75,2025-01-12,12,0.6111,0.0,0.0,0.0,0.0,0.0001,0.0,0.05,0.05,0.0,0.1042,0.0,0
25.966490383493674,81.59882597754554,26.0,81.5,2025-08-10,12,0.0458,6.981349468231201,57.533287048339844,240.0137481689453,124.18901062011719,0.19784383112228074,-27.306328841618132,0.3043,0.4551,0.942,0.948,0.8268,0
30.085511,79.469678,30.0,79.5,2025-08-23,12,0.7671,2.6254043579101562,23.894840240478516,101.09667205810547,52.052425384521484,0.17001939241470856,-11.816977364676339,0.2131,0.3187,0.6249,0.664,0.0,1
31.96693889,77.11688056,32.0,77.0,2025-09-03,12,0.8015,43.67386245727539,44.20885467529297,156.13455200195312,73.5362548828125,1.874021986447528,21.368926456996373,0.3868,0.3839,0.7765,0.7998,0.3325,1
25.355042,91.767525,25.25,91.75,2025-05-31,12,0.7233,142.35092163085938,33.61418151855469,71.69831085205078,42.82623291015625,12.661734929601087,132.10830579485213,0.4771,0.2675,0.5058,0.5573,0.0,1
19.09314,73.79751,19.0,73.75,2025-02-23,12,0.3987,0.0,0.0,0.0,0.0,0.0001,0.0,0.05,0.05,0.0,0.1042,0.0,0
11.75,99.0,11.75,99.0,2025-03-15,12,0.0,0.0,0.0,0.0,0.0,0.0001,0.0,0.05,0.05,0.0,0.1042,0.0,0
23.717553,92.716826,23.75,92.75,2025-08-04,12,1.0,3.202214479446411,27.857345581054688,62.493526458740234,39.46881866455078,0.32256531648935455,-5.7254321575164795,0.1845,0.235,0.4302,0.4895,0.0,1
25.852236105369947,81.37302836467487,25.75,81.25,2025-07-21,12,0.0889,0.0,31.862266540527344,56.851322174072266,31.719646453857422,1.0962967972560556e-05,-8.121617453438896,0.164,0.2593,0.4868,0.5402,0.0,0
23.6233796344503,85.373570773878,23.5,85.25,2025-08-03,12,0.0689,0.0,14.312155723571777,52.50666809082031,23.416044235229492,1.1763387574173122e-05,-7.500952584402902,0.1392,0.2485,0.4616,0.5177,0.0,0
26.4242282,94.3924136,26.5,94.5,2025-12-07,12,0.476,0.0,0.0,0.0,0.0,0.0001,0.0,0.05,0.05,0.0,0.1042,0.0,0
18.5,70.25,18.5,70.25,2025-01-20,12,0.0,0.0,0.0,0.0,0.0,0.0001,0.0,0.05,0.05,0.0,0.1042,0.0,0
23.301587,92.868485,23.25,92.75,2025-05-31,12,1.0,58.45155715942383,51.10498046875,134.1341552734375,75.67455291748047,2.8990969572407543,39.28953497750419,0.4244,0.3514,0.701,0.7321,0.1071,1
22.173363521130334,81.91910562943909,22.25,82.0,2025-07-02,12,0.0451,4.292874813079834,7.636622428894043,50.78977966308594,22.86065673828125,0.5200023925814383,-2.962807995932443,0.1374,0.2446,0.4526,0.5096,0.0,0
24.896339147875995,83.78695078717647,25.0,83.75,2025-08-24,12,0.1234,18.299713134765625,5.8441362380981445,13.432733535766602,8.449742317199707,6.26928803819265,16.38075120108468,0.2534,0.1122,0.1446,0.2337,0.0,0
17.5,72.25,17.5,72.25,2025-11-26,12,0.0003,0.0,0.0,0.0,0.0,0.0001,0.0,0.05,0.05,0.0,0.1042,0.0,0
27.308143,93.059302,27.25,93.0,2025-09-08,12,0.515,0.783994197845459,15.11245346069336,16.79570770263672,13.0165376663208,0.23065753931369873,-1.6153926168169295,0.1034,0.1193,0.161,0.2484,0.0,1
14.0,95.5,14.0,95.5,2025-01-20,12,0.0,0.0,0.0,0.0,0.0,0.0001,0.0,0.05,0.05,0.0,0.1042,0.0,0
30.6517586,78.3323707,30.75,78.25,2025-03-21,12,0.7314,0.0,6.734522342681885,28.719589233398438,14.500467300415039,1.9597089860862338e-05,-4.1027984619140625,0.1088,0.1555,0.2454,0.324,0.0,0
32.99444722,74.92806667,33.0,75.0,2025-08-26,12,0.6932,18.71971893310547,82.98553466796875,111.02809143066406,81.46533966064453,1.1102334278506685,2.8585630144391736,0.2623,0.3371,0.6676,0.7022,0.0074,1
23.313871,92.792739,23.25,92.75,2025-06-01,12,0.913,99.3125228881836,87.32789611816406,173.41844177246094,108.7843017578125,3.853200112957625,74.53845977783203,0.4667,0.3937,0.7993,0.8202,0.4007,1
23.218192846727916,82.6860181012151,23.25,82.75,2025-08-01,12,0.1353,0.5582977533340454,22.436262130737305,215.61058044433594,93.69489288330078,0.017558843184974825,-30.243213738713944,0.2772,0.4447,0.9179,0.9265,0.7548,0
15.5,71.25,15.5,71.25,2025-10-01,12,0.0,0.0,0.0,0.0,0.0,0.0001,0.0,0.05,0.05,0.0,0.1042,0.0,0
25.59165587686002,80.47340315819083,25.5,80.5,2025-07-11,12,0.1067,6.101677894592285,0.10501875728368759,65.34510803222656,29.886259078979492,0.590398527611839,-3.233337538582939,0.1587,0.2796,0.5338,0.5824,0.0,0
22.467600617989547,82.27112446419333,22.5,82.25,2025-07-24,12,0.1432,0.21321600675582886,22.633037567138672,57.47273254394531,29.655500411987305,0.0231603654502004,-7.99717435666493,0.1581,0.2589,0.4857,0.5393,0.0,0
32.44514,75.51906,32.5,75.5,2025-08-17,12,0.6999,24.13433074951172,71.98213958740234,295.2789001464844,170.02113342285156,0.5588911934134774,-18.04836927141462,0.3275,0.4569,0.9462,0.9518,0.8395,1
27.15819635,88.52893898,27.25,88.5,2025-01-04,12,0.9541,0.0,0.0,0.0,0.0,0.0001,0.0,0.05,0.05,0.0,0.1042,0.0,0
23.458619435901806,80.26464691677396,23.5,80.25,2025-07-15,12,0.143,0.6257463097572327,46.49512481689453,135.83612060546875,62.53203201293945,0.030670982589910082,-18.779413776738302,0.2332,0.3907,0.7923,0.814,0.3799,0
10.0,82.5,10.0,82.5,2025-08-23,12,0.0,0.0,0.0,0.0,0.0,0.0001,0.0,0.05,0.05,0.0,0.1042,0.0,0
11.72522222,75.81052778,11.75,75.75,2025-07-16,12,0.6293,19.229467391967773,33.40065383911133,110.6709976196289,56.367984771728516,1.1439264939258098,3.4193248748779297,0.2606,0.3396,0.6734,0.7074,0.0248,1
27.01326623,88.43697714,27.0,88.5,2025-07-28,12,1.0,8.79910659790039,21.964435577392578,202.27908325195312,89.22206115722656,0.29431725917467144,-20.09790529523577,0.2721,0.4104,0.8381,0.8549,0.5164,1
30.058541,78.509662,30.0,78.5,2025-08-06,12,0.8509,30.876638412475586,43.0820198059082,80.4761962890625,50.59968566894531,2.470811238443773,19.380038942609517,0.3341,0.279,0.5325,0.5812,0.0,1
23.198136,93.166988,23.25,93.25,2025-06-01,12,0.6463,132.47854614257812,94.35096740722656,190.14990234375,118.69569396972656,4.703783831356514,105.31427437918526,0.4758,0.4165,0.8524,0.8678,0.5592,1
6.75,66.75,6.75,66.75,2025-03-01,12,0.0,0.0,0.0,0.0,0.0,0.0001,0.0,0.05,0.05,0.0,0.1042,0.0,0
33.387824,74.44095,33.5,74.5,2025-03-09,12,0.4169,0.0,0.0,16.137409210205078,7.013192176818848,3.0254035516269266e-05,-2.3053441728864397,0.0801,0.1185,0.1593,0.2468,0.0,0
16.75,83.5,16.75,83.5,2025-03-11,12,0.0,0.0,0.0,0.0,0.0,0.0001,0.0,0.05,0.05,0.0,0.1042,0.0,0
23.281443,92.840145,23.25,92.75,2025-11-02,12,0.8145,0.0,0.18957872688770294,5.575232028961182,2.368684768676758,5.5664976867852344e-05,-0.7964617184230259,0.0605,0.0723,0.0519,0.1506,0.0,0
30.258675,79.222849,30.25,79.25,2025-08-15,12,0.8474,30.52003288269043,38.53593444824219,85.3509521484375,46.34545135498047,2.3133592584453675,18.32703971862793,0.3322,0.2882,0.5539,0.6004,0.0,1
33.681475,74.17433333,33.75,74.25,2025-12-19,12,0.3768,0.0,0.0,0.0,0.0,0.0001,0.0,0.05,0.05,0.0,0.1042,0.0,0
23.318568,92.852294,23.25,92.75,2025-05-31,12,0.8867,58.45155715942383,51.10498046875,134.1341552734375,75.67455291748047,2.8990969572407543,39.28953497750419,0.4244,0.3571,0.7143,0.7441,0.1469,1
23.151833,92.746339,23.25,92.75,2025-02-04,12,0.8145,0.0,0.0,0.0,0.0,0.0001,0.0,0.05,0.05,0.0,0.1042,0.0,0
31.78138889,77.33666667,31.75,77.25,2025-08-28,12,0.8128,8.240909576416016,110.85972595214844,117.50729370117188,88.83088684082031,0.4633227927463109,-8.545846666608536,0.2716,0.3402,0.6749,0.7087,0.0291,1
26.960373822956782,84.29146833970319,27.0,84.25,2025-07-26,12,0.0494,0.0,0.0,15.454992294311523,5.0189619064331055,3.117346872469556e-05,-2.2078560420445035,0.0718,0.122,0.1674,0.2541,0.0,0
30.13972222,78.59416667,30.25,78.5,2025-12-13,12,0.7335,0.0,0.0,0.0,0.0,0.0001,0.0,0.05,0.05,0.0,0.1042,0.0,0
27.053976,93.494166,27.0,93.5,2025-08-05,12,0.5602,0.8469837307929993,27.248796463012695,37.47941207885742,23.121807098388672,0.13331080242334248,-4.507217994758061,0.1382,0.1879,0.3208,0.3915,0.0,1
13.48781972,75.31866528,13.5,75.25,2025-07-28,12,0.72,104.23270416259766,164.61546325683594,222.11392211914062,146.72486877441406,3.184571336344946,72.50214385986328,0.4688,0.4317,0.8876,0.8993,0.6643,1
27.04530556,88.10741667,27.0,88.0,2025-01-21,12,0.7464,0.0,0.0,5.628877639770508,1.8213677406311035,5.5428520250729146e-05,-0.8041253771100726,0.0581,0.073,0.0535,0.1521,0.0,0
27.0648986,88.1791031,27.0,88.25,2025-08-26,12,1.0,18.259902954101562,68.37059783935547,131.4754638671875,76.70829010009766,0.9230517602837117,-0.5223061697823645,0.2558,0.3483,0.6937,0.7256,0.0854,1
23.25,91.75,23.25,91.75,2025-10-07,12,0.0088,9.085028648376465,26.127498626708984,159.93492126464844,80.21001434326172,0.380962234006234,-13.762817246573313,0.2606,0.4166,0.8527,0.868,0.56,0
24.30973468335478,87.91588408870274,24.25,88.0,2025-08-15,12,0.1425,3.408808946609497,22.5873966217041,70.71185302734375,32.10691833496094,0.3070620722152932,-6.692884343011039,0.165,0.2903,0.5588,0.6048,0.0,0
16.5,92.75,16.5,92.75,2025-03-03,12,0.0,0.0,0.0,0.0,0.0,0.0001,0.0,0.05,0.05,0.0,0.1042,0.0,0
18.38201,73.7594,18.5,73.75,2025-07-20,12,0.5144,0.0,8.572466850280762,22.601539611816406,11.240202903747559,2.364741865387882e-05,-3.2287913731166293,0.0967,0.1405,0.2105,0.2927,0.0,1
30.0,99.75,30.0,99.75,2025-01-18,12,0.0,0.0,0.0,0.0,0.0,0.0001,0.0,0.05,0.05,0.0,0.1042,0.0,0
33.279,75.004,33.25,75.0,2025-01-27,12,0.5742,0.0,0.0,0.5663470029830933,0.29563668370246887,9.251492162915861e-05,-0.08090671471187047,0.0513,0.0525,0.0058,0.1094,0.0,0
24.894033772559702,84.32391324328387,25.0,84.25,2025-08-12,12,0.0816,0.0,31.53277015686035,77.8724594116211,37.82786560058594,8.247669560335059e-06,-11.124637058803014,0.1803,0.3078,0.5996,0.6413,0.0,0
16.75,93.75,16.75,93.75,2025-02-04,12,0.0,0.0,0.0,0.0,0.0,0.0001,0.0,0.05,0.05,0.0,0.1042,0.0,0
23.241918043716037,85.05460830283486,23.25,85.0,2025-08-08,12,0.0775,7.088444709777832,14.86589241027832,37.37913513183594,19.740821838378906,1.1180887780043605,1.7485682623726984,0.1445,0.203,0.3559,0.423,0.0,0
33.75,74.75,33.75,74.75,2025-10-19,12,0.0846,0.0,0.0,0.0,0.0,0.0001,0.0,0.05,0.05,0.0,0.1042,0.0,0
25.90260901378511,85.55437272515582,26.0,85.5,2025-07-16,12,0.1015,9.819007873535156,20.283952713012695,24.351055145263672,19.045955657958984,2.1923904888135795,6.340285709926061,0.1751,0.1566,0.2478,0.3262,0.0,0
23.315273,92.856524,23.25,92.75,2025-05-31,12,1.0,58.45155715942383,51.10498046875,134.1341552734375,75.67455291748047,2.8990969572407543,39.28953497750419,0.4244,0.3514,0.701,0.7321,0.1071,1
23.305939,92.857538,23.25,92.75,2025-01-11,12,0.8145,0.0,0.0,0.0,0.0,0.0001,0.0,0.05,0.05,0.0,0.1042,0.0,0
18.5,81.25,18.5,81.25,2025-11-18,12,0.0,0.0,0.0,0.0,0.0,0.0001,0.0,0.05,0.05,0.0,0.1042,0.0,0
24.354658,92.925511,24.25,93.0,2025-03-09,12,0.5878,0.0,0.0,0.0,0.0,0.0001,0.0,0.05,0.05,0.0,0.1042,0.0,0
22.636124434685055,87.14694560337057,22.75,87.25,2025-07-03,12,0.1486,2.5265390872955322,69.21913146972656,111.26351928710938,67.86418151855469,0.14955138928456135,-13.368249382291522,0.2422,0.3611,0.7235,0.7523,0.1744,0
29.75,97.75,29.75,97.75,2025-01-21,12,0.0,0.0,0.0,0.0,0.0,0.0001,0.0,0.05,0.05,0.0,0.1042,0.0,0
12.859678,75.226523,12.75,75.25,2025-05-31,12,0.6676,122.31317138671875,313.42138671875,607.1717529296875,360.6886291503906,1.394061018962315,35.57434953962054,0.4741,0.479,0.9977,0.9979,0.9931,1
26.4242282,94.3924136,26.5,94.5,2025-11-06,12,0.476,0.6247887015342712,10.422796249389648,12.829808235168457,7.353209495544434,0.2205881599491292,-1.2080410463469369,0.0814,0.1045,0.1268,0.2178,0.0,0
25.277179892203307,80.33187554421616,25.25,80.25,2025-07-03,12,0.0602,7.960373878479004,37.08572006225586,52.82729721069336,33.164676666259766,0.931402883755765,0.4136171340942383,0.168,0.2497,0.4644,0.5202,0.0,0
22.921506984750494,78.3936187981973,23.0,78.5,2025-07-17,12,0.1207,2.7622580528259277,40.893089294433594,191.17298889160156,86.27338409423828,0.0975738746129441,-24.548168931688583,0.2685,0.4335,0.8919,0.9032,0.6773,0
22.848305406283593,82.8399075033254,22.75,82.75,2025-07-14,12,0.0495,0.0,15.708145141601562,98.20821380615234,42.020042419433594,6.65347290554481e-06,-14.029744829450335,0.1907,0.3457,0.6877,0.7203,0.0675,0
23.186133,92.735682,23.25,92.75,2025-11-22,12,0.8145,0.0,0.0,0.0,0.0,0.0001,0.0,0.05,0.05,0.0,0.1042,0.0,0
23.217324,92.99812,23.25,93.0,2025-06-01,12,0.9506,132.071044921875,89.81504821777344,186.56716918945312,115.71089172363281,4.77610959712014,105.41859218052456,0.4758,0.402,0.8185,0.8374,0.4582,1
31.25,80.75,31.25,80.75,2025-04-13,12,0.0,0.0,0.0,0.0,0.0,0.0001,0.0,0.05,0.05,0.0,0.1042,0.0,0
23.309295,92.860017,23.25,92.75,2025-03-02,12,0.8145,0.0,0.0,0.0,0.0,0.0001,0.0,0.05,0.05,0.0,0.1042,0.0,0
23.044434,92.772583,23.0,92.75,2025-01-21,12,0.6896,0.0,0.0,0.0,0.0,0.0001,0.0,0.05,0.05,0.0,0.1042,0.0,0
19.75,80.5,19.75,80.5,2025-09-23,12,0.0,4.018627166748047,8.85153579711914,20.825450897216797,12.564251899719238,1.0109841623464977,1.0435627528599332,0.1064,0.1451,0.2211,0.3023,0.0,0
16.25,72.75,16.25,72.75,2025-11-19,12,0.0005,0.0,0.0,0.0,0.0,0.0001,0.0,0.05,0.05,0.0,0.1042,0.0,0
18.38249,73.77577,18.5,73.75,2025-02-25,12,0.4299,0.0,0.0,0.0,0.0,0.0001,0.0,0.05,0.05,0.0,0.1042,0.0,0
26.325954055531977,83.66311621519104,26.25,83.75,2025-07-07,12,0.1295,0.0,3.2065839767456055,17.806684494018555,8.527735710144043,2.8218200629301573e-05,-2.5438120705740794,0.0861,0.1303,0.1868,0.2715,0.0,0
13.43878944,75.25837306,13.5,75.25,2025-06-19,12,0.6745,43.55854797363281,143.1306915283203,238.47348022460938,149.5543670654297,1.242132288736181,9.490907941545757,0.3864,0.4402,0.9074,0.917,0.7234,1
24.200652091369,80.52960494457629,24.25,80.5,2025-08-27,12,0.1142,0.0,78.89934539794922,79.67970275878906,58.383155822753906,8.075708357560354e-06,-11.382814679827009,0.2256,0.3102,0.605,0.6461,0.0,0
25.28247222,91.36413333,25.25,91.25,2025-03-21,12,0.4281,0.0,0.1856284886598587,27.728031158447266,11.897055625915527,2.015662784930817e-05,-3.9611473083496094,0.0992,0.1605,0.257,0.3344,0.0,0
37.5,78.75,37.5,78.75,2025-06-27,12,0.0,0.0,0.0,0.0,0.0,0.0001,0.0,0.05,0.05,0.0,0.1042,0.0,0
27.25,99.0,27.25,99.0,2025-05-25,12,0.0,0.0,0.0,0.0,0.0,0.0001,0.0,0.05,0.05,0.0,0.1042,0.0,0
23.341022,92.776761,23.25,92.75,2025-02-10,12,0.8145,0.0,0.0,0.0,0.0,0.0001,0.0,0.05,0.05,0.0,0.1042,0.0,0
25.421571244626723,87.48980667047002,25.5,87.5,2025-08-13,12,0.0318,0.0,4.288426399230957,50.86336135864258,19.08755874633789,1.209746519323919e-05,-7.2661944798060825,0.1249,0.2453,0.4542,0.5111,0.0,0
14.75,80.5,14.75,80.5,2025-05-27,12,0.0,0.0,0.0,0.0,0.0,0.0001,0.0,0.05,0.05,0.0,0.1042,0.0,0
13.48781972,75.31866528,13.5,75.25,2025-01-19,12,0.4707,0.0,0.0,7.053425312042236,3.681932210922241,4.980992067465411e-05,-1.0076321874346053,0.0662,0.0809,0.072,0.1686,0.0,0
12.825546,75.200826,12.75,75.25,2025-07-09,12,0.6526,34.13324737548828,147.47036743164062,364.7430725097656,205.80581665039062,0.6427380879361007,-17.972905840192524,0.3498,0.469,0.9743,0.977,0.9234,1
11.0,95.25,11.0,95.25,2025-08-13,12,0.0,0.0,0.0,0.0,0.0,0.0001,0.0,0.05,0.05,0.0,0.1042,0.0,0
10.5,96.0,10.5,96.0,2025-02-24,12,0.0,0.0,0.0,0.0,0.0,0.0001,0.0,0.05,0.05,0.0,0.1042,0.0,0
9.75,98.25,9.75,98.25,2025-06-24,12,0.0,0.0,0.0,0.0,0.0,0.0001,0.0,0.05,0.05,0.0,0.1042,0.0,0
24.462008796021678,86.36729686143786,24.5,86.25,2025-08-17,12,0.056,0.0,4.9623847007751465,20.92581558227539,10.41445541381836,2.506641204220701e-05,-2.9894022260393416,0.0935,0.1443,0.2193,0.3006,0.0,0
23.162899,92.744032,23.25,92.75,2025-08-01,12,0.9835,1.392492413520813,31.539926528930664,89.17615509033203,44.02175521850586,0.10135721151973572,-11.346958313669477,0.1955,0.2881,0.5538,0.6003,0.0,1
31.16997222,76.76130555,31.25,76.75,2025-08-31,12,0.8423,4.438969612121582,39.21360397338867,146.89791870117188,79.36099243164062,0.20190973047002267,-16.546447345188685,0.2595,0.3731,0.7513,0.7772,0.2574,1
31.25,98.5,31.25,98.5,2025-09-21,12,0.0,0.0,0.0,0.0,0.0,0.0001,0.0,0.05,0.05,0.0,0.1042,0.0,0
23.174341,92.740855,23.25,92.75,2025-11-18,12,0.8145,0.0,0.0,0.0,0.0,0.0001,0.0,0.05,0.05,0.0,0.1042,0.0,0
19.339084,73.784911,19.25,73.75,2025-12-21,12,0.396,0.0,0.0,0.0,0.0,0.0001,0.0,0.05,0.05,0.0,0.1042,0.0,0
13.5,83.75,13.5,83.75,2025-09-22,12,0.0,0.0,0.0,0.0,0.0,0.0001,0.0,0.05,0.05,0.0,0.1042,0.0,0
23.4761,92.7066,23.5,92.75,2025-08-01,12,1.0,0.19309088587760925,27.460439682006836,61.78135299682617,36.67927932739258,0.019661378298354595,-8.632816685097557,0.1774,0.2334,0.4265,0.4863,0.0,1
18.71404,73.45972,18.75,73.5,2025-03-26,12,0.4188,0.0,0.0,0.0,0.0,0.0001,0.0,0.05,0.05,0.0,0.1042,0.0,0
33.30953889,74.94223056,33.25,75.0,2025-09-04,12,0.8214,186.8101806640625,34.332279205322266,257.11456298828125,106.54875946044922,4.951154339438901,150.07952880859375,0.4794,0.443,0.9139,0.9228,0.7428,1
11.75,91.0,11.75,91.0,2025-08-15,12,0.0,0.0,0.0,0.0,0.0,0.0001,0.0,0.05,0.05,0.0,0.1042,0.0,0
18.5,96.25,18.5,96.25,2025-12-24,12,0.0,0.0,0.0,0.0,0.0,0.0001,0.0,0.05,0.05,0.0,0.1042,0.0,0
31.5,67.25,31.5,67.25,2025-06-14,12,0.0,0.0,0.0,0.0,0.0,0.0001,0.0,0.05,0.05,0.0,0.1042,0.0,0
23.043269,92.77264,23.0,92.75,2025-06-19,12,0.9274,15.328699111938477,79.052978515625,136.88735961914062,76.47708129882812,0.7457332879523876,-4.226637976510183,0.2554,0.3582,0.7169,0.7464,0.1545,1
22.75,91.25,22.75,91.25,2025-04-06,12,0.0002,0.0,0.0,0.0,0.0,0.0001,0.0,0.05,0.05,0.0,0.1042,0.0,0
11.4723,76.8408,11.5,76.75,2025-01-02,12,0.6111,0.0,0.0,0.0,0.0,0.0001,0.0,0.05,0.05,0.0,0.1042,0.0,0
26.224320427052543,81.59675561223068,26.25,81.5,2025-07-04,12,0.0607,0.9053950905799866,30.484586715698242,35.6252326965332,26.266220092773438,0.14870219428914522,-4.183923866067614,0.148,0.1978,0.3436,0.412,0.0,0
23.4785,92.7041,23.5,92.75,2025-08-01,12,0.9468,0.19309088587760925,27.460439682006836,61.78135299682617,36.67927932739258,0.019661378298354595,-8.632816685097557,0.1774,0.2358,0.4321,0.4913,0.0,1
33.212079,74.431939,33.25,74.5,2025-12-18,12,0.4286,0.0,0.0,0.0,0.0,0.0001,0.0,0.05,0.05,0.0,0.1042,0.0,0
12.75,73.75,12.75,73.75,2025-02-14,12,0.0,0.0,0.0,0.0,0.0,0.0001,0.0,0.05,0.05,0.0,0.1042,0.0,0
32.67509167,75.15949167,32.75,75.25,2025-12-10,12,0.5618,0.0,0.0,0.0,0.0,0.0001,0.0,0.05,0.05,0.0,0.1042,0.0,0
23.200105,92.584517,23.25,92.5,2025-01-22,12,0.6729,0.0,0.0,0.0,0.0,0.0001,0.0,0.05,0.05,0.0,0.1042,0.0,0
31.51194444,77.30166667,31.5,77.25,2025-06-16,12,0.8372,0.0,3.086784839630127,3.086784839630127,2.2302021980285645,6.939773288806152e-05,-0.4409692628043039,0.0599,0.0624,0.0289,0.13,0.0,1
33.046805,74.701774,33.0,74.75,2025-02-03,12,0.4731,0.0,1.6694554090499878,1.6694554090499878,1.419037103652954,8.074324937057461e-05,-0.23849362986428396,0.0563,0.0575,0.0175,0.1199,0.0,0
14.241374,74.578467,14.25,74.5,2025-07-12,12,0.681,18.7312068939209,50.6012077331543,341.34210205078125,154.91909790039062,0.37640913195824877,-30.031950541904997,0.3215,0.4656,0.9666,0.9701,0.9002,1
24.563273765725263,81.05310676696732,24.5,81.0,2025-07-21,12,0.0243,0.0,155.14608764648438,175.29600524902344,110.806640625,3.839908609317976e-06,-25.042286464146205,0.2939,0.4269,0.8764,0.8893,0.6309,0
15.75,81.0,15.75,81.0,2025-10-03,12,0.0,0.0,0.0,0.0,0.0,0.0001,0.0,0.05,0.05,0.0,0.1042,0.0,0
30.742292,78.364053,30.75,78.25,2025-03-15,12,0.7314,0.0,0.0,0.0,0.0,0.0001,0.0,0.05,0.05,0.0,0.1042,0.0,0
26.238016,91.945953,26.25,92.0,2025-11-02,12,0.5746,5.196323871612549,13.558296203613281,14.159113883972168,11.71716022491455,1.7191158051680766,3.173593316759382,0.1215,0.1082,0.1354,0.2255,0.0,1
31.0,72.75,31.0,72.75,2025-08-04,12,0.0,0.0,0.0,0.0,0.0,0.0001,0.0,0.05,0.05,0.0,0.1042,0.0,0
24.988617826279324,85.92956094605631,25.0,86.0,2025-07-10,12,0.149,1.1272289752960205,1.9498486518859863,37.019866943359375,16.33200454711914,0.17926684869870074,-4.16132344518389,0.1154,0.1996,0.348,0.4159,0.0,0
11.72566667,75.81052778,11.75,75.75,2025-07-06,12,0.6772,19.53799057006836,61.96780776977539,109.24111938476562,64.08950805664062,1.1765770556438993,3.932116372244698,0.263,0.3353,0.6634,0.6985,0.0,1
23.047367,92.772849,23.0,92.75,2025-06-01,12,0.9136,171.4090118408203,91.12442016601562,194.12319946289062,119.84480285644531,5.96581491389376,143.67712620326452,0.4789,0.4087,0.8343,0.8515,0.5051,1
35.25,78.5,35.25,78.5,2025-10-21,12,0.0,0.0,0.0,0.0,0.0,0.0001,0.0,0.05,0.05,0.0,0.1042,0.0,0
22.28112147425486,82.8563429841334,22.25,82.75,2025-07-16,12,0.0993,2.546511650085449,13.211441993713379,92.9470443725586,40.31615447998047,0.17835726571512825,-10.73163754599435,0.1866,0.3351,0.663,0.6981,0.0,0
9.25,89.0,9.25,89.0,2025-05-21,12,0.0,0.0,0.0,0.0,0.0,0.0001,0.0,0.05,0.05,0.0,0.1042,0.0,0
30.65568,79.028241,30.75,79.0,2025-12-04,12,0.5757,0.0,0.0,0.0,0.0,0.0001,0.0,0.05,0.05,0.0,0.1042,0.0,0
23.160261,92.74337,23.25,92.75,2025-08-01,12,0.9839,1.392492413520813,31.539926528930664,89.17615509033203,44.02175521850586,0.10135721151973572,-11.346958313669477,0.1955,0.2881,0.5538,0.6002,0.0,1
8.75,95.75,8.75,95.75,2025-10-10,12,0.0,0.0,0.0,0.0,0.0,0.0001,0.0,0.05,0.05,0.0,0.1042,0.0,0
10.25,71.25,10.25,71.25,2025-12-10,12,0.0,0.0,0.0,0.0,0.0,0.0001,0.0,0.05,0.05,0.0,0.1042,0.0,0
23.55300485697665,82.6096959221254,23.5,82.5,2025-08-24,12,0.0904,2.38368558883667,14.776272773742676,29.437570571899414,15.514159202575684,0.45794763097420355,-1.821681635720389,0.1125,0.1755,0.292,0.3657,0.0,0
26.564462223682877,83.65688172141006,26.5,83.75,2025-08-15,12,0.0381,1.6248600482940674,28.049503326416016,46.545143127441406,29.501480102539062,0.2124323453760464,-5.024446112768991,0.1576,0.2327,0.4249,0.4848,0.0,0
26.657394962983403,81.38230967317284,26.75,81.5,2025-08-17,12,0.1475,0.2336955964565277,2.0327906608581543,42.831459045410156,17.690793991088867,0.032842088241974404,-5.885084267173495,0.1202,0.2179,0.3904,0.4539,0.0,0
25.75,76.5,25.75,76.5,2025-04-27,12,0.0,0.0,0.0,0.0,0.0,0.0001,0.0,0.05,0.05,0.0,0.1042,0.0,0
26.55862938456388,78.40288945734542,26.5,78.5,2025-07-02,12,0.1085,20.608840942382812,34.59942626953125,45.44409942626953,29.825820922851562,2.750787756389955,14.116826738630023,0.271,0.227,0.4117,0.473,0.0,0
36.25,70.75,36.25,70.75,2025-09-06,12,0.0,0.0,0.0,0.0,0.0,0.0001,0.0,0.05,0.05,0.0,0.1042,0.0,0
26.79521998435704,83.02402793480127,26.75,83.0,2025-07-09,12,0.1119,0.0,3.302654266357422,35.73527145385742,13.609193801879883,1.637991233437727e-05,-5.105038779122489,0.1056,0.1966,0.3409,0.4095,0.0,0
26.17027,91.698,26.25,91.75,2025-03-10,12,0.4187,0.0,0.0,0.8873166441917419,0.2844533920288086,8.875008213540956e-05,-0.12675952059882029,0.0513,0.0541,0.0095,0.1127,0.0,0
12.0,97.75,12.0,97.75,2025-12-11,12,0.0,0.0,0.0,0.0,0.0,0.0001,0.0,0.05,0.05,0.0,0.1042,0.0,0
35.25,89.5,35.25,89.5,2025-10-27,12,0.0,0.0,0.0,0.0,0.0,0.0001,0.0,0.05,0.05,0.0,0.1042,0.0,0
23.40502249454357,86.03482743296885,23.5,86.0,2025-08-24,12,0.0727,16.206592559814453,43.832698822021484,49.006507873535156,36.192344665527344,2.0256011707580215,9.205662863595144,0.2361,0.2386,0.4386,0.4971,0.0,0
11.47475,75.92625,11.5,76.0,2025-03-09,12,0.6074,0.0,0.0,0.0,0.0,0.0001,0.0,0.05,0.05,0.0,0.1042,0.0,0
25.667301360039126,81.88656001543514,25.75,82.0,2025-08-11,12,0.0387,0.0,56.99526596069336,161.3182373046875,79.48184204101562,4.158788799177293e-06,-23.045462472098215,0.2596,0.4168,0.853,0.8683,0.5609,0
30.239138,78.682359,30.25,78.75,2025-06-29,12,0.9527,60.780879974365234,27.69326400756836,93.68505859375,53.03786087036133,4.225719940604647,47.397300175258096,0.4288,0.2974,0.5753,0.6196,0.0,1
27.75,78.0,27.75,78.0,2025-04-12,12,0.0,0.0,1.0178769826889038,1.0178769826889038,0.8651954531669617,8.730490646231462e-05,-0.14541099752698625,0.0539,0.0552,0.0121,0.115,0.0,0
30.163511,78.617044,30.25,78.5,2025-12-18,12,0.7335,0.0,0.0,0.0,0.0,0.0001,0.0,0.05,0.05,0.0,0.1042,0.0,0
23.5266,93.192968,23.5,93.25,2025-11-18,12,0.6431,0.0,0.0,0.0,0.0,0.0001,0.0,0.05,0.05,0.0,0.1042,0.0,0
23.183268,92.736695,23.25,92.75,2025-03-10,12,0.8145,0.0,0.0,0.0,0.0,0.0001,0.0,0.05,0.05,0.0,0.1042,0.0,0
27.5,79.5,27.5,79.5,2025-02-04,12,0.0,0.0,0.0,0.0,0.0,0.0001,0.0,0.05,0.05,0.0,0.1042,0.0,0
23.229731,92.73968,23.25,92.75,2025-05-24,12,0.9697,19.167272567749023,52.28239440917969,89.7084732055664,54.89894485473633,1.387382134438665,6.351776395525251,0.2602,0.2898,0.5576,0.6037,0.0,1
30.75,72.0,30.75,72.0,2025-11-17,12,0.0,0.0,0.0,0.0,0.0,0.0001,0.0,0.05,0.05,0.0,0.1042,0.0,0
36.25,77.75,36.25,77.75,2025-12-21,12,0.0,0.0,0.0,0.0,0.0,0.0001,0.0,0.05,0.05,0.0,0.1042,0.0,0
15.0,79.0,15.0,79.0,2025-04-25,12,0.0,0.0,0.0,0.0,0.0,0.0001,0.0,0.05,0.05,0.0,0.1042,0.0,0
22.702486574304007,81.89386854667693,22.75,82.0,2025-07-19,12,0.0406,18.374874114990234,28.84021759033203,84.22683715820312,44.126285552978516,1.4099449549245464,6.342468806675502,0.254,0.3219,0.6323,0.6706,0.0,0
25.25,77.75,25.25,77.75,2025-06-23,12,0.0,61.49971008300781,71.64332580566406,85.47489929199219,64.85182189941406,4.655302940333492,49.289010184151785,0.43,0.3258,0.6415,0.6788,0.0,0
25.73850257006545,80.34102664970641,25.75,80.25,2025-08-02,12,0.0873,6.2322306632995605,47.639251708984375,117.44313049316406,65.56383514404297,0.35057230134124123,-10.54535940715245,0.2384,0.3717,0.7481,0.7743,0.2477,0
24.25,72.5,24.25,72.5,2025-11-06,12,0.0,0.0,2.0668063163757324,18.933961868286133,7.379358768463135,2.6991633733217182e-05,-2.7048516954694475,0.0815,0.1374,0.2032,0.2862,0.0,0
30.250252,78.924169,30.25,79.0,2025-02-21,12,0.7829,0.0,0.0,0.0,0.0,0.0001,0.0,0.05,0.05,0.0,0.1042,0.0,0
27.296928,93.088111,27.25,93.0,2025-11-03,12,0.4062,6.992568492889404,25.272396087646484,25.272396087646484,20.501590728759766,1.516735209783907,3.382226194654192,0.1433,0.1526,0.2385,0.3178,0.0,0
30.41069444,78.0865,30.5,78.0,2025-09-16,12,0.7824,10.040139198303223,69.03314208984375,70.52787017822266,52.23766326904297,0.9065343111652313,-0.03527082715715757,0.2135,0.2623,0.4938,0.5465,0.0,1
23.200073,92.734654,23.25,92.75,2025-03-08,12,0.8145,0.0,0.0,0.0,0.0,0.0001,0.0,0.05,0.05,0.0,0.1042,0.0,0
26.5432778067018,86.08513273260411,26.5,86.0,2025-07-05,12,0.0215,1.9501010179519653,0.3020757734775543,0.5916413068771362,0.3110778331756592,1.7982155075342119,1.8655808312552316,0.0784,0.053,0.007,0.1105,0.0,0
26.73653449618481,81.69017732411173,26.75,81.75,2025-08-07,12,0.0874,8.901895523071289,70.97325897216797,116.09760284423828,66.37935638427734,0.5062159393984957,-7.683476311819895,0.2398,0.3699,0.744,0.7707,0.2357,0
18.40566,73.51608,18.5,73.5,2025-01-12,12,0.4481,0.0,0.0,0.0,0.0,0.0001,0.0,0.05,0.05,0.0,0.1042,0.0,0
23.700835,92.877449,23.75,93.0,2025-06-15,12,0.9111,7.573042869567871,26.1986083984375,49.26761245727539,29.75507354736328,0.9421405631388338,0.53481251852853,0.1584,0.2076,0.3665,0.4325,0.0,1
7.75,90.5,7.75,90.5,2025-03-23,12,0.0,0.0,0.0,0.0,0.0,0.0001,0.0,0.05,0.05,0.0,0.1042,0.0,0
20.25,92.5,20.25,92.5,2025-08-05,12,0.0,0.0,0.0,0.0,0.0,0.0001,0.0,0.05,0.05,0.0,0.1042,0.0,0
29.45769,80.19092,29.5,80.25,2025-08-04,12,0.6415,21.228553771972656,33.03056335449219,120.75926208496094,58.95590591430664,1.1631295765076353,3.977230616978236,0.2755,0.3526,0.7038,0.7347,0.1155,1
16.75,87.25,16.75,87.25,2025-06-21,12,0.0,0.0,0.0,0.0,0.0,0.0001,0.0,0.05,0.05,0.0,0.1042,0.0,0
20.0,72.5,20.0,72.5,2025-10-17,12,0.0,0.0,0.0,0.0,0.0,0.0001,0.0,0.05,0.05,0.0,0.1042,0.0,0
23.308778,92.858357,23.25,92.75,2025-03-15,12,0.8145,0.0,0.0,0.0,0.0,0.0001,0.0,0.05,0.05,0.0,0.1042,0.0,0
23.243855,92.905242,23.25,93.0,2025-11-25,12,0.7561,0.0,0.0,0.0,0.0,0.0001,0.0,0.05,0.05,0.0,0.1042,0.0,0
13.494686,75.150079,13.5,75.25,2025-09-03,12,0.7108,16.933231353759766,84.76931762695312,185.9527130126953,108.39122772216797,0.614312790038456,-9.631441933768137,0.2918,0.4114,0.8404,0.857,0.5233,1
12.811644,74.891475,12.75,75.0,2025-09-02,12,0.585,10.03196907043457,146.71690368652344,260.8144226074219,152.11305236816406,0.2622132251480017,-27.227234159197124,0.3203,0.4503,0.9309,0.9381,0.7936,1
32.82666667,76.74638889,32.75,76.75,2025-08-13,12,0.5936,7.506533622741699,3.656764507293701,8.766353607177734,4.542200565338135,3.3328210611279063,6.25419739314488,0.1494,0.0868,0.0857,0.1809,0.0,1
11.21705556,76.60447222,11.25,76.5,2025-02-17,12,0.6887,0.0,0.0,0.0,0.0,0.0001,0.0,0.05,0.05,0.0,0.1042,0.0,0
30.336652,79.319623,30.25,79.25,2025-01-16,12,0.718,0.0,0.5952969193458557,0.5952969193458557,0.40874701738357544,9.216229561968032e-05,-0.08504241704940796,0.0518,0.0525,0.0058,0.1094,0.0,0
19.430999,73.784079,19.5,73.75,2025-03-01,12,0.3873,0.0,0.0,0.0,0.0,0.0001,0.0,0.05,0.05,0.0,0.1042,0.0,0
26.758512031952684,81.19720849339855,26.75,81.25,2025-08-18,12,0.1346,0.36391639709472656,5.990230083465576,17.337045669555664,8.71339225769043,0.10470107235943764,-2.112804412841797,0.0869,0.1283,0.1821,0.2673,0.0,0
26.45278,94.37526,26.5,94.5,2025-01-04,12,0.476,0.0,0.0,0.0,0.0,0.0001,0.0,0.05,0.05,0.0,0.1042,0.0,0
33.212079,74.431939,33.25,74.5,2025-02-09,12,0.4286,0.0,0.8671475052833557,5.771313190460205,2.1272621154785156,5.481033857370904e-05,-0.8244733129228864,0.0595,0.0758,0.06,0.1579,0.0,0
22.319378919309443,81.56417855157788,22.25,81.5,2025-08-21,12,0.0923,8.190181732177734,11.700887680053711,52.838016510009766,27.40283966064453,0.9581195278365149,0.6418936593191962,0.1572,0.2486,0.4617,0.5178,0.0,0
23.304746,92.862109,23.25,92.75,2025-01-19,12,0.8145,0.0,0.0,0.0,0.0,0.0001,0.0,0.05,0.05,0.0,0.1042,0.0,0
30.063994,78.487419,30.0,78.5,2025-08-11,12,0.7995,1.4683470726013184,26.81099510192871,185.20770263671875,91.0769271850586,0.053479279795759525,-24.989896161215647,0.2742,0.4074,0.8311,0.8487,0.4956,1
31.92544444,76.44583611,32.0,76.5,2025-07-07,12,0.8192,8.306050300598145,60.66939926147461,221.00308227539062,105.02348327636719,0.255009939005823,-23.26581859588623,0.2887,0.4278,0.8786,0.8913,0.6376,1
22.190431502996596,84.19968564874165,22.25,84.25,2025-08-26,12,0.0479,1.1730176210403442,87.72988891601562,112.44155883789062,76.80536651611328,0.0687518098991635,-14.89006221294403,0.2559,0.3666,0.7363,0.7638,0.2127,0
22.967715,92.925677,23.0,93.0,2025-05-31,12,0.8792,55.573516845703125,73.36700439453125,177.0118865966797,100.72413635253906,2.11407711270616,30.286104474748885,0.4185,0.398,0.8093,0.8292,0.4307,1
30.25,80.75,30.25,80.75,2025-01-21,12,0.0339,0.0,0.8927330374717712,1.8269374370574951,0.8754051327705383,7.930270322991533e-05,-0.260991062436785,0.0539,0.0592,0.0215,0.1234,0.0,0
30.75,66.5,30.75,66.5,2025-05-18,12,0.0,0.0,0.0,0.0,0.0,0.0001,0.0,0.05,0.05,0.0,0.1042,0.0,0
11.3665,76.8167,11.25,76.75,2025-11-18,12,0.6801,0.0,13.625910758972168,16.649227142333984,10.994791030883789,2.9599275941958576e-05,-2.378461020333426,0.0958,0.1157,0.1528,0.2411,0.0,0
11.3533,76.785,11.25,76.75,2025-10-21,12,0.8693,4.742228031158447,19.303176879882812,57.73664093017578,32.3955192565918,0.5127899091013123,-3.505863530295235,0.1658,0.23,0.4186,0.4791,0.0,1
27.09993663,88.23805144,27.0,88.25,2025-07-20,12,1.0,14.543757438659668,63.73545455932617,183.48733520507812,103.44712829589844,0.5344554899726669,-11.668719019208634,0.2872,0.3975,0.8082,0.8282,0.4273,1
23.960467884522863,85.50769649211055,24.0,85.5,2025-07-17,12,0.0474,78.1641845703125,46.68518829345703,106.82394409179688,61.120845794677734,4.806985000896836,62.903621128627236,0.4521,0.3588,0.7182,0.7476,0.1586,0
32.5,88.0,32.5,88.0,2025-12-27,12,0.0,0.0,0.0,0.0,0.0,0.0001,0.0,0.05,0.05,0.0,0.1042,0.0,0
18.38809,73.38825,18.5,73.5,2025-08-20,12,0.5538,45.64247131347656,19.372501373291016,25.442676544189453,16.85995864868164,9.848077693563747,42.00780323573521,0.393,0.1495,0.2313,0.3114,0.0,1
30.0,75.75,30.0,75.75,2025-06-13,12,0.0,0.0,0.0,0.0,0.0,0.0001,0.0,0.05,0.05,0.0,0.1042,0.0,0
13.26724722,75.39658444,13.25,75.5,2025-04-01,12,0.546,0.0,1.407188892364502,12.619782447814941,6.303321838378906,3.567827532552274e-05,-1.8028260639735632,0.0772,0.1027,0.1226,0.214,0.0,1
30.334904,79.320239,30.25,79.25,2025-04-10,12,0.7943,0.0,0.0,0.0,0.0,0.0001,0.0,0.05,0.05,0.0,0.1042,0.0,1
28.25,92.25,28.25,92.25,2025-07-27,12,0.0009,0.0,0.0,0.0,0.0,0.0001,0.0,0.05,0.05,0.0,0.1042,0.0,0
35.25,73.25,35.25,73.25,2025-09-09,12,0.0,0.0,0.0,0.0,0.0,0.0001,0.0,0.05,0.05,0.0,0.1042,0.0,0
23.0416347343002,83.24688412093478,23.0,83.25,2025-08-15,12,0.1165,3.337824583053589,10.316953659057617,33.0035400390625,17.18354034423828,0.5840851099317536,-1.3769668510981967,0.1184,0.1873,0.3192,0.3901,0.0,0
23.132516,92.746085,23.25,92.75,2025-07-01,12,1.0,39.7066535949707,0.5415206551551819,49.990272521972656,23.749649047851562,4.877100299136701,32.565186091831755,0.3729,0.2058,0.3623,0.4287,0.0,1
27.010752,88.183783,27.0,88.25,2025-11-14,12,1.0,0.0,0.0,8.863222122192383,3.3427600860595703,4.4127226777005905e-05,-1.266174588884626,0.0647,0.083,0.0767,0.1729,0.0,0
23.3057,92.852802,23.25,92.75,2025-01-03,12,0.8145,0.0,0.0,0.0,0.0,0.0001,0.0,0.05,0.05,0.0,0.1042,0.0,0
22.788323,92.833817,22.75,92.75,2025-03-09,12,0.5824,0.0,0.0,0.0,0.0,0.0001,0.0,0.05,0.05,0.0,0.1042,0.0,0
22.488093802675746,86.97795806392025,22.5,87.0,2025-07-26,12,0.0917,2.55951189994812,3.4414591789245605,49.99081802368164,24.419631958007812,0.3143889475703191,-4.5820335320064,0.1423,0.2407,0.4435,0.5015,0.0,0
24.297416505250826,87.91778878334694,24.25,88.0,2025-07-05,12,0.0604,0.8380702137947083,25.11205291748047,40.20891189575195,22.551958084106445,0.12428143884186645,-4.906060057026999,0.1364,0.2126,0.3783,0.443,0.0,0
25.35479450521776,78.1931840353434,25.25,78.25,2025-08-05,12,0.0965,38.228694915771484,7.952037811279297,45.699337005615234,23.3758602142334,5.077892429308681,31.700218200683594,0.3672,0.2282,0.4144,0.4754,0.0,0
23.25,97.0,23.25,97.0,2025-02-04,12,0.0,0.0,0.0,0.0,0.0,0.0001,0.0,0.05,0.05,0.0,0.1042,0.0,0
37.5,80.75,37.5,80.75,2025-12-26,12,0.0,0.0,0.0,0.0,0.0,0.0001,0.0,0.05,0.05,0.0,0.1042,0.0,0
28.25,84.25,28.25,84.25,2025-09-06,12,0.0,0.0,0.0,0.0,0.0,0.0001,0.0,0.05,0.05,0.0,0.1042,0.0,0
32.22934444,76.32632222,32.25,76.25,2025-08-19,12,0.8977,24.37162208557129,114.5758285522461,187.44969177246094,107.07682800292969,0.8773583184623008,-2.406905310494558,0.2968,0.4049,0.8253,0.8435,0.4783,1
22.838109853777006,86.3775744535034,22.75,86.5,2025-07-20,12,0.0253,2.381704807281494,15.8972749710083,114.60964965820312,60.356178283691406,0.1370995944633561,-13.991102286747523,0.2293,0.3704,0.745,0.7716,0.2386,0
27.75,81.25,27.75,81.25,2025-05-20,12,0.0,0.0,2.9323952198028564,4.496452808380127,2.620056629180908,6.088834631580864e-05,-0.642350401197161,0.0616,0.0726,0.0525,0.1512,0.0,0
31.21918611,76.72500833,31.25,76.75,2025-08-22,12,0.9315,1.8317393064498901,52.192039489746094,100.57554626464844,59.501556396484375,0.11919879182954328,-12.536195874214172,0.2277,0.3096,0.6038,0.6451,0.0,1
31.3704259,76.7702055,31.25,76.75,2025-08-01,12,0.8752,1.9508756399154663,22.632991790771484,34.65478515625,21.843013763427734,0.327857398091973,-2.9998079538345337,0.1341,0.1693,0.2774,0.3526,0.0,1
24.305708889403498,81.11166964771436,24.25,81.0,2025-07-01,12,0.1205,0.0,35.104835510253906,81.63291931152344,47.03075408935547,7.89774279621399e-06,-11.66184561593192,0.2023,0.3137,0.6133,0.6536,0.0,0
18.3961,73.85762,18.5,73.75,2025-08-19,12,0.6398,1.01162588596344,3.015787363052368,3.353762149810791,2.6677908897399902,0.6840104204898604,0.5325170074190413,0.065,0.0643,0.0332,0.1339,0.0,1
23.71577,92.713172,23.75,92.75,2025-01-11,12,0.8587,0.0,0.0,0.0,0.0,0.0001,0.0,0.05,0.05,0.0,0.1042,0.0,0
23.100785,92.751508,23.0,92.75,2025-05-30,12,0.8034,30.283790588378906,105.716796875,159.10182189941406,89.76313018798828,1.2762486991083397,7.554958888462611,0.331,0.3865,0.7825,0.8052,0.3507,1
29.25,73.25,29.25,73.25,2025-04-22,12,0.0,0.0,0.0,0.0,0.0,0.0001,0.0,0.05,0.05,0.0,0.1042,0.0,0
18.38386,73.63431,18.5,73.75,2025-02-20,12,0.4299,0.0,0.0,0.0,0.0,0.0001,0.0,0.05,0.05,0.0,0.1042,0.0,0
23.123927,92.739604,23.0,92.75,2025-11-06,12,0.6896,51.91107177734375,3.4713611602783203,3.4713611602783203,2.1604819297790527,34.702098120713465,51.41516304016113,0.4101,0.0646,0.0339,0.1345,0.0,0
33.0,96.75,33.0,96.75,2025-10-24,12,0.0,0.0,0.0,0.0,0.0,0.0001,0.0,0.05,0.05,0.0,0.1042,0.0,0
26.45278,94.37526,26.5,94.5,2025-02-21,12,0.476,0.0,9.706098556518555,11.105171203613281,8.167126655578613,3.8662987061967125e-05,-1.5864530290876115,0.0847,0.0976,0.1108,0.2034,0.0,0
23.173258,92.611929,23.25,92.5,2025-02-12,12,0.6729,0.0,0.0,0.0,0.0,0.0001,0.0,0.05,0.05,0.0,0.1042,0.0,0
26.786614439472935,83.7304142893085,26.75,83.75,2025-08-25,12,0.0948,0.0,13.140765190124512,17.02775764465332,11.250127792358398,2.913297238769864e-05,-2.4325368063790456,0.0967,0.1278,0.1809,0.2662,0.0,0
32.25,73.25,32.25,73.25,2025-01-10,12,0.0,0.0,0.0,0.0,0.0,0.0001,0.0,0.05,0.05,0.0,0.1042,0.0,0
27.07369258,88.19971448,27.0,88.25,2025-02-27,12,1.0,0.0,3.732957124710083,6.663834571838379,4.650234699249268,5.1230128432813696e-05,-0.9519763674054827,0.0703,0.075,0.0582,0.1563,0.0,0
27.09203788,88.24652408,27.0,88.25,2025-07-03,12,1.0,30.4725399017334,43.23316955566406,117.45869445800781,60.45477294921875,1.7138897386080472,13.692726407732284,0.332,0.3306,0.6525,0.6887,0.0,1
31.64027778,77.40055556,31.75,77.5,2025-06-09,12,0.818,0.0,0.715618908405304,16.845420837402344,8.521688461303711,2.9355741078053296e-05,-2.406488691057478,0.0861,0.1139,0.1485,0.2372,0.0,1
23.309914,92.853522,23.25,92.75,2025-11-13,12,0.8145,0.0,0.0,48.473289489746094,17.29498291015625,1.2618685613179489e-05,-6.9247556413922995,0.1188,0.2094,0.3708,0.4363,0.0,0
25.79998579165484,81.48994935301911,25.75,81.5,2025-08-21,12,0.0973,0.0,0.0,8.648964881896973,2.8849334716796875,4.473139311659992e-05,-1.2355664116995675,0.0627,0.0914,0.0963,0.1904,0.0,0
27.068621,88.479162,27.0,88.5,2025-03-17,12,1.0,0.0,6.025049686431885,6.2958807945251465,3.903106927871704,5.26478847710668e-05,-0.8994115420750209,0.0671,0.0737,0.0551,0.1535,0.0,0
37.5,76.5,37.5,76.5,2025-11-07,12,0.0,0.0,0.0,0.0,0.0,0.0001,0.0,0.05,0.05,0.0,0.1042,0.0,0
17.25,69.75,17.25,69.75,2025-10-18,12,0.0,0.0,0.0,0.0,0.0,0.0001,0.0,0.05,0.05,0.0,0.1042,0.0,0
23.745802,92.717053,23.75,92.75,2025-06-01,12,1.0,75.84884643554688,85.02435302734375,158.4029998779297,101.04352569580078,3.2099939265954855,53.21984645298549,0.4498,0.3766,0.7596,0.7847,0.2823,1
28.75,72.0,28.75,72.0,2025-02-17,12,0.0,0.0,0.0,0.0,0.0,0.0001,0.0,0.05,0.05,0.0,0.1042,0.0,0
23.5,92.5,23.5,92.5,2025-10-22,12,0.5325,0.0,0.2542714476585388,0.2542714476585388,0.18371112644672394,9.649487271749929e-05,-0.036324492522648404,0.0508,0.0511,0.0026,0.1065,0.0,0
27.75,85.5,27.75,85.5,2025-08-27,12,0.0,0.0,0.0,0.0,0.0,0.0001,0.0,0.05,0.05,0.0,0.1042,0.0,0
20.0,88.5,20.0,88.5,2025-11-26,12,0.0,0.0,0.0,0.0,0.0,0.0001,0.0,0.05,0.05,0.0,0.1042,0.0,0
22.878360499779554,83.1318989170983,23.0,83.25,2025-08-20,12,0.1465,0.21247045695781708,0.5462493300437927,14.751127243041992,5.987311840057373,0.06840993490030345,-1.8948334349053249,0.0759,0.1174,0.1568,0.2446,0.0,0
11.72481667,75.81764167,11.75,75.75,2025-01-01,12,0.6467,0.0,0.0,0.0,0.0,0.0001,0.0,0.05,0.05,0.0,0.1042,0.0,1
23.229765,93.127521,23.25,93.25,2025-03-10,12,0.5937,0.0,0.0,0.0,0.0,0.0001,0.0,0.05,0.05,0.0,0.1042,0.0,0
23.229731,92.73968,23.25,92.75,2025-11-24,12,0.8145,0.0,0.0,0.0,0.0,0.0001,0.0,0.05,0.05,0.0,0.1042,0.0,0
23.131347923792177,85.92902278329636,23.25,86.0,2025-07-24,12,0.0469,0.0,1.8048210144042969,42.37137222290039,16.535512924194336,1.4178256922648636e-05,-6.0530531747000555,0.1161,0.2198,0.395,0.458,0.0,0
23.149094,92.750808,23.25,92.75,2025-02-14,12,0.8145,0.0,0.0,0.0,0.0,0.0001,0.0,0.05,0.05,0.0,0.1042,0.0,0
14.5,71.25,14.5,71.25,2025-10-12,12,0.0,0.0,0.0,0.0,0.0,0.0001,0.0,0.05,0.05,0.0,0.1042,0.0,0
30.0805,78.34372222,30.0,78.25,2025-07-01,12,0.7128,9.254294395446777,15.185195922851562,25.260318756103516,15.438434600830078,2.0080632574614965,5.645677430289132,0.169,0.1448,0.2205,0.3017,0.0,1
17.25,92.0,17.25,92.0,2025-09-21,12,0.0,0.0,0.0,0.0,0.0,0.0001,0.0,0.05,0.05,0.0,0.1042,0.0,0
25.736097938710188,85.39986386685612,25.75,85.5,2025-08-16,12,0.0464,0.0,39.17113494873047,49.03096008300781,33.24094009399414,1.2493093085732882e-05,-7.004422869001116,0.1682,0.2396,0.441,0.4992,0.0,0
18.4095,73.85817,18.5,73.75,2025-12-24,12,0.4299,0.0,0.0,0.0,0.0,0.0001,0.0,0.05,0.05,0.0,0.1042,0.0,0
22.064487348947626,83.402994067615,22.0,83.5,2025-08-13,12,0.1445,0.0,2.622279644012451,16.36118507385254,8.56088638305664,2.9964233312097194e-05,-2.3373121534075056,0.0863,0.1241,0.1724,0.2586,0.0,0
26.19113889,91.82961111,26.25,91.75,2025-05-31,12,0.6393,46.6163215637207,25.202701568603516,40.160362243652344,27.459131240844727,6.9192630298331945,40.87912695748465,0.3959,0.1932,0.333,0.4024,0.0,1
27.0886064,88.1522272,27.0,88.25,2025-06-28,12,1.0,11.283933639526367,158.1234893798828,234.93226623535156,141.93511962890625,0.32648904879783525,-22.27781867980957,0.3152,0.4281,0.8793,0.8919,0.6396,1
23.75024,92.736662,23.75,92.75,2025-06-01,12,0.9429,75.84884643554688,85.02435302734375,158.4029998779297,101.04352569580078,3.2099939265954855,53.21984645298549,0.4498,0.3794,0.7661,0.7904,0.3015,1
30.163511,78.617044,30.25,78.5,2025-02-13,12,0.7335,0.0,0.0,3.832555055618286,1.2286293506622314,6.462002698402591e-05,-0.5475078650883266,0.0555,0.0658,0.0369,0.1372,0.0,0
18.0,98.75,18.0,98.75,2025-02-13,12,0.0,0.0,0.0,0.0,0.0,0.0001,0.0,0.05,0.05,0.0,0.1042,0.0,0
22.571166779210916,79.40899638073127,22.5,79.5,2025-08-04,12,0.0983,0.0,4.237462997436523,72.10800170898438,32.236961364746094,8.848662396695331e-06,-10.301143101283483,0.1654,0.2951,0.57,0.6148,0.0,0
18.38386,73.63431,18.5,73.75,2025-01-24,12,0.4299,0.0,0.0,0.0,0.0,0.0001,0.0,0.05,0.05,0.0,0.1042,0.0,0
28.5,74.0,28.5,74.0,2025-02-20,12,0.0,0.0,0.0,0.0,0.0,0.0001,0.0,0.05,0.05,0.0,0.1042,0.0,0
23.243985318765738,87.10216654966645,23.25,87.0,2025-08-21,12,0.1015,5.08367395401001,11.322824478149414,64.43273162841797,29.27658462524414,0.4981808320474865,-4.121001992906843,0.157,0.2776,0.5293,0.5783,0.0,0
9.75,74.75,9.75,74.75,2025-01-03,12,0.0,0.0,0.0,0.0,0.0,0.0001,0.0,0.05,0.05,0.0,0.1042,0.0,0
22.669018681397443,82.18580621623936,22.75,82.25,2025-08-15,12,0.0957,18.9202823638916,6.863409042358398,16.402427673339844,9.857439041137695,5.659356302513886,16.577078410557338,0.2582,0.1252,0.1748,0.2608,0.0,0
9.5,88.75,9.5,88.75,2025-12-12,12,0.0,0.0,0.0,0.0,0.0,0.0001,0.0,0.05,0.05,0.0,0.1042,0.0,0
33.37226667,74.40379444,33.25,74.5,2025-08-14,12,0.643,11.097363471984863,119.92059326171875,170.31683349609375,117.22099304199219,0.43809853115612607,-13.233612741742814,0.2991,0.4026,0.8201,0.8388,0.4627,1
26.46817626673067,78.74638431079428,26.5,78.75,2025-07-04,12,0.0447,2.7617785930633545,51.8542366027832,82.05608367919922,53.080467224121094,0.21708960637754965,-8.960519075393677,0.2152,0.3176,0.6223,0.6616,0.0,0
23.170376,92.739585,23.25,92.75,2025-01-13,12,0.8145,0.0,0.0,0.0,0.0,0.0001,0.0,0.05,0.05,0.0,0.1042,0.0,0
25.090514827808484,83.09508873224202,25.0,83.0,2025-07-20,12,0.0667,1.3464391231536865,40.18337631225586,81.45757293701172,44.19242858886719,0.10655700296895607,-10.290357010705131,0.1959,0.3156,0.6176,0.6574,0.0,0
18.26855,73.59893,18.25,73.5,2025-12-01,12,0.4745,0.0,0.0,0.0,0.0,0.0001,0.0,0.05,0.05,0.0,0.1042,0.0,0
14.25,70.25,14.25,70.25,2025-12-06,12,0.0,0.0,0.0,0.0,0.0,0.0001,0.0,0.05,0.05,0.0,0.1042,0.0,0
18.39955,73.3856,18.5,73.5,2025-02-02,12,0.4481,0.0,0.0,0.0,0.0,0.0001,0.0,0.05,0.05,0.0,0.1042,0.0,0
18.63083,73.41822,18.75,73.5,2025-11-05,12,0.4188,0.8329783082008362,7.287446022033691,20.876977920532227,9.566181182861328,0.2091886779847375,-2.149447109018053,0.0902,0.1364,0.2009,0.2842,0.0,0
10.25,82.0,10.25,82.0,2025-12-21,12,0.0,0.0,0.0,0.0,0.0,0.0001,0.0,0.05,0.05,0.0,0.1042,0.0,0
33.097678,75.325725,33.0,75.25,2025-09-09,12,0.7723,5.730884075164795,6.129321575164795,236.40228271484375,108.37425231933594,0.16481722389248185,-28.04087059838431,0.2918,0.4364,0.8986,0.9092,0.6973,1
22.12019277952929,84.50323323117405,22.0,84.5,2025-07-07,12,0.1105,62.965763092041016,62.76671600341797,184.2883758544922,97.52041625976562,2.30417054708835,36.63885225568499,0.4325,0.4299,0.8836,0.8957,0.6523,0
23.270548,92.877577,23.25,93.0,2025-06-01,12,0.9244,132.071044921875,89.81504821777344,186.56716918945312,115.71089172363281,4.77610959712014,105.41859218052456,0.4758,0.4031,0.8212,0.8398,0.4661,1
24.88079664912983,83.53677833539433,25.0,83.5,2025-07-13,12,0.0273,1.9331693649291992,14.7051362991333,25.607398986816406,16.874645233154297,0.415024993559772,-1.7250304903302873,0.1173,0.1631,0.263,0.3398,0.0,0
24.5311551804544,78.25632249884423,24.5,78.25,2025-07-13,12,0.1307,41.393131256103516,91.57278442382812,209.057861328125,113.67878723144531,1.341088063223398,11.5277224949428,0.379,0.442,0.9117,0.9209,0.7362,0
25.69150833,91.64160833,25.75,91.75,2025-05-29,12,0.7371,1.6233464479446411,20.467220306396484,87.67496490478516,40.72336959838867,0.12003305358540577,-10.90164853845324,0.1876,0.2977,0.5761,0.6202,0.0,1
23.367366,92.767304,23.25,92.75,2025-01-01,12,0.8145,0.0,0.0,0.0,0.0,0.0001,0.0,0.05,0.05,0.0,0.1042,0.0,0
30.407259,78.700957,30.5,78.75,2025-08-18,12,0.8872,30.970661163330078,37.25425720214844,100.72136688232422,52.18653869628906,2.0125564167797805,16.58189446585519,0.3346,0.3121,0.6096,0.6503,0.0,1
12.860977,75.205525,12.75,75.25,2025-05-31,12,0.61,122.31317138671875,313.42138671875,607.1717529296875,360.6886291503906,1.394061018962315,35.57434953962054,0.4741,0.4791,0.9979,0.9981,0.9938,1
13.38881556,75.31348722,13.5,75.25,2025-08-16,12,0.6108,23.557138442993164,35.31755828857422,47.864654541015625,33.255149841308594,3.0055902197958067,16.719330651419504,0.2915,0.2157,0.3853,0.4494,0.0,1
30.75,86.0,30.75,86.0,2025-12-23,12,0.0,0.0,0.0,0.0,0.0,0.0001,0.0,0.05,0.05,0.0,0.1042,0.0,0
23.201614,92.734453,23.25,92.75,2025-02-02,12,0.8145,0.0,0.0,0.0,0.0,0.0001,0.0,0.05,0.05,0.0,0.1042,0.0,0
22.501432362394528,81.36108489221144,22.5,81.25,2025-07-16,12,0.0636,3.262493848800659,16.35858154296875,93.31976318359375,42.854854583740234,0.22765361696287933,-10.068900891712733,0.1927,0.3372,0.6678,0.7024,0.008,0
25.14059765621786,87.3064247635196,25.25,87.25,2025-07-14,12,0.0599,0.0,7.807277679443359,28.520103454589844,12.521334648132324,1.9707149808696497e-05,-4.074300493512835,0.1015,0.1731,0.2862,0.3605,0.0,0
26.7881264225269,79.75302942357659,26.75,79.75,2025-07-15,12,0.0461,12.260963439941406,60.20161056518555,74.00509643554688,56.3130989074707,1.05953141044502,1.6888068062918524,0.2217,0.3013,0.5843,0.6276,0.0,0
23.3353047011968,82.40144206537937,23.25,82.5,2025-08-27,12,0.0993,9.808074951171875,62.79982376098633,85.0914306640625,54.90088653564453,0.7455332614893964,-2.3478437151227673,0.2189,0.3211,0.6306,0.669,0.0,0
23.187661,92.735055,23.25,92.75,2025-05-01,12,0.9412,0.0,3.633636951446533,3.633636951446533,3.0885915756225586,6.582884136408064e-05,-0.5190909930637905,0.0636,0.0641,0.0328,0.1335,0.0,1
22.969582,92.925917,23.0,93.0,2025-02-21,12,0.6412,0.0,0.0,0.0,0.0,0.0001,0.0,0.05,0.05,0.0,0.1042,0.0,0
23.193468,92.734849,23.25,92.75,2025-01-08,12,0.8145,0.0,0.0,0.0,0.0,0.0001,0.0,0.05,0.05,0.0,0.1042,0.0,0
15.75,81.5,15.75,81.5,2025-06-25,12,0.0,0.0,0.0,0.0,0.0,0.0001,0.0,0.05,0.05,0.0,0.1042,0.0,0
26.469761302762734,85.76281664018293,26.5,85.75,2025-07-07,12,0.0862,0.0,4.6999406814575195,4.6999406814575195,3.504607677459717,5.982936316159148e-05,-0.6714200973510742,0.0654,0.0731,0.0537,0.1523,0.0,0
23.336229,92.787113,23.25,92.75,2025-05-30,12,0.9661,25.781877517700195,70.82451629638672,121.74378967285156,67.5400161743164,1.4018062003806169,8.389907564435685,0.3056,0.338,0.6698,0.7042,0.014,1
21.5,97.0,21.5,97.0,2025-01-15,12,0.0,0.0,0.0,0.0,0.0,0.0001,0.0,0.05,0.05,0.0,0.1042,0.0,0
23.951628896307774,87.09062542896731,24.0,87.0,2025-08-12,12,0.1397,4.728130340576172,44.96389389038086,119.02896881103516,60.93440246582031,0.26261908429687286,-12.27600806100028,0.2303,0.3717,0.748,0.7743,0.2476,0
27.0624,88.092965,27.0,88.0,2025-06-03,12,0.8013,1.5890271663665771,46.44266891479492,87.5595703125,49.09790802001953,0.11763896692639214,-10.91948287827628,0.2069,0.2944,0.5684,0.6134,0.0,1
23.350187,92.778852,23.25,92.75,2025-02-25,12,0.8145,0.0,0.0,0.0,0.0,0.0001,0.0,0.05,0.05,0.0,0.1042,0.0,0
23.197704,93.163019,23.25,93.25,2025-05-31,12,0.8229,56.08502960205078,64.96480560302734,160.17703247070312,91.92794036865234,2.348384233241823,33.20259639195034,0.4196,0.3866,0.7827,0.8054,0.3512,1
23.139887,92.751646,23.25,92.75,2025-12-11,12,0.8145,0.0,0.0,0.0,0.0,0.0001,0.0,0.05,0.05,0.0,0.1042,0.0,0
27.07283333,88.09147222,27.0,88.0,2025-01-25,12,0.7464,0.0,0.3044622540473938,0.3044622540473938,0.18697789311408997,9.583183205747019e-05,-0.043494607721056254,0.0508,0.0513,0.003,0.1068,0.0,0
23.092076,92.752286,23.0,92.75,2025-01-25,12,0.6896,0.0,0.0,0.0,0.0,0.0001,0.0,0.05,0.05,0.0,0.1042,0.0,0
14.0,79.0,14.0,79.0,2025-11-01,12,0.0,0.0,60.40983200073242,99.28577423095703,53.81483459472656,6.586017790856121e-06,-14.183682032993861,0.2167,0.3494,0.6962,0.7279,0.0929,0
25.30127778,91.92198889,25.25,92.0,2025-05-30,12,0.632,6.208911895751953,43.548973083496094,78.67698669433594,40.42713165283203,0.5072900547415844,-5.030657632010323,0.1869,0.2858,0.5484,0.5954,0.0,1
37.5,84.5,37.5,84.5,2025-04-12,12,0.0,0.0,0.0,0.0,0.0,0.0001,0.0,0.05,0.05,0.0,0.1042,0.0,0
22.866715264876404,82.85817428912631,22.75,82.75,2025-08-06,12,0.1087,0.180075004696846,28.214548110961914,31.985376358032227,22.93195152282715,0.03235123399336042,-4.389264475022044,0.1376,0.184,0.3116,0.3833,0.0,0
27.5,82.5,27.5,82.5,2025-04-11,12,0.0,3.572451591491699,0.0,0.0,0.0,3.5725515914916994,3.572451591491699,0.1005,0.05,0.0,0.1042,0.0,0
37.75,84.25,37.75,84.25,2025-11-09,12,0.0,0.0,0.0,0.0,0.0,0.0001,0.0,0.05,0.05,0.0,0.1042,0.0,0
13.75,72.5,13.75,72.5,2025-12-02,12,0.0,0.0,0.0,0.0,0.0,0.0001,0.0,0.05,0.05,0.0,0.1042,0.0,0
27.06049,88.093213,27.0,88.0,2025-12-20,12,0.7464,0.0,0.0,0.0,0.0,0.0001,0.0,0.05,0.05,0.0,0.1042,0.0,0
36.75,77.0,36.75,77.0,2025-07-17,12,0.0,0.0,0.0,0.0,0.0,0.0001,0.0,0.05,0.05,0.0,0.1042,0.0,0
25.739454,91.572107,25.75,91.5,2025-05-31,12,0.6181,91.78986358642578,13.83639907836914,42.82063293457031,21.19437599182129,12.89686034195547,85.6726303100586,0.4627,0.2015,0.3524,0.4198,0.0,1
23.313477385009676,86.74766062553994,23.25,86.75,2025-07-08,12,0.1136,14.366936683654785,19.903003692626953,50.49128341674805,24.07613754272461,1.7492957333474002,7.153896195547921,0.2199,0.2413,0.4449,0.5028,0.0,0
33.24827222,75.21343056,33.25,75.25,2025-02-03,12,0.6662,1.0517724752426147,0.853464663028717,0.853464663028717,0.7254449725151062,0.9375616549675406,0.929848951952798,0.0655,0.0537,0.0085,0.1118,0.0,0
30.635966,79.001953,30.75,79.0,2025-02-14,12,0.5757,0.0,0.0,0.0,0.0,0.0001,0.0,0.05,0.05,0.0,0.1042,0.0,0
26.962417510791877,87.27000967924295,27.0,87.25,2025-08-01,12,0.1295,0.0,0.0,0.0,0.0,0.0001,0.0,0.05,0.05,0.0,0.1042,0.0,0
9.5,94.75,9.5,94.75,2025-12-20,12,0.0,0.0,0.0,0.0,0.0,0.0001,0.0,0.05,0.05,0.0,0.1042,0.0,0
12.811644,74.891475,12.75,75.0,2025-12-21,12,0.3899,0.0,0.0,0.0,0.0,0.0001,0.0,0.05,0.05,0.0,0.1042,0.0,0
31.92175278,76.44502222,32.0,76.5,2025-08-08,12,0.8154,5.538792133331299,86.48580169677734,176.47592163085938,103.79242706298828,0.2113206168345409,-19.672053813934326,0.2876,0.4003,0.8147,0.834,0.4468,1
26.0,88.0,26.0,88.0,2025-08-13,12,0.0048,9.899772644042969,37.06948471069336,100.7741928100586,50.09963607788086,0.6430028070860493,-4.49654061453683,0.209,0.3515,0.7012,0.7323,0.1076,0
26.29911917695638,78.35007914806806,26.25,78.25,2025-07-21,12,0.0735,0.0,90.67283630371094,170.550537109375,97.33397674560547,3.942539467333657e-06,-24.364362444196427,0.2811,0.4223,0.8659,0.8798,0.5995,0
25.69007,91.67085,25.75,91.75,2025-11-04,12,0.4898,0.191684290766716,45.131629943847656,59.89799499511719,39.35429382324219,0.02006771705885952,-8.365172137107168,0.1842,0.2512,0.4678,0.5232,0.0,0
26.9842464214072,82.30343173689073,27.0,82.25,2025-08-23,12,0.1379,11.587669372558594,3.083648920059204,4.41082763671875,2.5865414142608643,7.108545338717873,10.95755113874163,0.1934,0.0714,0.0498,0.1488,0.0,0
21.75,88.25,21.75,88.25,2025-08-08,12,0.0,2.5243618488311768,62.081512451171875,134.34439086914062,76.50262451171875,0.12502252712793258,-16.667693989617483,0.2555,0.3942,0.8005,0.8213,0.4044,0
19.5,85.75,19.5,85.75,2025-12-26,12,0.0,0.0,0.0,0.0,0.0,0.0001,0.0,0.05,0.05,0.0,0.1042,0.0,0
33.195183,75.359804,33.25,75.25,2025-03-11,12,0.6662,0.0,0.0,49.44413757324219,18.44288444519043,1.2401642227090043e-05,-7.063448224748884,0.1227,0.2178,0.3901,0.4537,0.0,0
25.48273532142852,80.7115036117722,25.5,80.75,2025-08-13,12,0.1295,0.16096332669258118,30.18682098388672,77.5822525024414,38.41460037231445,0.013329549089692607,-10.92221560222762,0.1818,0.3053,0.5938,0.6361,0.0,0
11.5,82.25,11.5,82.25,2025-10-04,12,0.0,0.0,0.0,0.0,0.0,0.0001,0.0,0.05,0.05,0.0,0.1042,0.0,0
11.2643,76.6583,11.25,76.75,2025-02-03,12,0.6801,0.0,0.0,0.0,0.0,0.0001,0.0,0.05,0.05,0.0,0.1042,0.0,0
34.5,77.25,34.5,77.25,2025-10-08,12,0.008,0.7999337315559387,0.0,0.0,0.0,0.8000337315559387,0.7999337315559387,0.0619,0.05,0.0,0.1042,0.0,0
20.5,71.75,20.5,71.75,2025-07-08,12,0.0,0.0,0.0,0.0,0.0,0.0001,0.0,0.05,0.05,0.0,0.1042,0.0,0
22.891165494557917,86.59182199411109,23.0,86.5,2025-07-16,12,0.0718,72.6211929321289,30.598220825195312,115.00360107421875,58.606021881103516,4.166672508425855,56.19210706438337,0.4461,0.3691,0.7421,0.769,0.2299,0
30.124203,78.361576,30.0,78.25,2025-08-06,12,0.7498,18.761066436767578,10.63201904296875,25.104713439941406,13.556127548217773,4.090619444495273,15.174678802490234,0.257,0.1434,0.2171,0.2987,0.0,1
23.127505,92.740257,23.25,92.75,2025-02-10,12,0.8145,0.0,0.0,0.0,0.0,0.0001,0.0,0.05,0.05,0.0,0.1042,0.0,0
26.4219453,94.3854377,26.5,94.5,2025-07-07,12,0.7228,34.56513977050781,147.72879028320312,194.8961181640625,125.32009887695312,1.1984216467051567,6.7228371756417395,0.3517,0.4167,0.8528,0.8682,0.5605,1
9.872884,77.2112,9.75,77.25,2025-12-19,12,0.7376,6.374447822570801,0.5180515646934509,0.5180515646934509,0.44034385681152344,5.935292458959752,6.300440456186022,0.136,0.0522,0.0051,0.1087,0.0,0
35.25,69.5,35.25,69.5,2025-12-02,12,0.0,0.0,0.0,0.0,0.0,0.0001,0.0,0.05,0.05,0.0,0.1042,0.0,0
25.623067,94.114196,25.5,94.0,2025-07-07,12,0.816,28.300954818725586,27.914400100708008,51.963783264160156,30.68534278869629,3.3598146652759704,20.87755720955985,0.3203,0.2182,0.3913,0.4547,0.0,1
22.636462665475392,84.49510493501924,22.75,84.5,2025-08-12,12,0.0692,1.0263580083847046,37.5208854675293,63.51214599609375,35.56169509887695,0.10190026068829304,-8.046805705342974,0.1744,0.2767,0.5271,0.5764,0.0,0
18.106541,73.621345,18.0,73.5,2025-01-01,12,0.6608,0.0,0.0,0.0,0.0,0.0001,0.0,0.05,0.05,0.0,0.1042,0.0,1
12.811644,74.891475,12.75,75.0,2025-03-25,12,0.3899,0.0,0.0,0.0,0.0,0.0001,0.0,0.05,0.05,0.0,0.1042,0.0,0
29.0,79.5,29.0,79.5,2025-10-13,12,0.1268,0.0,0.0,46.77224349975586,23.172739028930664,1.3017868596149949e-05,-6.6817490713936945,0.1384,0.2303,0.4193,0.4798,0.0,0
23.274148,92.871011,23.25,92.75,2025-01-09,12,0.8145,0.0,0.0,0.0,0.0,0.0001,0.0,0.05,0.05,0.0,0.1042,0.0,0
31.71694444,76.73472222,31.75,76.75,2025-03-10,12,0.7398,0.0,0.0,3.924583673477173,1.7413586378097534,6.407566832038349e-05,-0.5606548104967389,0.0578,0.0662,0.0377,0.1379,0.0,0
9.5,86.5,9.5,86.5,2025-09-08,12,0.0,0.0,0.0,0.0,0.0,0.0001,0.0,0.05,0.05,0.0,0.1042,0.0,0
11.3494,76.7959,11.25,76.75,2025-10-19,12,0.8818,8.852898597717285,37.709163665771484,49.19961166381836,28.44532012939453,1.1026942775819621,1.824382645743234,0.1646,0.2086,0.3689,0.4346,0.0,1
26.857581784020695,80.76238941623143,26.75,80.75,2025-08-02,12,0.0493,12.806138038635254,12.68392562866211,20.73929786682129,12.470531463623047,3.2316487137069436,9.843381200517927,0.2053,0.1437,0.2179,0.2994,0.0,0
24.863924,93.617853,24.75,93.5,2025-11-15,12,0.5451,0.0,0.0,1.3204591274261475,0.42330893874168396,8.412997279112147e-05,-0.18863701820373535,0.0519,0.0558,0.0136,0.1163,0.0,0
23.303906,92.853173,23.25,92.75,2025-06-01,12,0.9776,99.3125228881836,87.32789611816406,173.41844177246094,108.7843017578125,3.853200112957625,74.53845977783203,0.4667,0.3908,0.7925,0.8141,0.3803,1
23.5,78.5,23.5,78.5,2025-03-12,12,0.0,0.0,0.0,0.0,0.0,0.0001,0.0,0.05,0.05,0.0,0.1042,0.0,0
25.68690556,91.64915278,25.75,91.75,2025-01-02,12,0.4898,0.0,0.0,0.0,0.0,0.0001,0.0,0.05,0.05,0.0,0.1042,0.0,0
22.669141814998465,84.29557696891736,22.75,84.25,2025-07-09,12,0.1173,2.119285821914673,45.909812927246094,116.57437133789062,60.17212677001953,0.12005483493690863,-14.534195797783987,0.2289,0.3694,0.7428,0.7696,0.2319,0
33.37646,74.394878,33.5,74.5,2025-12-10,12,0.4169,0.0,0.0,0.0,0.0,0.0001,0.0,0.05,0.05,0.0,0.1042,0.0,0
9.75,87.5,9.75,87.5,2025-08-03,12,0.0,0.0,0.0,0.0,0.0,0.0001,0.0,0.05,0.05,0.0,0.1042,0.0,0
26.97408333,88.12683333,27.0,88.25,2025-11-23,12,1.0,0.0,0.0,0.0,0.0,0.0001,0.0,0.05,0.05,0.0,0.1042,0.0,0
37.25,78.25,37.25,78.25,2025-10-18,12,0.0,0.0,0.0,0.0,0.0,0.0001,0.0,0.05,0.05,0.0,0.1042,0.0,0
23.144687,92.750609,23.25,92.75,2025-06-06,12,1.0,10.551135063171387,106.3203125,363.2035827636719,182.16612243652344,0.19950818652489677,-41.33509104592459,0.3314,0.4636,0.9619,0.9659,0.8864,1
25.69269519737954,86.66855213027065,25.75,86.75,2025-07-07,12,0.1157,0.0,2.487938404083252,12.934772491455078,6.767057418823242,3.511452163800971e-05,-1.8478246416364397,0.0791,0.1102,0.1399,0.2295,0.0,0
11.359,76.7817,11.25,76.75,2025-10-22,12,0.7609,3.2365293502807617,22.973480224609375,62.4788703918457,31.56708526611328,0.3260905844350684,-5.6890235628400525,0.1635,0.2457,0.4551,0.5118,0.0,1
23.139887,92.751646,23.25,92.75,2025-05-30,12,0.8829,25.781877517700195,70.82451629638672,121.74378967285156,67.5400161743164,1.4018062003806169,8.389907564435685,0.3056,0.3423,0.6797,0.7131,0.0435,1
25.0,69.5,25.0,69.5,2025-12-08,12,0.0,0.0,0.0,0.0,0.0,0.0001,0.0,0.05,0.05,0.0,0.1042,0.0,0
19.75,88.0,19.75,88.0,2025-11-06,12,0.0,0.0,0.0,0.0,0.0,0.0001,0.0,0.05,0.05,0.0,0.1042,0.0,0
38.0,89.0,38.0,89.0,2025-11-08,12,0.0,0.0,0.0,0.0,0.0,0.0001,0.0,0.05,0.05,0.0,0.1042,0.0,0
26.17027,91.698,26.25,91.75,2025-03-21,12,0.4187,0.0,0.7307223677635193,10.989992141723633,3.7376415729522705,3.8910522833220794e-05,-1.5699988773890905,0.0664,0.0979,0.1114,0.2039,0.0,0
23.164812,92.743396,23.25,92.75,2025-06-02,12,1.0,73.33731079101562,183.54595947265625,270.1734924316406,176.18540954589844,1.8521319301979065,34.741097586495535,0.447,0.4422,0.9121,0.9213,0.7375,1
23.895804319899717,81.40274982234031,24.0,81.5,2025-07-26,12,0.1358,8.022002220153809,22.768096923828125,61.964332580566406,32.03739929199219,0.8142573623180486,-0.8300452913556775,0.1649,0.2703,0.5124,0.5632,0.0,0
26.10571045748605,80.24764144775357,26.0,80.25,2025-08-09,12,0.0542,1.5635185241699219,48.90907287597656,101.0483169555664,57.17433166503906,0.10130032542469486,-12.87195532662528,0.2233,0.35,0.6976,0.7291,0.0971,0
27.296928,93.088111,27.25,93.0,2025-02-06,12,0.4062,0.0,0.0,24.845836639404297,10.45896053314209,2.1980895271373034e-05,-3.5494052342006137,0.0937,0.151,0.235,0.3147,0.0,0
24.409337396373083,81.61710254859581,24.5,81.5,2025-08-20,12,0.1022,0.0,0.0,14.894618034362793,5.650397777557373,3.197132733265207e-05,-2.1278025763375417,0.0745,0.1187,0.1598,0.2474,0.0,0
30.9913537,78.4567104,31.0,78.5,2025-01-22,12,0.5786,0.0,0.0,1.113552451133728,0.5812813639640808,8.627540207769127e-05,-0.15907892159053258,0.0526,0.0549,0.0114,0.1143,0.0,0
24.377081185520073,87.94450088545585,24.5,88.0,2025-07-20,12,0.1347,2.933086633682251,39.12661361694336,130.89480590820312,71.123291015625,0.1488983308729131,-15.766171353203909,0.2474,0.3858,0.7808,0.8036,0.3455,0
18.38673,73.66317,18.5,73.75,2025-07-25,12,0.5103,2.0013294219970703,4.211336135864258,4.211336135864258,3.4383859634399414,1.2496285709570774,1.399709974016462,0.0791,0.0685,0.0431,0.1428,0.0,1
30.756171,78.57631,30.75,78.5,2025-01-09,12,0.698,0.0,0.0,0.0,0.0,0.0001,0.0,0.05,0.05,0.0,0.1042,0.0,0
26.232771612327014,79.27499726671985,26.25,79.25,2025-08-10,12,0.0966,35.0927619934082,14.742598533630371,92.9267578125,49.32079315185547,2.4583008528585393,21.817510877336773,0.3541,0.3352,0.6632,0.6983,0.0,0
25.172199705841763,86.2767940720354,25.25,86.25,2025-07-11,12,0.1033,1.2403942346572876,0.0,9.485542297363281,3.181028127670288,0.5267318166409276,-0.11468323639460976,0.0683,0.0951,0.105,0.1982,0.0,0
23.281443,92.840145,23.25,92.75,2025-06-01,12,0.8655,99.3125228881836,87.32789611816406,173.41844177246094,108.7843017578125,3.853200112957625,74.53845977783203,0.4667,0.3958,0.8042,0.8246,0.4154,1
25.987444888565086,83.95807532389969,26.0,84.0,2025-08-22,12,0.0929,0.5818532109260559,0.8428725004196167,7.637018203735352,2.8125381469726562,0.27831300199126585,-0.5091493896075658,0.0624,0.0868,0.0856,0.1809,0.0,0
33.642519,74.435408,33.75,74.5,2025-11-21,12,0.3934,0.0,0.0,0.0,0.0,0.0001,0.0,0.05,0.05,0.0,0.1042,0.0,0
31.0,95.25,31.0,95.25,2025-01-24,12,0.0,0.0,0.0,0.0,0.0,0.0001,0.0,0.05,0.05,0.0,0.1042,0.0,0
10.0,78.0,10.0,78.0,2025-05-14,12,0.0344,0.0,0.0,18.38471031188965,6.933784484863281,2.7575654454962804e-05,-2.626387187412807,0.0797,0.1345,0.1965,0.2802,0.0,0
9.75,79.5,9.75,79.5,2025-07-27,12,0.0,0.0,0.0,0.0,0.0,0.0001,0.0,0.05,0.05,0.0,0.1042,0.0,0
33.070198,74.744972,33.0,74.75,2025-07-30,12,0.681,31.440265655517578,58.95710372924805,188.97030639648438,92.64569091796875,1.1230403403225542,4.444507598876953,0.3369,0.4145,0.8477,0.8635,0.5451,1
26.75,69.5,26.75,69.5,2025-08-08,12,0.0,0.0,0.0,0.0,0.0,0.0001,0.0,0.05,0.05,0.0,0.1042,0.0,0
16.5,76.0,16.5,76.0,2025-11-14,12,0.0,0.0,0.0,0.3607881963253021,0.1360711008310318,9.509851137266228e-05,-0.05154117090361459,0.0506,0.0519,0.0043,0.108,0.0,0
11.72481667,75.81764167,11.75,75.75,2025-12-20,12,0.5092,0.0,0.0,0.0,0.0,0.0001,0.0,0.05,0.05,0.0,0.1042,0.0,0
23.14209228415968,82.23014446241763,23.25,82.25,2025-08-24,12,0.1355,28.203832626342773,32.33915328979492,62.864131927490234,35.65044403076172,2.825878214436317,19.223242350987025,0.3198,0.2725,0.5175,0.5678,0.0,0
23.173258,92.611929,23.25,92.5,2025-06-01,12,0.9222,89.12710571289062,83.58097076416016,163.79278564453125,103.04899597167969,3.652908626297186,65.72813633510044,0.461,0.3852,0.7796,0.8026,0.3419,1
30.5,94.0,30.5,94.0,2025-07-07,12,0.0,0.0,0.0,0.0,0.0,0.0001,0.0,0.05,0.05,0.0,0.1042,0.0,0
27.304291,93.052835,27.25,93.0,2025-09-21,12,0.5281,0.0,44.52549743652344,96.560791015625,52.29389190673828,6.759314921555454e-06,-13.794398716517858,0.2136,0.3227,0.6342,0.6723,0.0,1
23.14788,93.323791,23.25,93.25,2025-06-01,12,0.649,132.47854614257812,94.35096740722656,190.14990234375,118.69569396972656,4.703783831356514,105.31427437918526,0.4758,0.4164,0.8522,0.8676,0.5585,1
25.90817722721605,79.0351294700613,26.0,79.0,2025-07-25,12,0.0332,0.0,11.399571418762207,65.04551696777344,27.940515518188477,9.716079909775869e-06,-9.29221670968192,0.1531,0.2817,0.5389,0.5869,0.0,0
23.193401,92.900218,23.25,93.0,2025-11-13,12,0.7561,0.0,0.0,53.275550842285156,18.3985652923584,1.1613332275164018e-05,-7.610792977469308,0.1226,0.224,0.4046,0.4666,0.0,0
33.239271,74.374255,33.25,74.25,2025-07-20,12,0.4897,0.0,64.1721420288086,80.60505676269531,54.9045295715332,7.990406328896754e-06,-11.515008108956474,0.2189,0.296,0.5721,0.6167,0.0,1
31.5,98.25,31.5,98.25,2025-11-22,12,0.0,0.0,0.0,0.0,0.0,0.0001,0.0,0.05,0.05,0.0,0.1042,0.0,0
17.228779,73.537792,17.25,73.5,2025-06-16,12,0.6737,74.38261413574219,64.59630584716797,72.4132080078125,53.93029022216797,6.5565793400383985,64.03787013462612,0.4482,0.2712,0.5145,0.5651,0.0,1
18.46299,73.63227,18.5,73.75,2025-08-21,12,0.528,60.64176940917969,38.64549255371094,38.82663345336914,32.14562225341797,9.263021388996433,55.09510748726981,0.4285,0.193,0.3326,0.4022,0.0,1
27.296928,93.088111,27.25,93.0,2025-12-14,12,0.4062,0.0,0.0,0.0,0.0,0.0001,0.0,0.05,0.05,0.0,0.1042,0.0,0
30.1252,78.5968,30.25,78.5,2025-08-17,12,0.9274,0.10609841346740723,19.806407928466797,62.383792877197266,35.705421447753906,0.01071415763602861,-8.805871997560773,0.1748,0.238,0.4373,0.4959,0.0,1
23.022804,92.755698,23.0,92.75,2025-05-31,12,0.7529,53.935569763183594,68.70054626464844,172.9530029296875,97.56214904785156,2.098046057557617,29.22799791608538,0.4149,0.4002,0.8145,0.8338,0.4461,1
23.168362,92.74061,23.25,92.75,2025-09-01,12,0.9973,25.983552932739258,38.46104049682617,100.78411865234375,58.40301513671875,1.6874987966997652,11.58582169669015,0.3068,0.3065,0.5966,0.6386,0.0,1
7.0,67.0,7.0,67.0,2025-06-04,12,0.0,0.0,0.0,0.0,0.0,0.0001,0.0,0.05,0.05,0.0,0.1042,0.0,0
26.948,88.12630556,27.0,88.25,2025-09-01,12,1.0,0.37447357177734375,26.604663848876953,67.78330993652344,33.16855239868164,0.035061499747296415,-9.308856419154576,0.168,0.2464,0.4567,0.5133,0.0,1
14.0,66.75,14.0,66.75,2025-03-06,12,0.0,0.0,0.0,0.0,0.0,0.0001,0.0,0.05,0.05,0.0,0.1042,0.0,0
13.75,88.75,13.75,88.75,2025-07-07,12,0.0,0.0,0.0,0.0,0.0,0.0001,0.0,0.05,0.05,0.0,0.1042,0.0,0
24.53529823369359,79.87920380815324,24.5,80.0,2025-07-26,12,0.1105,7.7084059715271,5.230093955993652,88.79133605957031,31.051334381103516,0.5633029459692843,-4.976070608411517,0.1621,0.3274,0.6452,0.6821,0.0,0
18.33617,73.67298,18.25,73.75,2025-01-03,12,0.4514,0.0,0.0,0.0,0.0,0.0001,0.0,0.05,0.05,0.0,0.1042,0.0,0
23.189242,92.734475,23.25,92.75,2025-12-27,12,0.8145,0.0,0.0,0.0,0.0,0.0001,0.0,0.05,0.05,0.0,0.1042,0.0,0
26.023765609948473,78.46056734189956,26.0,78.5,2025-08-08,12,0.1302,2.130887508392334,11.479206085205078,41.721534729003906,19.361045837402344,0.306166721588643,-3.829331738608224,0.1259,0.2151,0.3839,0.4481,0.0,0
30.25,88.5,30.25,88.5,2025-07-18,12,0.0,0.0,0.0,0.0,0.0,0.0001,0.0,0.05,0.05,0.0,0.1042,0.0,0
26.155422036782976,87.11737708277353,26.25,87.0,2025-07-06,12,0.0638,2.9809279441833496,8.724072456359863,12.695467948913574,7.467175006866455,1.0594922478312838,1.1672896657671248,0.0926,0.1099,0.1392,0.2289,0.0,0
22.5,90.75,22.5,90.75,2025-01-07,12,0.0,0.0,0.0,0.0,0.0,0.0001,0.0,0.05,0.05,0.0,0.1042,0.0,0
23.132082,92.746268,23.25,92.75,2025-11-26,12,0.8145,0.0,0.0,0.0,0.0,0.0001,0.0,0.05,0.05,0.0,0.1042,0.0,0
9.25,82.0,9.25,82.0,2025-12-01,12,0.0,0.0,0.0,0.0,0.0,0.0001,0.0,0.05,0.05,0.0,0.1042,0.0,0
31.0,80.0,31.0,80.0,2025-07-10,12,0.0083,34.01578903198242,65.29600524902344,136.05604553222656,77.9244384765625,1.6644611022065274,14.5792110988072,0.3493,0.3957,0.8039,0.8244,0.4145,0
33.733629,74.205005,33.75,74.25,2025-11-08,12,0.3768,0.0,9.093575477600098,9.093575477600098,6.570108413696289,4.3495617302338914e-05,-1.2990822110857283,0.0782,0.0905,0.0941,0.1885,0.0,0
32.83436944,75.14602222,32.75,75.25,2025-03-11,12,0.5618,0.0,0.0,33.964569091796875,12.764083862304688,1.7087937588977947e-05,-4.852081298828125,0.1024,0.1771,0.2955,0.3689,0.0,0
36.25,98.25,36.25,98.25,2025-09-05,12,0.0,0.0,0.0,0.0,0.0,0.0001,0.0,0.05,0.05,0.0,0.1042,0.0,0
23.413128029757466,84.7342080024687,23.5,84.75,2025-07-25,12,0.1182,8.149148941040039,8.847432136535645,97.26536560058594,44.1512336730957,0.5471111356939384,-5.745903287615095,0.1958,0.3415,0.6778,0.7114,0.038,0
23.214589,92.572672,23.25,92.5,2025-01-08,12,0.6729,0.0,0.0,0.0,0.0,0.0001,0.0,0.05,0.05,0.0,0.1042,0.0,0
6.75,76.5,6.75,76.5,2025-03-27,12,0.0,0.0,0.0,0.0,0.0,0.0001,0.0,0.05,0.05,0.0,0.1042,0.0,0
31.609099,76.294201,31.5,76.25,2025-08-25,12,0.6163,4.398324966430664,54.5201416015625,64.64639282226562,38.36339569091797,0.42973516952058366,-4.836874008178711,0.1817,0.2569,0.4812,0.5352,0.0,1
12.25,97.5,12.25,97.5,2025-03-13,12,0.0,0.0,0.0,0.0,0.0,0.0001,0.0,0.05,0.05,0.0,0.1042,0.0,0
33.184433,75.316882,33.25,75.25,2025-07-17,12,0.9087,3.8474133014678955,7.676821231842041,18.649381637573242,10.506240844726562,1.0500289438097907,1.183215924671718,0.1042,0.1183,0.1588,0.2464,0.0,1
24.44389694114833,82.07994362248152,24.5,82.0,2025-08-22,12,0.0827,3.3461453914642334,0.0,0.504183828830719,0.161629781126976,3.121421099821252,3.274119130202702,0.0975,0.0525,0.0059,0.1095,0.0,0
11.3426,76.7901,11.25,76.75,2025-12-09,12,0.6801,0.0,1.0662078857421875,4.236172676086426,2.150059700012207,6.22987933862735e-05,-0.6051675251552037,0.0596,0.0678,0.0413,0.1412,0.0,0
26.88861755936322,85.90592128650412,27.0,86.0,2025-08-05,12,0.0835,0.0,0.0,0.0,0.0,0.0001,0.0,0.05,0.05,0.0,0.1042,0.0,0
33.25,94.0,33.25,94.0,2025-10-26,12,0.0,0.0,0.0,0.0,0.0,0.0001,0.0,0.05,0.05,0.0,0.1042,0.0,0
31.564298,76.598543,31.5,76.5,2025-07-06,12,0.8175,7.598763465881348,27.830341339111328,199.61642456054688,91.76385498046875,0.2574434456229884,-20.917868614196777,0.275,0.4161,0.8513,0.8668,0.556,1
23.940292371304785,85.95965089600608,24.0,86.0,2025-07-24,12,0.0295,0.0,16.93158721923828,109.22132110595703,40.85704803466797,6.022991249271911e-06,-15.603045872279576,0.1879,0.3629,0.7277,0.7561,0.187,0
26.70248599256505,87.52834389170584,26.75,87.5,2025-08-09,12,0.1011,0.0,0.0,0.0,0.0,0.0001,0.0,0.05,0.05,0.0,0.1042,0.0,0
32.44218,75.53151,32.5,75.5,2025-12-05,12,0.5616,0.0,0.0,0.0,0.0,0.0001,0.0,0.05,0.05,0.0,0.1042,0.0,0
22.07781273129358,84.45964262499162,22.0,84.5,2025-08-07,12,0.0461,0.5207337737083435,16.32855224609375,29.668649673461914,17.62917137145996,0.09942652506773365,-3.71764475107193,0.1199,0.1776,0.2967,0.3699,0.0,0
33.5,77.25,33.5,77.25,2025-04-01,12,0.0013,0.0,0.0,0.0,0.0,0.0001,0.0,0.05,0.05,0.0,0.1042,0.0,0
31.25,72.0,31.25,72.0,2025-04-08,12,0.0,0.0,0.0,0.0,0.0,0.0001,0.0,0.05,0.05,0.0,0.1042,0.0,0
36.0,99.5,36.0,99.5,2025-07-23,12,0.0,0.0,0.0,0.0,0.0,0.0001,0.0,0.05,0.05,0.0,0.1042,0.0,0
22.747159510710095,83.80176369796534,22.75,83.75,2025-07-08,12,0.1137,27.82345199584961,57.05595016479492,160.56031799316406,87.49618530273438,1.1623567340024568,4.886263711111887,0.3176,0.4139,0.8462,0.8622,0.5407,0
19.338169,73.784959,19.25,73.75,2025-02-01,12,0.396,0.0,0.0,0.0,0.0,0.0001,0.0,0.05,0.05,0.0,0.1042,0.0,0
10.0,71.0,10.0,71.0,2025-10-20,12,0.0,0.0,0.0,0.0,0.0,0.0001,0.0,0.05,0.05,0.0,0.1042,0.0,0
25.48716667,91.81936111,25.5,91.75,2025-05-30,12,0.5694,7.953780174255371,44.805442810058594,52.67681884765625,32.16598892211914,0.9329780356074435,0.4285203388759067,0.1652,0.23,0.4185,0.4791,0.0,1
23.191775,92.734778,23.25,92.75,2025-03-24,12,0.8145,0.0,0.0,0.9832902550697327,0.5132836699485779,8.768314537423589e-05,-0.14047003643853323,0.0523,0.054,0.0094,0.1125,0.0,0
18.26931,73.60056,18.25,73.5,2025-11-21,12,0.4745,0.0,0.0,0.0,0.0,0.0001,0.0,0.05,0.05,0.0,0.1042,0.0,0
24.687905690257573,83.7579247112231,24.75,83.75,2025-08-14,12,0.0222,40.760353088378906,5.329344749450684,59.650184631347656,26.964326858520508,4.280905944924509,32.23889814104353,0.3767,0.269,0.5093,0.5604,0.0,0
22.108227806734916,78.91777606471176,22.0,79.0,2025-07-18,12,0.1343,2.696214437484741,85.49739074707031,96.03459167480469,70.69853973388672,0.18318315000425772,-11.023012944630214,0.2468,0.3388,0.6717,0.7059,0.0196,0
27.75,77.75,27.75,77.75,2025-12-17,12,0.0,0.0,0.0,0.0,0.0,0.0001,0.0,0.05,0.05,0.0,0.1042,0.0,0
30.647206,79.021507,30.75,79.0,2025-07-03,12,0.6319,2.7622017860412598,97.04199981689453,208.936767578125,114.85211181640625,0.08954525308105808,-27.085907867976598,0.2973,0.4279,0.8789,0.8915,0.6384,1
12.91866667,75.752125,13.0,75.75,2025-01-08,12,0.4262,0.0,0.0,0.0,0.0,0.0001,0.0,0.05,0.05,0.0,0.1042,0.0,0
24.790855919452206,81.470023354122,24.75,81.5,2025-07-20,12,0.1399,0.0,342.39825439453125,404.5592041015625,280.2474365234375,1.7008488524223542e-06,-57.79417201450893,0.3465,0.476,0.9908,0.9917,0.9724,0
26.91991667,88.14558333,27.0,88.25,2025-09-20,12,1.0,44.504356384277344,109.87234497070312,191.58595275878906,109.63762664794922,1.5687473880307157,17.13493456159319,0.3894,0.4033,0.8217,0.8403,0.4676,1
14.822174,74.171484,14.75,74.25,2025-07-28,12,0.5502,21.062007904052734,245.3607635498047,481.16455078125,279.7410888671875,0.30201856134866234,-47.675785064697266,0.3465,0.477,0.9931,0.9938,0.9795,1
18.0,92.25,18.0,92.25,2025-02-10,12,0.0,0.0,0.0,0.0,0.0,0.0001,0.0,0.05,0.05,0.0,0.1042,0.0,0
11.2659,76.6572,11.25,76.75,2025-10-18,12,0.7997,1.071923017501831,38.433467864990234,55.271934509277344,34.683441162109375,0.12050631125639495,-6.824067626680646,0.1721,0.2271,0.4118,0.4731,0.0,1
21.75,83.0,21.75,83.0,2025-01-10,12,0.0,0.0,0.0,0.0,0.0,0.0001,0.0,0.05,0.05,0.0,0.1042,0.0,0
26.303008749301455,78.13231279193619,26.25,78.25,2025-08-05,12,0.0225,1.84856116771698,5.81907844543457,65.49540710449219,30.329940795898438,0.17850273128843483,-7.50792556149619,0.16,0.2832,0.5423,0.59,0.0,0
26.078847023175534,82.66728093767951,26.0,82.75,2025-07-04,12,0.0416,0.0,33.434913635253906,42.60786819458008,26.734067916870117,1.4110664809347295e-05,-6.08683831351144,0.1494,0.2207,0.3971,0.4599,0.0,0
23.201843,92.579666,23.25,92.5,2025-06-01,12,0.7302,89.12710571289062,83.58097076416016,163.79278564453125,103.04899597167969,3.652908626297186,65.72813633510044,0.461,0.3938,0.7995,0.8203,0.4012,1
25.84210535558621,86.85015324547258,25.75,86.75,2025-08-17,12,0.1246,0.0,18.937015533447266,36.04138946533203,19.47837257385254,1.6263415486710056e-05,-5.148769923618862,0.1263,0.1972,0.3423,0.4108,0.0,0
27.009367,88.177908,27.0,88.25,2025-11-22,12,1.0,0.0,0.0,0.0,0.0,0.0001,0.0,0.05,0.05,0.0,0.1042,0.0,0
32.5,99.75,32.5,99.75,2025-07-02,12,0.0,0.0,0.0,0.0,0.0,0.0001,0.0,0.05,0.05,0.0,0.1042,0.0,0
25.68698889,91.64812222,25.75,91.75,2025-05-28,12,0.589,10.803129196166992,23.06815528869629,133.47171020507812,55.2513427734375,0.5383475737767102,-8.264257975987025,0.2196,0.3703,0.7448,0.7714,0.238,1
26.84530556,88.19261111,26.75,88.25,2025-11-24,12,0.815,0.0,0.0,0.0,0.0,0.0001,0.0,0.05,0.05,0.0,0.1042,0.0,0
35.75,87.0,35.75,87.0,2025-03-02,12,0.0,0.0,0.0,0.0,0.0,0.0001,0.0,0.05,0.05,0.0,0.1042,0.0,0
26.164658241964574,85.42721497186417,26.25,85.5,2025-07-08,12,0.0283,0.0,0.8717244863510132,0.992797315120697,0.6686341166496277,8.757885035765223e-05,-0.14182818787438528,0.053,0.0551,0.0118,0.1147,0.0,0
24.4012,92.237233,24.5,92.25,2025-07-01,12,0.5331,4.687758445739746,27.6168212890625,123.5665512084961,56.88340759277344,0.25132783868800634,-12.964606012616837,0.2228,0.3611,0.7234,0.7522,0.174,1
22.903567,92.758702,23.0,92.75,2025-06-01,12,0.8401,171.4090118408203,91.12442016601562,194.12319946289062,119.84480285644531,5.96581491389376,143.67712620326452,0.4789,0.4117,0.8412,0.8578,0.5259,1
14.0,89.0,14.0,89.0,2025-10-03,12,0.0,0.0,0.0,0.0,0.0,0.0001,0.0,0.05,0.05,0.0,0.1042,0.0,0
30.5,96.5,30.5,96.5,2025-07-02,12,0.0,0.0,0.0,0.0,0.0,0.0001,0.0,0.05,0.05,0.0,0.1042,0.0,0
23.307089,92.854209,23.25,92.75,2025-05-31,12,0.9657,58.45155715942383,51.10498046875,134.1341552734375,75.67455291748047,2.8990969572407543,39.28953497750419,0.4244,0.3532,0.7051,0.7358,0.1193,1
23.298137,92.857412,23.25,92.75,2025-05-29,12,1.0,3.0944595336914062,83.5330810546875,154.39361572265625,87.82318115234375,0.1342179282547604,-18.961771283830917,0.2704,0.3728,0.7508,0.7768,0.2559,1
23.352230927357134,82.00355594269959,23.25,82.0,2025-08-27,12,0.0667,4.398007869720459,102.24012756347656,114.2833251953125,78.88040924072266,0.25384161457038523,-11.928181443895614,0.2588,0.3684,0.7404,0.7674,0.2247,0
26.33225531624521,83.2088217844751,26.25,83.25,2025-08-16,12,0.0316,0.0,31.172122955322266,72.3743667602539,37.602970123291016,8.818967993966026e-06,-10.339195251464844,0.1798,0.2983,0.5775,0.6215,0.0,0
32.447265,75.518707,32.5,75.5,2025-08-17,12,0.7415,24.13433074951172,71.98213958740234,295.2789001464844,170.02113342285156,0.5588911934134774,-18.04836927141462,0.3275,0.456,0.9442,0.95,0.8335,1
30.258318,79.217921,30.25,79.25,2025-03-25,12,0.718,0.0,0.6952422857284546,2.0258917808532715,0.928888201713562,7.755466351645365e-05,-0.28941311155046734,0.0542,0.0585,0.0197,0.1219,0.0,0
25.15398187,93.02361022,25.25,93.0,2025-12-13,12,0.5055,0.0,0.0,0.0,0.0,0.0001,0.0,0.05,0.05,0.0,0.1042,0.0,0
23.160357,92.743677,23.25,92.75,2025-01-03,12,0.8145,0.0,0.0,0.0,0.0,0.0001,0.0,0.05,0.05,0.0,0.1042,0.0,0
33.20960833,74.27855556,33.25,74.25,2025-08-28,12,0.5159,70.77598571777344,28.720375061035156,30.162931442260742,19.68315315246582,13.331364905757157,66.46699551173619,0.4439,0.1663,0.2704,0.3464,0.0,1
31.230587,76.677044,31.25,76.75,2025-02-03,12,0.7752,0.0,0.0,0.0,0.0,0.0001,0.0,0.05,0.05,0.0,0.1042,0.0,0
24.25,82.5,24.25,82.5,2025-06-17,12,0.0,0.0,0.0,0.0,0.0,0.0001,0.0,0.05,0.05,0.0,0.1042,0.0,0
33.0,93.25,33.0,93.25,2025-09-13,12,0.0,0.0,0.0,0.0,0.0,0.0001,0.0,0.05,0.05,0.0,0.1042,0.0,0
26.177975818038654,78.18199592151052,26.25,78.25,2025-07-07,12,0.1431,11.271905899047852,25.569019317626953,145.8544921875,70.60052490234375,0.5162036140655047,-9.564450127737864,0.2466,0.4005,0.815,0.8343,0.4477,0
22.25,81.0,22.25,81.0,2025-12-01,12,0.0,0.0,0.0,0.0,0.0,0.0001,0.0,0.05,0.05,0.0,0.1042,0.0,0
26.179547911029772,86.14553787019997,26.25,86.25,2025-07-26,12,0.0384,0.9760982394218445,16.58326530456543,24.386734008789062,15.109951972961426,0.2177157927307567,-2.5077209046908786,0.111,0.1582,0.2516,0.3296,0.0,0
27.010752,88.183783,27.0,88.25,2025-08-07,12,1.0,5.049368381500244,48.5106201171875,198.82298278808594,92.4822998046875,0.1717314470507602,-23.353914873940603,0.2758,0.4082,0.8329,0.8503,0.5011,1
23.0,72.0,23.0,72.0,2025-07-18,12,0.0,0.0,0.9915453195571899,8.596589088439941,4.037684440612793,4.4881608153595204e-05,-1.2280841554914201,0.0677,0.0921,0.098,0.192,0.0,0
21.5,94.5,21.5,94.5,2025-09-15,12,0.0,0.0,0.0,0.0,0.0,0.0001,0.0,0.05,0.05,0.0,0.1042,0.0,0
23.10112,92.852784,23.0,92.75,2025-05-31,12,0.7695,53.935569763183594,68.70054626464844,172.9530029296875,97.56214904785156,2.098046057557617,29.22799791608538,0.4149,0.3996,0.8129,0.8324,0.4413,1
38.25,94.25,38.25,94.25,2025-10-20,12,0.0,0.0,0.0,0.0,0.0,0.0001,0.0,0.05,0.05,0.0,0.1042,0.0,0
34.25,72.25,34.25,72.25,2025-03-19,12,0.0,0.0,0.0,0.0,0.0,0.0001,0.0,0.05,0.05,0.0,0.1042,0.0,0
6.5,88.0,6.5,88.0,2025-09-27,12,0.0,0.0,0.0,0.0,0.0,0.0001,0.0,0.05,0.05,0.0,0.1042,0.0,0
31.725,76.7725,31.75,76.75,2025-01-01,12,0.7398,0.0,0.0,0.0,0.0,0.0001,0.0,0.05,0.05,0.0,0.1042,0.0,0
23.286735,92.85703,23.25,92.75,2025-03-15,12,0.8145,0.0,0.0,0.0,0.0,0.0001,0.0,0.05,0.05,0.0,0.1042,0.0,0
23.180354,92.486971,23.25,92.5,2025-06-01,12,0.7268,89.12710571289062,83.58097076416016,163.79278564453125,103.04899597167969,3.652908626297186,65.72813633510044,0.461,0.3939,0.7998,0.8206,0.4021,1
27.313874,93.045623,27.25,93.0,2025-11-20,12,0.4062,0.0,0.0,0.0,0.0,0.0001,0.0,0.05,0.05,0.0,0.1042,0.0,0
33.37896389,76.27893056,33.5,76.25,2025-01-16,12,0.4153,0.0,0.0,0.0,0.0,0.0001,0.0,0.05,0.05,0.0,0.1042,0.0,0
25.15398187,93.02361022,25.25,93.0,2025-08-20,12,0.6295,4.830385684967041,12.70672607421875,47.492977142333984,23.371597290039062,0.6205093127220729,-1.9543253353663852,0.139,0.214,0.3814,0.4458,0.0,1
23.200475,92.735007,23.25,92.75,2025-03-12,12,0.8145,0.0,0.0,0.0,0.0,0.0001,0.0,0.05,0.05,0.0,0.1042,0.0,0
33.699214,74.233149,33.75,74.25,2025-03-02,12,0.3768,0.4877621531486511,78.89994812011719,78.89994812011719,59.594120025634766,0.03975596198574164,-10.78365900686809,0.2279,0.2976,0.5758,0.62,0.0,0
23.149163,92.750431,23.25,92.75,2025-12-15,12,0.8145,0.0,0.0,0.0,0.0,0.0001,0.0,0.05,0.05,0.0,0.1042,0.0,0
25.396583326567768,82.70500719089682,25.5,82.75,2025-08-17,12,0.0689,0.0,20.03897476196289,43.31966018676758,21.029939651489258,1.3911063735364355e-05,-6.18852288382394,0.1314,0.222,0.4,0.4625,0.0,0
13.494686,75.150079,13.5,75.25,2025-12-22,12,0.4707,0.0,0.0,0.0,0.0,0.0001,0.0,0.05,0.05,0.0,0.1042,0.0,0
12.762635,75.289625,12.75,75.25,2025-05-31,12,0.5615,122.31317138671875,313.42138671875,607.1717529296875,360.6886291503906,1.394061018962315,35.57434953962054,0.4741,0.4792,0.9981,0.9983,0.9943,1
31.7691009,76.490383,31.75,76.5,2025-02-13,12,0.6385,0.0,0.0,3.929659843444824,1.2597589492797852,6.404590902431719e-05,-0.5613799776349749,0.0556,0.0667,0.0389,0.139,0.0,0
36.25,86.0,36.25,86.0,2025-04-18,12,0.0,0.0,0.0,0.0,0.0,0.0001,0.0,0.05,0.05,0.0,0.1042,0.0,0
23.869605235064068,87.44448582694304,23.75,87.5,2025-07-20,12,0.1073,0.9760826230049133,11.94938850402832,77.32195281982422,41.83100891113281,0.08103795195108289,-10.069910636969976,0.1903,0.3057,0.5946,0.6369,0.0,0
26.91195277258783,79.98030946631094,27.0,80.0,2025-07-21,12,0.0273,0.0,22.226457595825195,113.72920227050781,46.24085998535156,5.798100102008201e-06,-16.24702889578683,0.2006,0.3691,0.7422,0.769,0.2301,0
25.662207295652244,82.32213187585023,25.75,82.25,2025-07-01,12,0.0992,0.0,10.242420196533203,17.352375030517578,10.985346794128418,2.8744629594558374e-05,-2.4789107186453685,0.0957,0.129,0.1838,0.2688,0.0,0
30.0685229,78.4612096,30.0,78.5,2025-01-11,12,0.659,0.0,0.0,0.0,0.0,0.0001,0.0,0.05,0.05,0.0,0.1042,0.0,0
27.5,98.0,27.5,98.0,2025-09-15,12,0.0,0.0,0.0,0.0,0.0,0.0001,0.0,0.05,0.05,0.0,0.1042,0.0,0
11.72976111,75.81385278,11.75,75.75,2025-12-05,12,0.5092,0.0,0.13416551053524017,0.13416551053524017,0.11404068768024445,9.811939447806314e-05,-0.019166501505034312,0.0505,0.0506,0.0014,0.1054,0.0,0
31.75,85.5,31.75,85.5,2025-05-02,12,0.0,0.0,0.0,0.0,0.0,0.0001,0.0,0.05,0.05,0.0,0.1042,0.0,0
24.686895952219274,86.40785071939115,24.75,86.5,2025-07-13,12,0.0677,0.0,27.79467010498047,49.256011962890625,29.437175750732422,1.2443114532572202e-05,-7.036573137555804,0.1574,0.2395,0.4407,0.499,0.0,0
31.102046,77.172914,31.0,77.25,2025-01-21,12,0.9142,0.0,0.41463857889175415,5.6503496170043945,2.9877138137817383,5.533443906238539e-05,-0.8071928024291992,0.0632,0.0719,0.051,0.1498,0.0,0
23.323423,92.860926,23.25,92.75,2025-02-13,12,0.8145,0.0,0.0,0.0,0.0,0.0001,0.0,0.05,0.05,0.0,0.1042,0.0,0
28.0,93.5,28.0,93.5,2025-01-02,12,0.025,0.0,0.0,0.0,0.0,0.0001,0.0,0.05,0.05,0.0,0.1042,0.0,0
25.0,81.0,25.0,81.0,2025-11-27,12,0.0,0.0,0.0,0.0,0.0,0.0001,0.0,0.05,0.05,0.0,0.1042,0.0,0
12.919457,74.907919,13.0,75.0,2025-08-14,12,0.5305,13.77303409576416,12.507425308227539,56.66841506958008,24.76272964477539,1.51428205908668,5.677546228681292,0.2145,0.2416,0.4456,0.5033,0.0,1
27.00163889,88.11969444,27.0,88.0,2025-09-17,12,0.9707,44.088924407958984,50.52373504638672,74.61294555664062,48.538551330566406,3.7815467723992846,33.42993218558175,0.3881,0.2617,0.4924,0.5453,0.0,1
37.75,80.5,37.75,80.5,2025-01-07,12,0.0,0.0,0.0,0.0,0.0,0.0001,0.0,0.05,0.05,0.0,0.1042,0.0,0
23.201281,92.735108,23.25,92.75,2025-03-26,12,0.8145,0.0,0.0,0.9832902550697327,0.3708474636077881,8.768314537423589e-05,-0.14047003643853323,0.0517,0.054,0.0094,0.1125,0.0,0
33.5,81.5,33.5,81.5,2025-08-12,12,0.0,0.0,0.0,0.0,0.0,0.0001,0.0,0.05,0.05,0.0,0.1042,0.0,0
23.164812,92.743396,23.25,92.75,2025-12-26,12,0.8145,0.0,0.0,0.0,0.0,0.0001,0.0,0.05,0.05,0.0,0.1042,0.0,0
12.25,73.25,12.25,73.25,2025-11-17,12,0.0,0.0,0.0,0.0,0.0,0.0001,0.0,0.05,0.05,0.0,0.1042,0.0,0
6.5,80.75,6.5,80.75,2025-03-12,12,0.0,0.0,0.0,0.0,0.0,0.0001,0.0,0.05,0.05,0.0,0.1042,0.0,0
7.75,87.25,7.75,87.25,2025-11-21,12,0.0,0.0,0.0,0.0,0.0,0.0001,0.0,0.05,0.05,0.0,0.1042,0.0,0
23.187383,92.89826,23.25,93.0,2025-12-22,12,0.7561,0.0,0.0,0.0,0.0,0.0001,0.0,0.05,0.05,0.0,0.1042,0.0,0
33.184717,75.31306,33.25,75.25,2025-03-23,12,0.6662,0.0,1.5213332176208496,50.37158203125,17.96745491027832,1.2201162582874458e-05,-7.195940290178571,0.1211,0.2202,0.3958,0.4587,0.0,0
23.547312882230912,82.4797165638219,23.5,82.5,2025-07-13,12,0.1479,15.104595184326172,49.08815383911133,173.15829467773438,89.2398452758789,0.586888694075492,-9.632304055350168,0.2721,0.4219,0.8648,0.8789,0.5963,0
33.160347,74.272017,33.25,74.25,2025-08-27,12,0.5812,5.628284454345703,23.743188858032227,57.62979507446289,28.13791275024414,0.6096056955623473,-2.60454341343471,0.1536,0.2419,0.4463,0.5039,0.0,1
24.5,95.0,24.5,95.0,2025-04-08,12,0.0117,0.0,0.0,0.0,0.0,0.0001,0.0,0.05,0.05,0.0,0.1042,0.0,0
26.86833333,88.19519444,26.75,88.25,2025-07-23,12,1.0,3.3537609577178955,120.32002258300781,227.44825744628906,126.5796890258789,0.10013734782995237,-29.138847248894827,0.3059,0.4245,0.8709,0.8843,0.6144,1
25.69523333,91.64426944,25.75,91.75,2025-02-17,12,0.4898,0.0,0.0,0.0,0.0,0.0001,0.0,0.05,0.05,0.0,0.1042,0.0,0
23.206253,92.533605,23.25,92.5,2025-03-06,12,0.6729,0.0,0.0,0.0,0.0,0.0001,0.0,0.05,0.05,0.0,0.1042,0.0,0
25.27586857262169,80.6023659798523,25.25,80.5,2025-08-21,12,0.0409,0.0,2.7708706855773926,18.842439651489258,7.56089973449707,2.70872258749634e-05,-2.691777093069894,0.0823,0.1362,0.2005,0.2838,0.0,0
26.91986111,88.14816667,27.0,88.25,2025-08-03,12,1.0,29.71817970275879,120.59418487548828,288.586669921875,152.71206665039062,0.7037799031136767,-11.508487428937642,0.328,0.448,0.9255,0.9333,0.7776,1
11.0,86.75,11.0,86.75,2025-12-23,12,0.0,0.0,0.0,0.0,0.0,0.0001,0.0,0.05,0.05,0.0,0.1042,0.0,0
25.46179461230529,80.64061984693718,25.5,80.75,2025-08-03,12,0.1027,13.97636890411377,11.339868545532227,67.62586975097656,26.897689819335938,1.3110102790797435,4.315530368259974,0.2164,0.285,0.5465,0.5937,0.0,0
24.452297625787438,78.74119174385957,24.5,78.75,2025-08-23,12,0.021,1.4673137664794922,10.451093673706055,39.8146858215332,22.492076873779297,0.21941611238223271,-4.2204984937395364,0.1362,0.2127,0.3783,0.443,0.0,0
7.5,81.25,7.5,81.25,2025-08-14,12,0.0,0.0,0.0,0.0,0.0,0.0001,0.0,0.05,0.05,0.0,0.1042,0.0,0
24.647178702706384,81.9548907618357,24.75,82.0,2025-08-13,12,0.0994,0.0,25.554765701293945,111.99594116210938,58.1893310546875,5.882553582616595e-06,-15.999420166015625,0.2253,0.364,0.7303,0.7584,0.1947,0
12.77705,75.262014,12.75,75.25,2025-01-09,12,0.4204,0.0,0.0,0.0,0.0,0.0001,0.0,0.05,0.05,0.0,0.1042,0.0,0
14.0,72.0,14.0,72.0,2025-08-06,12,0.0,0.0,0.0,0.0,0.0,0.0001,0.0,0.05,0.05,0.0,0.1042,0.0,0
26.874957,88.191543,26.75,88.25,2025-03-18,12,0.815,0.0,0.0,3.0223162174224854,1.5776680707931519,6.984413431130237e-05,-0.43175945963178364,0.057,0.0622,0.0285,0.1297,0.0,0
24.846886805911414,84.20660479824583,24.75,84.25,2025-07-07,12,0.0714,0.0,2.2324514389038086,40.14467239379883,16.384384155273438,1.4847913124794023e-05,-5.734953199114118,0.1156,0.2121,0.377,0.4419,0.0,0
27.372611,88.541022,27.25,88.5,2025-12-13,12,0.9541,0.0,0.0,0.0,0.0,0.0001,0.0,0.05,0.05,0.0,0.1042,0.0,0
23.201335,92.734857,23.25,92.75,2025-06-02,12,1.0,73.33731079101562,183.54595947265625,270.1734924316406,176.18540954589844,1.8521319301979065,34.741097586495535,0.447,0.4422,0.9121,0.9213,0.7375,1
18.36807,73.77814,18.25,73.75,2025-12-09,12,0.4514,0.0,0.0,0.0,0.0,0.0001,0.0,0.05,0.05,0.0,0.1042,0.0,0
23.225619,92.924909,23.25,93.0,2025-06-01,12,0.8538,132.071044921875,89.81504821777344,186.56716918945312,115.71089172363281,4.77610959712014,105.41859218052456,0.4758,0.4061,0.8281,0.846,0.4867,1
25.78379045123464,84.80558161779102,25.75,84.75,2025-08-25,12,0.0277,4.746776103973389,22.77060317993164,58.755287170410156,30.56826400756836,0.5053302047286375,-3.6468363489423474,0.1607,0.2665,0.5035,0.5552,0.0,0
23.214589,92.572672,23.25,92.5,2025-01-26,12,0.6729,0.0,0.0,0.0,0.0,0.0001,0.0,0.05,0.05,0.0,0.1042,0.0,0
27.10338612,88.63583616,27.0,88.75,2025-07-22,12,0.9781,0.0,221.64779663085938,334.9587707519531,216.60183715820312,2.0470304021175686e-06,-47.85125296456473,0.3393,0.4594,0.952,0.957,0.8567,1
24.561423786217425,79.1428576999798,24.5,79.25,2025-08-17,12,0.1083,0.14789071679115295,29.500978469848633,59.83660125732422,31.331430435180664,0.015499516702677168,-8.400195177112307,0.1629,0.2662,0.5027,0.5545,0.0,0
23.201614,92.734453,23.25,92.75,2025-02-04,12,0.8145,0.0,0.0,0.0,0.0,0.0001,0.0,0.05,0.05,0.0,0.1042,0.0,0
24.911004503786437,79.98108714671574,25.0,80.0,2025-08-20,12,0.0341,0.0,0.7762734889984131,9.64190673828125,3.6019680500030518,4.2062487851214515e-05,-1.3774152483258928,0.0658,0.0966,0.1084,0.2013,0.0,0
12.814024,75.217564,12.75,75.25,2025-08-01,12,0.6484,13.098708152770996,56.227718353271484,334.8219909667969,157.45086669921875,0.2682438798336515,-34.7330048424857,0.3226,0.4652,0.9655,0.9691,0.897,1
30.1185406,78.3736998,30.0,78.25,2025-01-27,12,0.5394,0.0,0.0,0.0,0.0,0.0001,0.0,0.05,0.05,0.0,0.1042,0.0,0
27.0856614,88.6601228,27.0,88.75,2025-09-23,12,1.0,0.0,108.86543273925781,244.20973205566406,121.15703582763672,2.7865162478852177e-06,-34.88710457938058,0.3021,0.4323,0.889,0.9005,0.6684,1
33.279,75.004,33.25,75.0,2025-03-21,12,0.5742,0.7206516861915588,0.0,49.839481353759766,23.040876388549805,0.08876333286611142,-6.399274221488407,0.138,0.2224,0.4008,0.4632,0.0,0
26.389871602225348,86.6805669010745,26.5,86.75,2025-08-03,12,0.1227,3.532263994216919,4.877682685852051,10.680296897888184,6.742706298828125,1.3985369195056836,2.006507294518607,0.1,0.1002,0.1168,0.2088,0.0,0
12.830346,74.902801,12.75,75.0,2025-08-23,12,0.5235,4.674850940704346,45.10070037841797,186.31597900390625,90.11711120605469,0.16928066036522085,-21.94171748842512,0.2731,0.4184,0.8568,0.8717,0.5722,1
24.288014,92.946017,24.25,93.0,2025-06-14,12,0.7627,0.0,1.21287202835083,6.033468723297119,2.4792892932891846,5.37078819814683e-05,-0.8619241033281598,0.061,0.0745,0.0569,0.1552,0.0,1
26.423137,94.382261,26.5,94.5,2025-11-19,12,0.476,0.0,0.0,0.0,0.0,0.0001,0.0,0.05,0.05,0.0,0.1042,0.0,0
26.64315281057697,78.61808460689222,26.75,78.5,2025-07-15,12,0.0412,22.09549331665039,8.038374900817871,13.178130149841309,7.627383232116699,7.6651876099515155,20.21290329524449,0.2816,0.1123,0.1449,0.234,0.0,0
23.577767372215554,85.88945123934927,23.5,86.0,2025-08-10,12,0.1355,0.16269613802433014,38.150081634521484,53.65208053588867,31.780275344848633,0.018788687149750946,-7.501886795674052,0.1641,0.2491,0.4631,0.5191,0.0,0
23.206239,92.491221,23.25,92.5,2025-12-10,12,0.6729,0.0,0.0,0.0,0.0,0.0001,0.0,0.05,0.05,0.0,0.1042,0.0,0
30.25,72.75,30.25,72.75,2025-06-27,12,0.0,0.0,0.0,0.0,0.0,0.0001,0.0,0.05,0.05,0.0,0.1042,0.0,0
24.501452593390898,82.1515567605731,24.5,82.25,2025-07-16,12,0.0444,4.430074214935303,84.28422546386719,193.6564483642578,113.31050109863281,0.15454883088656837,-23.235132694244385,0.296,0.4368,0.8995,0.91,0.7,0
23.19917,93.000199,23.25,93.0,2025-06-01,12,0.9773,132.071044921875,89.81504821777344,186.56716918945312,115.71089172363281,4.77610959712014,105.41859218052456,0.4758,0.4008,0.8158,0.835,0.45,1
23.305323,92.852358,23.25,92.75,2025-05-31,12,0.9812,58.45155715942383,51.10498046875,134.1341552734375,75.67455291748047,2.8990969572407543,39.28953497750419,0.4244,0.3524,0.7032,0.7341,0.1138,1
22.104531772001344,87.51529045376256,22.0,87.5,2025-07-25,12,0.124,0.0,1.5832637548446655,5.379801273345947,2.878687620162964,5.6543718638450143e-05,-0.768543039049421,0.0627,0.0761,0.0606,0.1585,0.0,0
30.75,98.5,30.75,98.5,2025-02-16,12,0.0,0.0,0.0,0.0,0.0,0.0001,0.0,0.05,0.05,0.0,0.1042,0.0,0
23.7401348159436,86.9215291686996,23.75,87.0,2025-07-06,12,0.0886,10.163747787475586,37.458839416503906,77.08989715576172,45.38385009765625,0.8460818352594954,-0.8490946633475165,0.1986,0.306,0.5953,0.6374,0.0,0
12.850862,75.196607,12.75,75.25,2025-05-30,12,0.5323,105.88834381103516,344.00714111328125,518.1517333984375,323.85882568359375,1.4114379893227473,31.866667611258364,0.4694,0.478,0.9954,0.9959,0.9864,1
23.111824,92.745097,23.0,92.75,2025-12-25,12,0.6896,0.0,0.0,0.0,0.0,0.0001,0.0,0.05,0.05,0.0,0.1042,0.0,0
38.0,73.5,38.0,73.5,2025-06-15,12,0.0,0.0,0.0,0.0,0.0,0.0001,0.0,0.05,0.05,0.0,0.1042,0.0,0
27.08242577,88.44852891,27.0,88.5,2025-09-05,12,1.0,8.0034761428833,4.931148052215576,114.30726623535156,49.07953643798828,0.46184399944754667,-8.326133319309779,0.2068,0.3263,0.6426,0.6798,0.0,1
23.200655,92.5813,23.25,92.5,2025-06-01,12,0.761,89.12710571289062,83.58097076416016,163.79278564453125,103.04899597167969,3.652908626297186,65.72813633510044,0.461,0.3925,0.7964,0.8176,0.392,1
30.99119,78.45545,31.0,78.5,2025-06-23,12,0.7071,0.3553388714790344,17.486270904541016,35.18613815307617,21.749088287353516,0.058978427731996914,-4.671252293246133,0.1338,0.1763,0.2936,0.3672,0.0,1
13.0,68.0,13.0,68.0,2025-01-22,12,0.0,0.0,0.0,0.0,0.0,0.0001,0.0,0.05,0.05,0.0,0.1042,0.0,0
13.04149583,75.56029417,13.0,75.5,2025-11-20,12,0.4487,0.0,0.0,3.315798282623291,1.471237301826477,6.785708491209379e-05,-0.4736854689461844,0.0566,0.0649,0.0347,0.1353,0.0,0
33.089695,75.329709,33.0,75.25,2025-08-29,12,0.8466,6.29997444152832,280.86212158203125,310.0631103515625,242.2939453125,0.13909067201731282,-37.994755608694895,0.3431,0.4571,0.9468,0.9523,0.8411,1
15.25,75.25,15.25,75.25,2025-06-09,12,0.0064,0.5403147339820862,0.5254360437393188,3.243349075317383,1.421172022819519,0.3693033508923343,0.07697915179388864,0.0581,0.0664,0.0381,0.1383,0.0,0
22.444376,92.947323,22.5,93.0,2025-05-30,12,0.5826,32.40382766723633,110.23457336425781,168.51327514648438,94.32902526855469,1.292366594386338,8.330502646309988,0.3417,0.4036,0.8223,0.8408,0.4694,1
14.241374,74.578467,14.25,74.5,2025-12-03,12,0.4581,0.0,0.0,0.0,0.0,0.0001,0.0,0.05,0.05,0.0,0.1042,0.0,0
23.3466,92.854847,23.25,92.75,2025-03-17,12,0.8145,0.0,0.0,0.0,0.0,0.0001,0.0,0.05,0.05,0.0,0.1042,0.0,0
12.861881,75.193047,12.75,75.25,2025-05-31,12,0.5776,122.31317138671875,313.42138671875,607.1717529296875,360.6886291503906,1.394061018962315,35.57434953962054,0.4741,0.4792,0.998,0.9982,0.9941,1
23.238785,92.744224,23.25,92.75,2025-11-15,12,0.8145,0.0,0.0,3.7487552165985107,1.2017650604248047,6.512382000466822e-05,-0.5355364595140729,0.0554,0.0651,0.0352,0.1357,0.0,0
18.33571,73.67774,18.25,73.75,2025-08-19,12,0.5519,3.394188404083252,13.881720542907715,15.952040672302246,12.12959098815918,1.0352028897045116,1.1153254508972168,0.1001,0.1154,0.1521,0.2404,0.0,1
11.48652778,76.68563889,11.5,76.75,2025-05-26,12,0.8497,25.124223709106445,9.785455703735352,31.101669311523438,17.05243682861328,4.615815242261711,20.681128093174525,0.3015,0.1595,0.2547,0.3323,0.0,1
26.362870096488223,83.07636722656348,26.25,83.0,2025-08-06,12,0.0679,4.176387310028076,60.501747131347656,113.36817932128906,67.56497192382812,0.2428832215876657,-12.019066878727504,0.2418,0.3671,0.7375,0.7648,0.216,0
37.25,86.5,37.25,86.5,2025-01-05,12,0.0,0.0,0.0,0.0,0.0,0.0001,0.0,0.05,0.05,0.0,0.1042,0.0,0
26.90563889,88.16141667,27.0,88.25,2025-03-13,12,1.0,0.0,0.4304322302341461,0.4304322302341461,0.2643392086029053,9.420717103800861e-05,-0.06149031860487802,0.0512,0.0517,0.0039,0.1076,0.0,0
10.0,93.25,10.0,93.25,2025-03-11,12,0.0,0.0,0.0,0.0,0.0,0.0001,0.0,0.05,0.05,0.0,0.1042,0.0,0
11.0,86.5,11.0,86.5,2025-11-04,12,0.0,0.0,0.0,0.0,0.0,0.0001,0.0,0.05,0.05,0.0,0.1042,0.0,0
17.75,77.75,17.75,77.75,2025-04-16,12,0.0,0.0,0.0,2.635239362716675,1.375611424446106,7.26499855009968e-05,-0.3764627661023821,0.0561,0.0634,0.0311,0.1321,0.0,0
34.5,96.25,34.5,96.25,2025-05-03,12,0.0,0.0,0.0,0.0,0.0,0.0001,0.0,0.05,0.05,0.0,0.1042,0.0,0
22.117662472070492,82.29622863896844,22.0,82.25,2025-08-01,12,0.0368,8.18359088897705,8.125649452209473,246.50633239746094,91.69700622558594,0.22597398526922605,-27.031599453517366,0.2749,0.4571,0.9466,0.9522,0.8407,0
23.119722,92.742868,23.0,92.75,2025-11-04,12,0.6896,0.2641959488391876,3.207165241241455,5.105442047119141,3.4420247077941895,0.1528297467100422,-0.46515291503497536,0.0651,0.0713,0.0494,0.1485,0.0,0
7.75,68.5,7.75,68.5,2025-04-10,12,0.0,0.0,0.0,0.0,0.0,0.0001,0.0,0.05,0.05,0.0,0.1042,0.0,0
25.43480556,91.85952778,25.5,91.75,2025-03-27,12,0.5154,0.0,2.133136034011841,2.133136034011841,1.5411908626556396,7.664399143877818e-05,-0.30473371914454866,0.0569,0.0595,0.0221,0.1239,0.0,0
23.223594,92.914767,23.25,93.0,2025-12-16,12,0.7561,0.0,0.0,0.0,0.0,0.0001,0.0,0.05,0.05,0.0,0.1042,0.0,0
30.649708,79.024394,30.75,79.0,2025-07-03,12,0.6402,2.7622017860412598,97.04199981689453,208.936767578125,114.85211181640625,0.08954525308105808,-27.085907867976598,0.2973,0.4277,0.8783,0.891,0.6365,1
22.863948259412314,81.57640549588912,22.75,81.5,2025-07-26,12,0.0999,9.709782600402832,22.887081146240234,38.11450958251953,23.36099624633789,1.5065924207487287,4.264852660042899,0.1739,0.2047,0.3598,0.4265,0.0,0
22.43309880427347,84.69154155534851,22.5,84.75,2025-08-17,12,0.0812,0.0,2.789278984069824,30.066625595092773,13.105910301208496,1.888491301168436e-05,-4.295232227870396,0.1037,0.178,0.2978,0.3709,0.0,0
28.0,98.25,28.0,98.25,2025-03-04,12,0.0,0.0,0.0,0.0,0.0,0.0001,0.0,0.05,0.05,0.0,0.1042,0.0,0
34.0,69.5,34.0,69.5,2025-07-05,12,0.0,0.0,0.0,0.0,0.0,0.0001,0.0,0.05,0.05,0.0,0.1042,0.0,0
22.902089,92.879909,23.0,93.0,2025-05-31,12,0.7146,55.573516845703125,73.36700439453125,177.0118865966797,100.72413635253906,2.11407711270616,30.286104474748885,0.4185,0.4049,0.8253,0.8435,0.4783,1
26.158193,91.755807,26.25,91.75,2025-06-06,12,0.5276,14.137409210205078,13.588434219360352,175.1868438720703,76.74150085449219,0.5431927046330854,-10.889282771519252,0.2558,0.4107,0.8388,0.8556,0.5186,1
24.206439013999717,78.6562799533574,24.25,78.75,2025-08-26,12,0.1194,0.6481074690818787,16.21390151977539,60.486576080322266,33.75127410888672,0.06723488650798778,-7.9928319709641595,0.1696,0.2674,0.5055,0.557,0.0,0
23.341022,92.776761,23.25,92.75,2025-03-25,12,0.8145,0.0,0.0,0.9832902550697327,0.4362911283969879,8.768314537423589e-05,-0.14047003643853323,0.052,0.054,0.0094,0.1125,0.0,0
15.75,83.75,15.75,83.75,2025-08-12,12,0.0,0.0,0.0,0.0,0.0,0.0001,0.0,0.05,0.05,0.0,0.1042,0.0,0
23.30265,92.742945,23.25,92.75,2025-02-13,12,0.8145,0.0,0.0,0.0,0.0,0.0001,0.0,0.05,0.05,0.0,0.1042,0.0,0
13.5,96.0,13.5,96.0,2025-05-17,12,0.0,0.0,0.0,0.0,0.0,0.0001,0.0,0.05,0.05,0.0,0.1042,0.0,0
33.37646,74.394878,33.5,74.5,2025-01-04,12,0.4169,0.0,0.0,0.0,0.0,0.0001,0.0,0.05,0.05,0.0,0.1042,0.0,0
23.035360876951216,81.77035496793178,23.0,81.75,2025-08-08,12,0.1355,0.0,5.508163928985596,17.721166610717773,9.336566925048828,2.8315815795542494e-05,-2.531595230102539,0.0893,0.1299,0.1857,0.2705,0.0,0
18.431983,73.111489,18.5,73.0,2025-01-01,12,0.4842,0.0,0.0,0.0,0.0,0.0001,0.0,0.05,0.05,0.0,0.1042,0.0,1
24.5,91.75,24.5,91.75,2025-01-19,12,0.0152,0.0,0.0,0.0,0.0,0.0001,0.0,0.05,0.05,0.0,0.1042,0.0,0
23.459555867489037,85.48608708581833,23.5,85.5,2025-07-20,12,0.0481,6.330496788024902,50.85849380493164,117.63146209716797,65.77163696289062,0.35556172390583934,-10.473997797284806,0.2388,0.3734,0.7521,0.7779,0.2597,0
23.4672,92.7193,23.5,92.75,2025-07-01,12,1.0,48.96932601928711,6.45265531539917,64.45736694335938,31.824398040771484,4.797069872539788,39.761130741664346,0.4025,0.2393,0.4402,0.4985,0.0,1
23.119722,92.742868,23.0,92.75,2025-07-01,12,0.7757,3.722092390060425,2.7123804092407227,40.981258392333984,21.03211784362793,0.543031750384143,-2.132373094558716,0.1314,0.1907,0.3273,0.3973,0.0,1
22.78141854774888,80.20088676871387,22.75,80.25,2025-08-13,12,0.1123,17.737516403198242,22.29401206970215,22.29401206970215,14.85206127166748,4.238522006714328,14.552657536097936,0.2489,0.1485,0.229,0.3093,0.0,0
30.06938889,79.50522222,30.0,79.5,2025-08-23,12,0.8642,2.6254043579101562,23.894840240478516,101.09667205810547,52.052425384521484,0.17001939241470856,-11.816977364676339,0.2131,0.3139,0.6137,0.6539,0.0,1
23.758901,92.730863,23.75,92.75,2025-02-27,12,0.8587,0.0,0.0,0.0,0.0,0.0001,0.0,0.05,0.05,0.0,0.1042,0.0,0
24.220517784533094,83.31871766505017,24.25,83.25,2025-08-16,12,0.1494,0.0,8.640406608581543,39.89152908325195,17.25093650817871,1.4928069390895936e-05,-5.698789869035993,0.1186,0.2088,0.3692,0.4349,0.0,0
25.671918206774752,84.86249935857508,25.75,84.75,2025-07-25,12,0.043,0.0,1.5465142726898193,52.169715881347656,18.556699752807617,1.1830376224954365e-05,-7.452816554478237,0.1231,0.2485,0.4617,0.5178,0.0,0
32.06138889,78.21944444,32.0,78.25,2025-08-28,12,0.5848,1.2850494384765625,6.033258438110352,6.155041694641113,4.455962181091309,0.6838477808094368,0.40575776781354633,0.0695,0.0763,0.0611,0.1589,0.0,1
33.75,68.25,33.75,68.25,2025-05-19,12,0.0,0.0,0.0,0.0,0.0,0.0001,0.0,0.05,0.05,0.0,0.1042,0.0,0
24.664451641957996,85.59106398299093,24.75,85.5,2025-08-12,12,0.1064,49.63294219970703,13.843730926513672,35.682369232177734,16.936588287353516,8.139925258320122,44.535460880824495,0.4043,0.1966,0.3408,0.4095,0.0,0
31.0,89.75,31.0,89.75,2025-06-15,12,0.0,0.0,0.0,0.0,0.0,0.0001,0.0,0.05,0.05,0.0,0.1042,0.0,0
31.5,73.5,31.5,73.5,2025-02-11,12,0.0,0.0,0.0,0.0,0.0,0.0001,0.0,0.05,0.05,0.0,0.1042,0.0,0
23.4731,92.7119,23.5,92.75,2025-07-01,12,1.0,48.96932601928711,6.45265531539917,64.45736694335938,31.824398040771484,4.797069872539788,39.761130741664346,0.4025,0.2393,0.4402,0.4985,0.0,1
18.41885,73.85771,18.5,73.75,2025-03-05,12,0.4299,0.0,0.0,0.0,0.0,0.0001,0.0,0.05,0.05,0.0,0.1042,0.0,0
36.75,87.25,36.75,87.25,2025-04-19,12,0.0,0.0,0.0,0.0,0.0,0.0001,0.0,0.05,0.05,0.0,0.1042,0.0,0
23.10565,92.745979,23.0,92.75,2025-05-30,12,0.9284,30.283790588378906,105.716796875,159.10182189941406,89.76313018798828,1.2762486991083397,7.554958888462611,0.331,0.3807,0.7692,0.7932,0.3107,1
23.3713092507945,83.4761198414281,23.25,83.5,2025-07-11,12,0.0374,17.79676628112793,9.768054008483887,52.7347526550293,26.776470184326172,2.0855207133331426,10.263230187552317,0.2494,0.2503,0.4658,0.5214,0.0,0
23.208921,92.541174,23.25,92.5,2025-06-01,12,0.7975,89.12710571289062,83.58097076416016,163.79278564453125,103.04899597167969,3.652908626297186,65.72813633510044,0.461,0.3909,0.7927,0.8143,0.381,1
23.301901,92.649401,23.25,92.75,2025-03-07,12,0.8145,0.0,0.0,0.0,0.0,0.0001,0.0,0.05,0.05,0.0,0.1042,0.0,0
23.342785703103207,85.7660683979639,23.25,85.75,2025-07-11,12,0.1059,41.270782470703125,70.4267578125,106.36189270019531,65.37843322753906,2.5484417242305284,26.076226370675222,0.3786,0.3559,0.7114,0.7414,0.1381,0
24.75,78.75,24.75,78.75,2025-04-13,12,0.0,0.0,0.0,0.0,0.0,0.0001,0.0,0.05,0.05,0.0,0.1042,0.0,0
23.575279846593272,83.23672399998985,23.5,83.25,2025-08-02,12,0.066,2.029273271560669,6.636609077453613,186.56268310546875,71.13232421875,0.07339024585221474,-24.622538600649154,0.2474,0.4324,0.8894,0.9009,0.6697,0
24.68311639867747,85.71136048170823,24.75,85.75,2025-08-02,12,0.0732,24.297067642211914,59.575096130371094,97.0390396118164,54.37876510620117,1.6347726212206044,10.434347697666713,0.2963,0.3429,0.6812,0.7144,0.048,0
11.4317,76.8667,11.5,76.75,2025-10-18,12,0.6785,5.815310478210449,59.700286865234375,93.95282745361328,56.48677444458008,0.40323658459371,-7.606522015162877,0.222,0.3114,0.6079,0.6487,0.0,1
30.0809,78.5555,30.0,78.5,2025-06-30,12,0.904,59.055015563964844,25.217205047607422,27.726789474487305,22.08390235900879,11.903945490021634,55.094045639038086,0.4256,0.1476,0.227,0.3076,0.0,1
18.113855,73.607321,18.0,73.5,2025-01-01,12,0.6109,0.0,0.0,0.0,0.0,0.0001,0.0,0.05,0.05,0.0,0.1042,0.0,1
21.75,81.0,21.75,81.0,2025-01-04,12,0.0,0.0,0.0,0.0,0.0,0.0001,0.0,0.05,0.05,0.0,0.1042,0.0,0
18.3355,73.67758,18.25,73.75,2025-03-23,12,0.4514,0.0,0.0,0.0,0.0,0.0001,0.0,0.05,0.05,0.0,0.1042,0.0,0
18.428571,73.109351,18.5,73.0,2025-02-16,12,0.3924,0.0,0.0,0.0,0.0,0.0001,0.0,0.05,0.05,0.0,0.1042,0.0,0
31.75,78.25,31.75,78.25,2025-05-21,12,0.0829,1.131898283958435,0.0,1.3043471574783325,0.4919339120388031,0.9541975831987273,0.9455629757472447,0.0667,0.0565,0.0152,0.1178,0.0,0
27.296928,93.088111,27.25,93.0,2025-07-28,12,0.5585,43.41353225708008,25.635072708129883,31.477975845336914,24.098079681396484,7.897905727189888,38.91667856488909,0.3859,0.1693,0.2775,0.3527,0.0,1
14.5,81.75,14.5,81.75,2025-05-15,12,0.0,0.0,0.0,0.0,0.0,0.0001,0.0,0.05,0.05,0.0,0.1042,0.0,0
28.25,66.5,28.25,66.5,2025-07-25,12,0.0,0.0,0.0,0.0,0.0,0.0001,0.0,0.05,0.05,0.0,0.1042,0.0,0
22.922528,92.752404,23.0,92.75,2025-03-27,12,0.6896,0.0,0.0,0.0,0.0,0.0001,0.0,0.05,0.05,0.0,0.1042,0.0,0
23.199415,92.585883,23.25,92.5,2025-06-01,12,0.9025,89.12710571289062,83.58097076416016,163.79278564453125,103.04899597167969,3.652908626297186,65.72813633510044,0.461,0.3861,0.7817,0.8045,0.3482,1
23.274148,92.871011,23.25,92.75,2025-05-31,12,1.0,58.45155715942383,51.10498046875,134.1341552734375,75.67455291748047,2.8990969572407543,39.28953497750419,0.4244,0.3514,0.701,0.7321,0.1071,1
22.903454,92.760096,23.0,92.75,2025-11-16,12,0.6896,0.0,0.0,0.0,0.0,0.0001,0.0,0.05,0.05,0.0,0.1042,0.0,0
18.40566,73.51608,18.5,73.5,2025-07-26,12,0.5133,19.145713806152344,18.587730407714844,20.740928649902344,15.429544448852539,4.831153936281012,16.182723999023438,0.26,0.1339,0.195,0.2789,0.0,1
23.07731453637865,79.20481822438468,23.0,79.25,2025-08-22,12,0.0404,20.161636352539062,36.28902816772461,59.236183166503906,38.072418212890625,2.130741049993728,11.699324471609932,0.2677,0.2672,0.5052,0.5568,0.0,0
23.207082,92.509726,23.25,92.5,2025-03-08,12,0.6729,0.0,0.0,0.0,0.0,0.0001,0.0,0.05,0.05,0.0,0.1042,0.0,0
23.667553,92.89259,23.75,93.0,2025-02-02,12,0.8092,0.0,0.0,0.0,0.0,0.0001,0.0,0.05,0.05,0.0,0.1042,0.0,0
34.5,84.75,34.5,84.75,2025-07-15,12,0.0,0.0,0.0,0.0,0.0,0.0001,0.0,0.05,0.05,0.0,0.1042,0.0,0
23.134009,92.746247,23.25,92.75,2025-03-13,12,0.8145,0.0,0.0,0.0,0.0,0.0001,0.0,0.05,0.05,0.0,0.1042,0.0,0
34.0,88.75,34.0,88.75,2025-11-24,12,0.0,0.0,0.0,0.0,0.0,0.0001,0.0,0.05,0.05,0.0,0.1042,0.0,0
23.103993,92.74869,23.0,92.75,2025-11-19,12,0.6896,0.0,0.0,0.0,0.0,0.0001,0.0,0.05,0.05,0.0,0.1042,0.0,0
34.0,75.75,34.0,75.75,2025-03-06,12,0.0515,1.6077824831008911,16.65585708618164,95.89081573486328,46.68920135498047,0.10938952423809543,-12.090905479022435,0.2016,0.3419,0.6789,0.7123,0.041,0
24.3799084517461,87.93773102767932,24.5,88.0,2025-08-12,12,0.1438,32.6877555847168,30.418193817138672,85.60166931152344,40.294002532958984,2.4709596575765365,20.458945683070592,0.343,0.3203,0.6285,0.6672,0.0,0
26.45278,94.37526,26.5,94.5,2025-01-21,12,0.476,0.0,0.0,0.19815593957901,0.07473441958427429,9.724712910858945e-05,-0.028307991368430003,0.0503,0.0509,0.0021,0.106,0.0,0
26.00769730359538,83.29390621347534,26.0,83.25,2025-07-19,12,0.1316,37.7198371887207,17.104835510253906,84.29578399658203,40.67292022705078,2.892133116803402,25.677582332066127,0.3652,0.3183,0.624,0.6632,0.0,0
15.5,86.0,15.5,86.0,2025-12-18,12,0.0,0.0,0.0,0.0,0.0,0.0001,0.0,0.05,0.05,0.0,0.1042,0.0,0
24.414992,92.241894,24.5,92.25,2025-07-01,12,0.6385,4.687758445739746,27.6168212890625,123.5665512084961,56.88340759277344,0.25132783868800634,-12.964606012616837,0.2228,0.3563,0.7124,0.7423,0.1411,1
25.88647787919537,86.32094736083116,26.0,86.25,2025-08-10,12,0.0477,6.427642345428467,18.725046157836914,56.72825241088867,30.977678298950195,0.7060321712244461,-1.6763937132699152,0.1619,0.2605,0.4896,0.5428,0.0,0
11.5,99.0,11.5,99.0,2025-07-27,12,0.0,0.0,0.0,0.0,0.0,0.0001,0.0,0.05,0.05,0.0,0.1042,0.0,0
33.5,82.5,33.5,82.5,2025-01-03,12,0.0,0.0,0.0,0.0,0.0,0.0001,0.0,0.05,0.05,0.0,0.1042,0.0,0
27.09519444,88.10411111,27.0,88.0,2025-06-08,12,0.8511,9.116584777832031,20.353595733642578,45.62327575683594,23.257503509521484,1.2127103933953447,2.5989739554268976,0.1675,0.2006,0.3501,0.4178,0.0,1
23.323423,92.860926,23.25,92.75,2025-05-31,12,1.0,58.45155715942383,51.10498046875,134.1341552734375,75.67455291748047,2.8990969572407543,39.28953497750419,0.4244,0.3514,0.701,0.7321,0.1071,1
33.13701,74.608723,33.25,74.5,2025-07-30,12,0.6291,12.976024627685547,20.061832427978516,128.27407836914062,53.73352813720703,0.6714728607940016,-5.348843710763113,0.2166,0.3625,0.7267,0.7552,0.1839,1
25.69463611,91.64577778,25.75,91.75,2025-05-30,12,0.5704,3.4502739906311035,17.7239933013916,45.65434646606445,24.102140426635742,0.4587013144296455,-3.0717755045209616,0.1413,0.2112,0.3748,0.44,0.0,1
26.371990158541653,81.52529241300518,26.25,81.5,2025-08-24,12,0.0446,10.096936225891113,3.2524447441101074,3.2524447441101074,2.4562296867370605,6.893892661244732,9.632301262446813,0.178,0.0663,0.0379,0.1381,0.0,0
25.803412567695194,78.48244123136541,25.75,78.5,2025-07-16,12,0.0555,0.2923641800880432,56.53592300415039,119.39302062988281,73.53478240966797,0.016197486620810105,-16.76378162418093,0.2511,0.3753,0.7565,0.7819,0.273,0
27.0648986,88.1791031,27.0,88.25,2025-12-26,12,1.0,0.0,0.0,0.0,0.0,0.0001,0.0,0.05,0.05,0.0,0.1042,0.0,0
23.293453,92.858089,23.25,92.75,2025-11-19,12,0.8145,0.0,0.0,0.0,0.0,0.0001,0.0,0.05,0.05,0.0,0.1042,0.0,0
23.271227,92.874544,23.25,92.75,2025-06-01,12,0.9683,99.3125228881836,87.32789611816406,173.41844177246094,108.7843017578125,3.853200112957625,74.53845977783203,0.4667,0.3912,0.7935,0.815,0.3832,1
18.0,96.75,18.0,96.75,2025-06-06,12,0.0,0.0,0.0,0.0,0.0,0.0001,0.0,0.05,0.05,0.0,0.1042,0.0,0
13.4708425,75.420085,13.5,75.5,2025-05-28,12,0.6964,28.514558792114258,78.59081268310547,109.21827697753906,70.81915283203125,1.7174803889355201,12.911947795322963,0.3215,0.3343,0.6612,0.6965,0.0,1
23.691427961049545,86.08077667700626,23.75,86.0,2025-07-01,12,0.0921,55.451358795166016,53.6818733215332,111.10260772705078,60.251220703125,3.2866354015082093,39.579557691301616,0.4183,0.3631,0.7282,0.7565,0.1882,0
18.25,76.75,18.25,76.75,2025-12-13,12,0.0,0.0,0.0,0.0,0.0,0.0001,0.0,0.05,0.05,0.0,0.1042,0.0,0
32.87978611,74.95545556,33.0,75.0,2025-03-27,12,0.5495,0.0,0.0,1.0062875747680664,0.37952086329460144,8.743128365836624e-05,-0.1437553678240095,0.0517,0.0545,0.0104,0.1134,0.0,0
19.0,98.75,19.0,98.75,2025-02-12,12,0.0,0.0,0.0,0.0,0.0,0.0001,0.0,0.05,0.05,0.0,0.1042,0.0,0
24.477126,92.205369,24.5,92.25,2025-03-25,12,0.3996,0.0,2.418144941329956,4.092245578765869,2.021721601486206,6.310714949730516e-05,-0.584606511252267,0.059,0.0686,0.0432,0.1429,0.0,0
25.0,73.5,25.0,73.5,2025-02-20,12,0.0,0.0,0.0,0.0,0.0,0.0001,0.0,0.05,0.05,0.0,0.1042,0.0,0
32.47164722,76.29880556,32.5,76.25,2025-01-26,12,0.7012,0.0,0.0,0.0,0.0,0.0001,0.0,0.05,0.05,0.0,0.1042,0.0,0
25.922528011481084,79.8535397572185,26.0,79.75,2025-08-10,12,0.1264,35.450016021728516,9.095911979675293,60.166465759277344,30.25682258605957,3.6945640856177384,26.85480662754604,0.3557,0.2663,0.503,0.5548,0.0,0
22.06838825552322,81.5513321531579,22.0,81.5,2025-08-14,12,0.0541,10.910754203796387,21.629043579101562,21.884235382080078,18.49791717529297,2.644209840290899,7.784434863499232,0.1865,0.1481,0.2282,0.3086,0.0,0
22.591190878631316,81.6996649440587,22.5,81.75,2025-08-16,12,0.0535,8.633719444274902,27.110069274902344,47.48173904418945,28.74587059020996,1.1093026245161675,1.8506138665335516,0.1621,0.2349,0.43,0.4894,0.0,0
26.5,75.25,26.5,75.25,2025-03-01,12,0.0,0.0,0.0,0.0,0.0,0.0001,0.0,0.05,0.05,0.0,0.1042,0.0,0
18.106353,73.254152,18.0,73.25,2025-01-01,12,0.5971,0.0,0.0,0.0,0.0,0.0001,0.0,0.05,0.05,0.0,0.1042,0.0,1
21.75,88.25,21.75,88.25,2025-08-03,12,0.0,1.4525394439697266,103.33917236328125,212.67164611816406,115.55935668945312,0.04628943374111349,-28.92912428719657,0.2978,0.4465,0.9221,0.9302,0.7673,0
18.41885,73.85771,18.5,73.75,2025-08-20,12,0.4963,34.79922103881836,4.027413368225098,4.365387916564941,3.127504348754883,21.43307813688355,34.1755941935948,0.3528,0.0693,0.0448,0.1443,0.0,1
27.0,66.75,27.0,66.75,2025-12-05,12,0.0,0.0,0.0,0.0,0.0,0.0001,0.0,0.05,0.05,0.0,0.1042,0.0,0
12.75,80.5,12.75,80.5,2025-08-21,12,0.0,0.0,0.0,0.0,0.0,0.0001,0.0,0.05,0.05,0.0,0.1042,0.0,0
32.4154,75.96971389,32.5,76.0,2025-01-21,12,0.7313,0.0,5.796918869018555,9.016288757324219,5.240563869476318,4.3705505726468084e-05,-1.288041251046317,0.0728,0.0864,0.0846,0.18,0.0,0
26.335157480612242,83.78675408572393,26.25,83.75,2025-08-26,12,0.1143,11.080314636230469,14.587904930114746,16.055452346801758,10.1265287399292,3.3641891421997094,8.78667858668736,0.1882,0.1234,0.1707,0.2571,0.0,0
15.25,81.75,15.25,81.75,2025-01-19,12,0.0,0.0,0.0,0.0,0.0,0.0001,0.0,0.05,0.05,0.0,0.1042,0.0,0
25.422278,91.867694,25.5,91.75,2025-01-13,12,0.5154,0.0,0.0,0.0,0.0,0.0001,0.0,0.05,0.05,0.0,0.1042,0.0,0
23.266990537796865,83.05028046148767,23.25,83.0,2025-07-27,12,0.0371,54.61745834350586,55.783294677734375,105.90514373779297,62.24240493774414,3.3862310940627705,39.48815209524972,0.4164,0.3579,0.7161,0.7457,0.1522,0
32.0,83.75,32.0,83.75,2025-11-11,12,0.0,0.0,0.0,0.0,0.0,0.0001,0.0,0.05,0.05,0.0,0.1042,0.0,0
33.17306667,75.29995556,33.25,75.25,2025-02-01,12,0.8632,0.0,0.0,0.0,0.0,0.0001,0.0,0.05,0.05,0.0,0.1042,0.0,1
9.882615,77.187536,10.0,77.25,2025-02-03,12,0.8526,0.0,0.417131245136261,0.417131245136261,0.35456156730651855,9.437611077180558e-05,-0.05959017787660871,0.0516,0.0517,0.0039,0.1077,0.0,0
22.641087,92.867635,22.75,92.75,2025-05-31,12,0.7042,55.93308639526367,77.14723205566406,181.53414916992188,103.7266616821289,2.076718231103936,29.999636513846262,0.4193,0.4086,0.8339,0.8512,0.5039,1
21.75,68.0,21.75,68.0,2025-11-15,12,0.0,0.0,0.0,0.0,0.0,0.0001,0.0,0.05,0.05,0.0,0.1042,0.0,0
33.20537778,75.12690833,33.25,75.25,2025-09-12,12,0.9135,0.0,12.853492736816406,56.20463562011719,23.84703826904297,1.1075137023291364e-05,-8.029233660016741,0.1405,0.2245,0.4057,0.4676,0.0,1
33.33043889,75.96503056,33.25,76.0,2025-11-26,12,0.6219,0.0,0.0,0.0,0.0,0.0001,0.0,0.05,0.05,0.0,0.1042,0.0,0
24.791125,93.72522,24.75,93.75,2025-01-03,12,0.5365,0.0,0.0,0.0,0.0,0.0001,0.0,0.05,0.05,0.0,0.1042,0.0,0
22.261694378932543,81.78476423485868,22.25,81.75,2025-08-17,12,0.1494,2.314074754714966,47.97908020019531,75.64134216308594,45.748661041259766,0.1960183953817802,-8.491831268583026,0.1995,0.3005,0.5826,0.6261,0.0,0
22.052138496987016,80.5541348468522,22.0,80.5,2025-08-14,12,0.029,3.200000047683716,1.600000023841858,3.4000000953674316,2.2996113300323486,2.1539134738820014,2.714285748345511,0.0956,0.0671,0.0397,0.1397,0.0,0
33.75,84.25,33.75,84.25,2025-05-21,12,0.0,0.0,0.0,0.0,0.0,0.0001,0.0,0.05,0.05,0.0,0.1042,0.0,0
19.5,71.0,19.5,71.0,2025-09-25,12,0.0,0.0,0.0,0.0,0.0,0.0001,0.0,0.05,0.05,0.0,0.1042,0.0,0
23.56867629422327,82.42589023324459,23.5,82.5,2025-07-17,12,0.1288,12.767573356628418,7.0786237716674805,71.27136993408203,35.486698150634766,1.1418442474134154,2.5859490803309857,0.205,0.2921,0.563,0.6085,0.0,0
23.73279379908274,82.07715770665226,23.75,82.0,2025-08-16,12,0.0423,0.0,4.701038837432861,87.63188934326172,35.91401672363281,7.397083634892509e-06,-12.518841334751674,0.1754,0.3281,0.6467,0.6835,0.0,0
26.037777754996505,78.53862114455096,26.0,78.5,2025-07-21,12,0.0773,0.0,97.82591247558594,157.91964721679688,93.30652618408203,4.244491252638975e-06,-22.559949602399552,0.2767,0.413,0.8441,0.8603,0.5344,0
27.01326623,88.43697714,27.0,88.5,2025-12-06,12,1.0,0.0,0.0,0.0,0.0,0.0001,0.0,0.05,0.05,0.0,0.1042,0.0,0
33.37626944,74.39621944,33.5,74.5,2025-08-14,12,0.6082,13.000972747802734,11.903112411499023,33.86064529418945,19.258201599121094,2.227265589649431,8.16373770577567,0.2072,0.1753,0.2915,0.3653,0.0,1
22.0,93.75,22.0,93.75,2025-05-11,12,0.002,0.0,0.0,0.0,0.0,0.0001,0.0,0.05,0.05,0.0,0.1042,0.0,0
30.087139,79.473153,30.0,79.5,2025-03-08,12,0.677,0.0,2.285515546798706,60.698486328125,21.715965270996094,1.033996530745457e-05,-8.671212332589286,0.1337,0.2452,0.454,0.5109,0.0,0
11.3339,76.7981,11.25,76.75,2025-10-18,12,0.9056,1.071923017501831,38.433467864990234,55.271934509277344,34.683441162109375,0.12050631125639495,-6.824067626680646,0.1721,0.2226,0.4014,0.4637,0.0,1
26.65767524577631,83.83332909988518,26.75,83.75,2025-08-14,12,0.0791,10.074382781982422,6.217339515686035,25.947227478027344,12.34350872039795,2.1404344119974277,6.367635999407087,0.1778,0.1631,0.263,0.3398,0.0,0
30.75,87.25,30.75,87.25,2025-09-04,12,0.0,0.0,0.0,0.0,0.0,0.0001,0.0,0.05,0.05,0.0,0.1042,0.0,0
25.75,77.0,25.75,77.0,2025-10-26,12,0.0,0.0,0.0,0.0,0.0,0.0001,0.0,0.05,0.05,0.0,0.1042,0.0,0
24.413873,92.241309,24.5,92.25,2025-07-01,12,0.6254,4.687758445739746,27.6168212890625,123.5665512084961,56.88340759277344,0.25132783868800634,-12.964606012616837,0.2228,0.3569,0.7138,0.7436,0.1453,1
23.0,86.75,23.0,86.75,2025-05-19,12,0.0,49.9428596496582,12.219772338867188,13.21914005279541,9.215036392211914,17.29058291474039,48.05441107068743,0.4051,0.1131,0.1467,0.2356,0.0,0
23.293863,92.741368,23.25,92.75,2025-06-01,12,0.972,99.3125228881836,87.32789611816406,173.41844177246094,108.7843017578125,3.853200112957625,74.53845977783203,0.4667,0.391,0.7931,0.8146,0.3821,1
8.25,68.5,8.25,68.5,2025-04-25,12,0.0,0.0,0.0,0.0,0.0,0.0001,0.0,0.05,0.05,0.0,0.1042,0.0,0
23.303906,92.853173,23.25,92.75,2025-02-06,12,0.8145,0.0,0.0,0.0,0.0,0.0001,0.0,0.05,0.05,0.0,0.1042,0.0,0
25.336061685970904,85.77049285651756,25.25,85.75,2025-07-10,12,0.0608,0.0,4.256463527679443,20.818857192993164,10.363227844238281,2.5162787786132048e-05,-2.9741224561418806,0.0933,0.1438,0.2181,0.2995,0.0,0
27.08769344,88.2510748,27.0,88.25,2025-09-24,12,1.0,5.2351603507995605,3.0505948066711426,157.4272918701172,62.49691390991211,0.22287554601668333,-17.254452773502894,0.2331,0.3757,0.7575,0.7828,0.2759,1
23.219631,92.563324,23.25,92.5,2025-06-01,12,0.7279,89.12710571289062,83.58097076416016,163.79278564453125,103.04899597167969,3.652908626297186,65.72813633510044,0.461,0.3939,0.7997,0.8205,0.4018,1
32.0,79.75,32.0,79.75,2025-07-19,12,0.0001,0.0,0.0,0.0,0.0,0.0001,0.0,0.05,0.05,0.0,0.1042,0.0,0
23.274148,92.871011,23.25,92.75,2025-11-09,12,0.8145,0.0,48.473289489746094,53.567176818847656,35.287166595458984,1.1557415035104786e-05,-7.6524538312639505,0.1737,0.2223,0.4006,0.4631,0.0,0
33.73293,74.12295,33.75,74.0,2025-07-21,12,0.5914,0.9907436370849609,45.74784469604492,49.0784912109375,33.14806365966797,0.12368209824878372,-6.020469393048968,0.1679,0.2197,0.3946,0.4577,0.0,1
23.436206739874205,83.11339089796132,23.5,83.0,2025-08-16,12,0.0414,3.8150925636291504,14.903345108032227,25.439376831054688,14.254236221313477,0.8232694507200791,0.18089587347848068,0.1079,0.1621,0.2607,0.3378,0.0,0
26.99023,88.13027,27.0,88.25,2025-03-23,12,1.0,0.0,0.0,0.0,0.0,0.0001,0.0,0.05,0.05,0.0,0.1042,0.0,0
26.349061829069615,82.48955437478237,26.25,82.5,2025-07-13,12,0.1448,6.919926166534424,3.5317606925964355,10.856240272521973,5.41373348236084,2.712787374410671,5.369034699031285,0.1425,0.1007,0.118,0.2099,0.0,0
26.10555263870758,82.35505027453259,26.0,82.25,2025-07-05,12,0.1222,1.4995120763778687,11.626380920410156,19.101425170898438,12.217166900634766,0.4021728494101134,-1.2292629480361938,0.1004,0.1357,0.1993,0.2827,0.0,0
23.204282,92.576174,23.25,92.5,2025-06-01,12,0.878,89.12710571289062,83.58097076416016,163.79278564453125,103.04899597167969,3.652908626297186,65.72813633510044,0.461,0.3873,0.7844,0.8068,0.356,1
20.75,71.25,20.75,71.25,2025-02-05,12,0.0,0.0,0.0,0.0,0.0,0.0001,0.0,0.05,0.05,0.0,0.1042,0.0,0
23.286735,92.85703,23.25,92.75,2025-03-19,12,0.8145,0.0,0.0,0.0,0.0,0.0001,0.0,0.05,0.05,0.0,0.1042,0.0,0
27.08253334,88.44855659,27.0,88.5,2025-08-17,12,1.0,3.6087772846221924,161.16505432128906,264.0819091796875,153.0043182373047,0.09319006594280055,-34.11720974104745,0.3207,0.4401,0.9071,0.9168,0.7227,1
25.91811371221715,84.5992429525906,26.0,84.5,2025-08-18,12,0.0418,1.184888243675232,3.2319905757904053,51.4677734375,24.304197311401367,0.1418716194929776,-6.167650818824768,0.142,0.2466,0.4573,0.5138,0.0,0
23.310846,92.858915,23.25,92.75,2025-05-31,12,0.8952,58.45155715942383,51.10498046875,134.1341552734375,75.67455291748047,2.8990969572407543,39.28953497750419,0.4244,0.3567,0.7133,0.7432,0.1439,1
11.14075,76.01466667,11.25,76.0,2025-02-09,12,0.5605,0.0,0.0,0.0,0.0,0.0001,0.0,0.05,0.05,0.0,0.1042,0.0,0
23.132082,92.746268,23.25,92.75,2025-02-01,12,0.8145,0.0,0.0,0.0,0.0,0.0001,0.0,0.05,0.05,0.0,0.1042,0.0,0
24.500400591357913,85.85097714095707,24.5,85.75,2025-08-25,12,0.0461,21.359149932861328,48.36827087402344,60.444053649902344,45.29767608642578,2.216870746028264,12.724285125732422,0.2764,0.2701,0.5118,0.5626,0.0,0
13.5,95.5,13.5,95.5,2025-11-26,12,0.0,0.0,0.0,0.0,0.0,0.0001,0.0,0.05,0.05,0.0,0.1042,0.0,0
27.09203788,88.24652408,27.0,88.25,2025-03-02,12,1.0,0.3639146089553833,0.3334188759326935,6.633338928222656,3.0549426078796387,0.18690228975477194,-0.5837052379335675,0.0635,0.0749,0.058,0.1561,0.0,0
22.714229537959618,85.64251598069396,22.75,85.75,2025-07-03,12,0.132,6.925594329833984,147.64254760742188,180.74554443359375,120.27061462402344,0.2582210962986948,-18.89519773210798,0.3014,0.4272,0.8772,0.89,0.6334,0
23.894248059610945,79.73560680072819,24.0,79.75,2025-08-06,12,0.1055,0.0,16.687171936035156,44.16497802734375,22.709922790527344,1.3681233276908746e-05,-6.309282575334821,0.1369,0.2233,0.4031,0.4653,0.0,0
12.830346,74.902801,12.75,75.0,2025-03-02,12,0.3899,0.0,0.0,0.0,0.0,0.0001,0.0,0.05,0.05,0.0,0.1042,0.0,0
21.75,77.75,21.75,77.75,2025-07-03,12,0.0003,29.30813980102539,25.820865631103516,60.833683013916016,35.11229705810547,3.0244219315806546,20.617613656180247,0.3258,0.2728,0.5181,0.5683,0.0,0
23.200105,92.584517,23.25,92.5,2025-06-01,12,0.7639,89.12710571289062,83.58097076416016,163.79278564453125,103.04899597167969,3.652908626297186,65.72813633510044,0.461,0.3923,0.7961,0.8173,0.3912,1
10.25,81.75,10.25,81.75,2025-01-16,12,0.0,0.0,0.0,0.0,0.0,0.0001,0.0,0.05,0.05,0.0,0.1042,0.0,0
26.00809742991017,84.30417618381354,26.0,84.25,2025-08-04,12,0.0686,59.23667907714844,7.5219292640686035,103.50729370117188,46.5999870300293,3.7523084644651092,44.44992283412388,0.4259,0.3532,0.705,0.7357,0.1191,0
23.182466,92.487731,23.25,92.5,2025-06-01,12,0.7437,89.12710571289062,83.58097076416016,163.79278564453125,103.04899597167969,3.652908626297186,65.72813633510044,0.461,0.3932,0.7981,0.8191,0.3972,1
27.09741967,88.61132015,27.0,88.5,2025-08-16,12,1.0,0.11163762211799622,177.8068084716797,298.0307922363281,190.81243896484375,0.0025642111378053212,-42.464189840214594,0.3338,0.4506,0.9316,0.9387,0.7957,1
27.296928,93.088111,27.25,93.0,2025-12-06,12,0.4062,0.0,0.0,0.0,0.0,0.0001,0.0,0.05,0.05,0.0,0.1042,0.0,0
24.42672448567209,86.30177242999588,24.5,86.25,2025-07-23,12,0.0362,0.0,3.2162444591522217,113.31258392333984,44.68394088745117,5.818177759743091e-06,-16.18751198904855,0.197,0.3682,0.7401,0.7672,0.2239,0
23.150972,92.747402,23.25,92.75,2025-09-28,12,0.9636,14.582202911376953,40.12213897705078,69.92221069335938,38.35108947753906,1.3270045083149282,4.5933156694684705,0.2219,0.2526,0.4711,0.5262,0.0,1
23.17824,92.491031,23.25,92.5,2025-06-01,12,0.7691,89.12710571289062,83.58097076416016,163.79278564453125,103.04899597167969,3.652908626297186,65.72813633510044,0.461,0.3921,0.7956,0.8169,0.3896,1
25.01925491270139,83.76614007129717,25.0,83.75,2025-07-08,12,0.0683,5.0157976150512695,7.119554042816162,73.11653900146484,30.542465209960938,0.4382526222796134,-5.42942224230085,0.1606,0.2985,0.5779,0.6218,0.0,0
31.0,96.5,31.0,96.5,2025-07-17,12,0.0,0.0,0.0,0.0,0.0,0.0001,0.0,0.05,0.05,0.0,0.1042,0.0,0
22.770081626871832,80.65156229705315,22.75,80.75,2025-07-27,12,0.0998,51.578346252441406,65.6912612915039,94.79273223876953,61.67073059082031,3.546904733043191,38.03652736118862,0.4093,0.3382,0.6702,0.7045,0.0151,0
23.148209,93.321183,23.25,93.25,2025-11-08,12,0.5937,2.389254331588745,48.846920013427734,51.81599807739258,38.15174865722656,0.2843695740589681,-5.013031108038766,0.1812,0.2268,0.4111,0.4724,0.0,0
23.206413,92.632701,23.25,92.75,2025-02-23,12,0.8145,0.0,0.0,0.0,0.0,0.0001,0.0,0.05,0.05,0.0,0.1042,0.0,0
32.30424444,75.88190278,32.25,76.0,2025-12-01,12,0.6462,0.0,0.0,0.0,0.0,0.0001,0.0,0.05,0.05,0.0,0.1042,0.0,0
30.65568,79.028241,30.75,79.0,2025-07-26,12,0.6773,7.581054210662842,26.731285095214844,77.04066467285156,46.191226959228516,0.6314571604260879,-3.4247550283159534,0.2005,0.2805,0.536,0.5844,0.0,1
14.0,91.25,14.0,91.25,2025-07-19,12,0.0,0.0,0.0,0.0,0.0,0.0001,0.0,0.05,0.05,0.0,0.1042,0.0,0
27.062298,93.531487,27.0,93.5,2025-09-25,12,0.4591,0.0,11.669866561889648,22.040260314941406,13.676187515258789,2.410446712283241e-05,-3.148608616420201,0.1058,0.1398,0.2087,0.2912,0.0,1
34.75,97.5,34.75,97.5,2025-12-26,12,0.0,0.0,0.0,0.0,0.0,0.0001,0.0,0.05,0.05,0.0,0.1042,0.0,0
11.520975,75.89981389,11.5,76.0,2025-03-01,12,0.6074,0.0,0.0,0.0,0.0,0.0001,0.0,0.05,0.05,0.0,0.1042,0.0,0
27.15819635,88.52893898,27.25,88.5,2025-07-06,12,1.0,17.804256439208984,62.12843322753906,100.00137329101562,58.759010314941406,1.164756032948294,3.518345969063896,0.2494,0.3052,0.5934,0.6358,0.0,1
32.67428333,75.16099167,32.75,75.25,2025-12-06,12,0.5618,0.0,0.0,0.0,0.0,0.0001,0.0,0.05,0.05,0.0,0.1042,0.0,0
23.298928,92.857435,23.25,92.75,2025-05-31,12,1.0,58.45155715942383,51.10498046875,134.1341552734375,75.67455291748047,2.8990969572407543,39.28953497750419,0.4244,0.3514,0.701,0.7321,0.1071,1
22.917289423794326,85.58403673034204,23.0,85.5,2025-08-12,12,0.0616,8.566168785095215,19.937908172607422,61.33979415893555,32.620479583740234,0.8774372564864702,-0.1966589518955768,0.1665,0.2717,0.5156,0.566,0.0,0
23.136964,92.74724,23.25,92.75,2025-08-28,12,0.9537,31.50089454650879,30.822181701660156,43.27756118774414,30.65272331237793,4.385792719781189,25.318385805402485,0.3372,0.1905,0.3267,0.3968,0.0,1
30.19158,79.977955,30.25,80.0,2025-02-08,12,0.5172,0.0,0.0,0.0,0.0,0.0001,0.0,0.05,0.05,0.0,0.1042,0.0,0
23.204390318527413,79.2989880453681,23.25,79.25,2025-07-26,12,0.029,37.00344467163086,18.192779541015625,33.5925178527832,19.11898422241211,6.381097463350777,32.20451354980469,0.3622,0.1918,0.3298,0.3996,0.0,0
23.544052,93.155591,23.5,93.25,2025-03-14,12,0.6431,0.0,0.0,0.0,0.0,0.0001,0.0,0.05,0.05,0.0,0.1042,0.0,0
37.0,87.75,37.0,87.75,2025-03-22,12,0.0,0.0,0.0,0.0,0.0,0.0001,0.0,0.05,0.05,0.0,0.1042,0.0,0
24.863924,93.617853,24.75,93.5,2025-02-17,12,0.5451,0.0,3.1839797496795654,3.4824471473693848,2.3484058380126953,6.677829996745255e-05,-0.4974924496241978,0.0604,0.0652,0.0355,0.1359,0.0,0
23.3764410672593,79.56206568686622,23.5,79.5,2025-08-07,12,0.0979,0.0,0.14868199825286865,31.148778915405273,11.06273078918457,1.8349211164851345e-05,-4.44982555934361,0.096,0.1814,0.3056,0.3779,0.0,0
23.201759,92.734328,23.25,92.75,2025-01-08,12,0.8145,0.0,0.0,0.0,0.0,0.0001,0.0,0.05,0.05,0.0,0.1042,0.0,0
25.975551412633624,79.35745853099901,26.0,79.25,2025-07-13,12,0.1454,40.40924835205078,72.80126190185547,97.1435775756836,56.02238845825195,2.716110249417834,26.53159441266741,0.3755,0.3402,0.6748,0.7087,0.029,0
22.25,89.5,22.25,89.5,2025-06-26,12,0.0,0.0,0.0,0.0,0.0,0.0001,0.0,0.05,0.05,0.0,0.1042,0.0,0
26.95946428659821,85.89761773734635,27.0,86.0,2025-07-02,12,0.1435,0.0,0.0,0.0,0.0,0.0001,0.0,0.05,0.05,0.0,0.1042,0.0,0
22.904615,92.75705,23.0,92.75,2025-03-05,12,0.6896,0.0,0.0,0.0,0.0,0.0001,0.0,0.05,0.05,0.0,0.1042,0.0,0
23.99321247106532,86.62922393510989,24.0,86.75,2025-07-21,12,0.0895,0.8824272751808167,64.90861511230469,192.92324829101562,102.49698638916016,0.03090031289044105,-26.678036766392843,0.2863,0.4353,0.896,0.9068,0.6894,0
24.320111,92.216955,24.25,92.25,2025-07-01,12,0.6642,15.70492172241211,40.01176452636719,99.12039947509766,54.73629379272461,1.035947401259852,1.5448646545410156,0.2318,0.3205,0.6291,0.6678,0.0,1
30.0808,78.5235,30.0,78.5,2025-12-19,12,0.659,0.0,0.0,0.0,0.0,0.0001,0.0,0.05,0.05,0.0,0.1042,0.0,0
25.0,70.25,25.0,70.25,2025-01-19,12,0.0,0.0,0.0,0.0,0.0,0.0001,0.0,0.05,0.05,0.0,0.1042,0.0,0
24.8915381473529,85.00613818407538,25.0,85.0,2025-08-21,12,0.0264,0.9795604348182678,8.558317184448242,71.10653686523438,28.202329635620117,0.08779832417304675,-9.178516260215215,0.1538,0.2958,0.5716,0.6162,0.0,0
24.285871,92.94599,24.25,93.0,2025-03-11,12,0.5878,0.0,0.0,0.0,0.0,0.0001,0.0,0.05,0.05,0.0,0.1042,0.0,0
24.70635055470839,84.45572181427428,24.75,84.5,2025-07-10,12,0.143,0.0,4.3054399490356445,10.748722076416016,6.1512346267700195,3.94394591895796e-05,-1.535531725202288,0.0765,0.1003,0.117,0.2089,0.0,0
24.14660670983818,87.66056132765199,24.25,87.75,2025-08-26,12,0.1174,11.990631103515625,90.60337829589844,99.76109313964844,66.16390991210938,0.7861957503078238,-2.2609536307198663,0.2394,0.3455,0.6871,0.7197,0.0658,0
23.223807,92.944448,23.25,93.0,2025-11-18,12,0.7561,0.0,0.0,0.0,0.0,0.0001,0.0,0.05,0.05,0.0,0.1042,0.0,0
23.139887,92.751646,23.25,92.75,2025-12-01,12,0.8145,0.0,0.0,0.0,0.0,0.0001,0.0,0.05,0.05,0.0,0.1042,0.0,0
30.059677,78.485091,30.0,78.5,2025-08-30,12,0.8725,12.6597261428833,19.314149856567383,53.45206069946289,27.03145408630371,1.4659348577172733,5.02371747153146,0.2039,0.2196,0.3944,0.4575,0.0,1
25.25,81.75,25.25,81.75,2025-09-04,12,0.0,0.16477327048778534,11.983210563659668,12.14798355102539,7.547008037567139,0.06027333846088946,-1.5706529510872704,0.0822,0.1083,0.1356,0.2257,0.0,0
23.304123,92.671521,23.25,92.75,2025-12-02,12,0.8145,0.0,0.0,0.0,0.0,0.0001,0.0,0.05,0.05,0.0,0.1042,0.0,0
23.041388375767728,80.05220087294072,23.0,80.0,2025-07-17,12,0.0363,41.278202056884766,5.922934055328369,65.12496948242188,32.656375885009766,4.006214719697248,31.974634987967356,0.3786,0.2818,0.539,0.587,0.0,0
23.1378,92.749869,23.25,92.75,2025-11-15,12,0.8145,0.0,0.0,3.7487552165985107,1.2017650604248047,6.512382000466822e-05,-0.5355364595140729,0.0554,0.0651,0.0352,0.1357,0.0,0
24.29659252549316,84.79507324928383,24.25,84.75,2025-07-08,12,0.025,3.9806101322174072,2.5653276443481445,59.94755935668945,21.47510528564453,0.4162208629154091,-4.583326918738228,0.1329,0.2696,0.5107,0.5617,0.0,0
23.19917,93.000199,23.25,93.0,2025-11-13,12,0.7561,0.0,0.0,53.275550842285156,18.3985652923584,1.1613332275164018e-05,-7.610792977469308,0.1226,0.224,0.4046,0.4666,0.0,0
31.96693889,77.11688056,32.0,77.0,2025-12-23,12,0.647,0.0,0.0,0.0,0.0,0.0001,0.0,0.05,0.05,0.0,0.1042,0.0,0
30.081207,78.436585,30.0,78.5,2025-01-14,12,0.659,0.4494331479072571,0.14237019419670105,0.14237019419670105,0.12101466953754425,0.4405725200168949,0.42909454873629976,0.0567,0.0506,0.0014,0.1054,0.0,0
23.133651914617552,81.816119398672,23.25,81.75,2025-08-03,12,0.0737,29.787960052490234,0.15576618909835815,139.09246826171875,46.95923614501953,1.4272906936850631,9.917607443673269,0.3284,0.3965,0.8057,0.8259,0.4198,0
15.75,87.0,15.75,87.0,2025-11-21,12,0.0,0.0,0.0,0.0,0.0,0.0001,0.0,0.05,0.05,0.0,0.1042,0.0,0
22.99675064472343,82.25431194256346,23.0,82.25,2025-07-10,12,0.0987,0.0,111.61251831054688,225.33384704589844,127.38017272949219,3.0129058202256355e-06,-32.19054957798549,0.3065,0.4492,0.9284,0.9359,0.7863,0
22.37571476588793,79.3420242632635,22.5,79.25,2025-07-01,12,0.0642,26.467344284057617,42.46962356567383,93.04190826416016,51.194091796875,1.8519449818889224,13.17564310346331,0.3097,0.3367,0.6667,0.7014,0.0046,0
8.5,70.0,8.5,70.0,2025-02-24,12,0.0,0.0,0.0,0.0,0.0,0.0001,0.0,0.05,0.05,0.0,0.1042,0.0,0
28.25,84.5,28.25,84.5,2025-03-19,12,0.0,0.0,0.0,0.0,0.0,0.0001,0.0,0.05,0.05,0.0,0.1042,0.0,0
8.75,73.25,8.75,73.25,2025-09-06,12,0.0,0.0,0.0,0.0,0.0,0.0001,0.0,0.05,0.05,0.0,0.1042,0.0,0
27.068621,88.479162,27.0,88.5,2025-02-17,12,1.0,0.0,0.0,0.0,0.0,0.0001,0.0,0.05,0.05,0.0,0.1042,0.0,0
24.84134308134384,80.74665869787906,24.75,80.75,2025-07-24,12,0.0634,6.454336166381836,0.0,204.35836791992188,85.17864990234375,0.21376514972802382,-22.739716393607004,0.2671,0.4415,0.9105,0.9198,0.7327,0
27.0994852,88.1269826,27.0,88.25,2025-12-13,12,1.0,0.0,0.0,0.0,0.0,0.0001,0.0,0.05,0.05,0.0,0.1042,0.0,0
36.0,68.5,36.0,68.5,2025-10-13,12,0.0,0.0,0.0,0.0,0.0,0.0001,0.0,0.05,0.05,0.0,0.1042,0.0,0
32.0,97.75,32.0,97.75,2025-11-22,12,0.0,0.0,0.0,0.0,0.0,0.0001,0.0,0.05,0.05,0.0,0.1042,0.0,0
23.921198100686908,82.50123361181932,24.0,82.5,2025-08-15,12,0.1187,0.9288358092308044,6.423070430755615,64.37598419189453,31.460697174072266,0.09110278111379179,-8.267733361039843,0.1632,0.2768,0.5274,0.5767,0.0,0
16.75,73.75,16.75,73.75,2025-06-23,12,0.0911,14.376132011413574,145.00497436523438,412.1325988769531,218.47525024414062,0.2400997306092112,-44.49995354243687,0.3396,0.4766,0.992,0.9929,0.9762,0
25.316813054782465,82.08237519346298,25.25,82.0,2025-07-02,12,0.115,5.318023681640625,15.223971366882324,18.320053100585938,12.58643627166748,1.4702522788399246,2.700873238699777,0.123,0.1327,0.1923,0.2764,0.0,0
24.90597711860478,80.53635555514039,25.0,80.5,2025-07-27,12,0.0306,44.84868621826172,0.0,0.0,0.0,44.84878621826172,44.84868621826172,0.3905,0.05,0.0,0.1042,0.0,0
11.3445,76.7924,11.25,76.75,2025-10-17,12,0.8933,5.5659589767456055,32.86750793457031,49.9268684387207,35.308902740478516,0.6844292318513986,-1.5664508002144952,0.1738,0.21,0.3721,0.4375,0.0,1
27.0994852,88.1269826,27.0,88.25,2025-08-06,12,1.0,3.965717077255249,74.2630844116211,235.87472534179688,117.98623657226562,0.11430056998199038,-29.73067225728716,0.2997,0.4285,0.8803,0.8928,0.6426,1
33.780956,74.202292,33.75,74.25,2025-02-08,12,0.3768,0.0,0.6003226637840271,9.021512985229492,3.7785043716430664,4.369125441806538e-05,-1.288787569318499,0.0666,0.0902,0.0934,0.1878,0.0,0
26.881874,88.184536,27.0,88.25,2025-10-05,12,1.0,1.5312118530273438,27.348655700683594,31.122085571289062,24.949840545654297,0.2811803921678503,-2.9148003714425226,0.144,0.155,0.2443,0.323,0.0,1
24.145912966981783,80.67776675488334,24.25,80.75,2025-08-18,12,0.0945,6.609607219696045,4.6403422355651855,36.16756820678711,15.805868148803711,1.0718220288952423,1.4428117615836005,0.1388,0.1985,0.3454,0.4136,0.0,0
31.5,70.0,31.5,70.0,2025-02-18,12,0.0,0.0,0.0,0.0,0.0,0.0001,0.0,0.05,0.05,0.0,0.1042,0.0,0
30.635966,79.001953,30.75,79.0,2025-06-23,12,0.7994,1.2094916105270386,26.298057556152344,45.265174865722656,27.633359909057617,0.1620035003315816,-5.256961941719055,0.1521,0.2016,0.3525,0.4199,0.0,1
23.307135,92.707624,23.25,92.75,2025-12-13,12,0.8145,0.0,0.0,0.0,0.0,0.0001,0.0,0.05,0.05,0.0,0.1042,0.0,0
31.21918611,76.72500833,31.25,76.75,2025-01-10,12,0.7752,0.0,0.42095452547073364,0.42095452547073364,0.304139643907547,9.432748814150657e-05,-0.06013636078153338,0.0514,0.0517,0.0041,0.1078,0.0,0
33.276141,75.769053,33.25,75.75,2025-03-24,12,0.7404,0.0,0.0,3.224266767501831,1.0653553009033203,6.846456728075338e-05,-0.4606095382145473,0.0548,0.0633,0.031,0.132,0.0,0
33.03997778,74.58563056,33.0,74.5,2025-08-28,12,0.6424,277.8428955078125,245.52711486816406,277.2333679199219,183.79360961914062,6.8426201426942646,238.23812866210938,0.48,0.4537,0.9387,0.9451,0.8171,1
12.811644,74.891475,12.75,75.0,2025-12-09,12,0.3899,0.0,0.0,42.92247772216797,22.40580177307129,1.4021739944393155e-05,-6.131782531738281,0.1359,0.2099,0.3718,0.4372,0.0,0
26.31337581472863,82.43320320772699,26.25,82.5,2025-08-06,12,0.0375,8.680925369262695,42.14359664916992,60.606563568115234,42.2685546875,0.898835473624014,0.022844859531947037,0.1913,0.2708,0.5135,0.5642,0.0,0
32.64833333,76.87694444,32.75,77.0,2025-06-02,12,0.5566,0.0,2.9473814964294434,6.134335517883301,3.6431984901428223,5.329542549350151e-05,-0.8763336454119001,0.066,0.0764,0.0614,0.1592,0.0,1
23.305939,92.857538,23.25,92.75,2025-12-10,12,0.8145,0.0,0.0,0.0,0.0,0.0001,0.0,0.05,0.05,0.0,0.1042,0.0,0
8.5,81.25,8.5,81.25,2025-01-01,12,0.0,0.0,0.0,0.0,0.0,0.0001,0.0,0.05,0.05,0.0,0.1042,0.0,0
23.137565,92.747197,23.25,92.75,2025-12-18,12,0.8145,0.0,0.0,0.0,0.0,0.0001,0.0,0.05,0.05,0.0,0.1042,0.0,0
25.27173229826429,86.72519951829362,25.25,86.75,2025-08-12,12,0.0785,0.14513467252254486,3.610788106918335,53.14241409301758,20.430078506469727,0.016903922514408084,-7.446638769337109,0.1294,0.2499,0.4648,0.5206,0.0,0
31.46222222,77.35861111,31.5,77.25,2025-12-08,12,0.7819,0.0,0.0,0.0,0.0,0.0001,0.0,0.05,0.05,0.0,0.1042,0.0,0
17.5,68.25,17.5,68.25,2025-07-24,12,0.0,0.0,0.0,0.0,0.0,0.0001,0.0,0.05,0.05,0.0,0.1042,0.0,0
23.130578,92.743046,23.25,92.75,2025-06-01,12,0.9145,99.3125228881836,87.32789611816406,173.41844177246094,108.7843017578125,3.853200112957625,74.53845977783203,0.4667,0.3936,0.7992,0.8201,0.4003,1
25.81159380846988,82.81355832107852,25.75,82.75,2025-08-22,12,0.1366,0.0,0.0,9.932049751281738,3.3350255489349365,4.134171646566363e-05,-1.4188642501831055,0.0647,0.0968,0.1087,0.2016,0.0,0
23.021337766167598,83.45235718325574,23.0,83.5,2025-08-04,12,0.1188,11.91501235961914,2.8260788917541504,39.0748405456543,15.846601486206055,1.810224094746231,6.332892281668527,0.1966,0.2072,0.3655,0.4316,0.0,0
30.165466,78.617671,30.25,78.5,2025-09-17,12,0.8154,19.871248245239258,47.9261474609375,48.45663833618164,40.93729782104492,2.5082558534010886,12.948871340070452,0.2655,0.2093,0.3706,0.4361,0.0,1
26.221061626430718,82.84020572509404,26.25,82.75,2025-08-09,12,0.0601,17.399965286254883,37.2503776550293,108.4353256225586,61.56869888305664,1.055140238457314,1.9092044830322266,0.2461,0.3606,0.7224,0.7513,0.1711,0
25.62546561993271,79.20999767512066,25.75,79.25,2025-07-23,12,0.0611,2.4310247898101807,6.337690830230713,89.4175033569336,45.3442268371582,0.17650191029808981,-10.342904261180333,0.1985,0.3305,0.6524,0.6886,0.0,0
24.7774771205293,79.89815302972156,24.75,80.0,2025-08-09,12,0.0466,0.5410861372947693,5.5160441398620605,62.42033004760742,30.081130981445312,0.05457051210308887,-8.376103869506291,0.1593,0.2749,0.523,0.5727,0.0,0
20.25,82.0,20.25,82.0,2025-11-15,12,0.0,0.0,0.0,0.0,0.0,0.0001,0.0,0.05,0.05,0.0,0.1042,0.0,0
22.25,92.75,22.25,92.75,2025-02-11,12,0.1488,0.0,0.0,0.0,0.0,0.0001,0.0,0.05,0.05,0.0,0.1042,0.0,0
23.714598293149397,79.93633425380214,23.75,80.0,2025-08-22,12,0.1152,0.5796082019805908,9.397257804870605,72.23734283447266,32.19624710083008,0.051212689228376025,-9.740012202944074,0.1653,0.2947,0.5691,0.614,0.0,0
23.295774,92.740012,23.25,92.75,2025-06-01,12,1.0,99.3125228881836,87.32789611816406,173.41844177246094,108.7843017578125,3.853200112957625,74.53845977783203,0.4667,0.3897,0.79,0.8119,0.373,1
31.5,90.5,31.5,90.5,2025-06-12,12,0.0,0.0,0.0,0.0,0.0,0.0001,0.0,0.05,0.05,0.0,0.1042,0.0,0
29.0,93.5,29.0,93.5,2025-09-21,12,0.0,0.0,0.0,0.0,0.0,0.0001,0.0,0.05,0.05,0.0,0.1042,0.0,0
32.0,97.5,32.0,97.5,2025-09-16,12,0.0,0.0,0.0,0.0,0.0,0.0001,0.0,0.05,0.05,0.0,0.1042,0.0,0
27.06737739,88.18499323,27.0,88.25,2025-09-09,12,1.0,22.67572021484375,18.02810287475586,52.9838981628418,29.20201301574707,2.6462225091305442,15.10659190586635,0.2856,0.2131,0.3793,0.4439,0.0,1
30.1631,78.617,30.25,78.5,2025-07-15,12,0.8274,7.270778656005859,38.362709045410156,101.97516632080078,55.612239837646484,0.46704356882753517,-7.2971022469656805,0.2203,0.3171,0.6211,0.6606,0.0,1
33.111744,75.48248,33.0,75.5,2025-06-12,12,0.8287,0.0,0.0,10.53048324584961,3.742043972015381,3.993044516703366e-05,-1.504354749407087,0.0664,0.091,0.0953,0.1896,0.0,1
27.0710395,88.1661319,27.0,88.25,2025-06-08,12,1.0,0.0,8.441198348999023,43.13066482543945,17.60480308532715,1.3963509210130721e-05,-6.161523546491351,0.1199,0.1883,0.3217,0.3924,0.0,1
29.75,85.25,29.75,85.25,2025-03-11,12,0.0,0.0,0.0,0.0,0.0,0.0001,0.0,0.05,0.05,0.0,0.1042,0.0,0
11.25,83.5,11.25,83.5,2025-06-27,12,0.0,0.0,0.0,0.0,0.0,0.0001,0.0,0.05,0.05,0.0,0.1042,0.0,0
32.31983056,76.5655,32.25,76.5,2025-12-22,12,0.6342,0.0,0.0,0.0,0.0,0.0001,0.0,0.05,0.05,0.0,0.1042,0.0,0
23.365194164431237,87.08494867453294,23.25,87.0,2025-08-16,12,0.0751,4.426405906677246,40.971099853515625,56.93183135986328,38.257171630859375,0.4846653175368537,-3.706712859017509,0.1814,0.26,0.4885,0.5418,0.0,0
23.149588,92.749562,23.25,92.75,2025-03-25,12,0.8145,0.0,0.0,0.9832902550697327,0.4362911283969879,8.768314537423589e-05,-0.14047003643853323,0.052,0.054,0.0094,0.1125,0.0,0
26.281425640233813,79.1238297492871,26.25,79.0,2025-08-08,12,0.1339,15.506632804870605,95.7090835571289,102.33946228027344,69.4277572631836,0.9927534612878542,0.8867096219744006,0.2448,0.3488,0.6949,0.7266,0.0888,0
23.114694,92.743931,23.0,92.75,2025-01-11,12,0.6896,0.0,0.0,0.0,0.0,0.0001,0.0,0.05,0.05,0.0,0.1042,0.0,0
33.195183,75.359804,33.25,75.25,2025-08-30,12,0.9089,0.0,211.36514282226562,248.46890258789062,167.40133666992188,2.7400595254805013e-06,-35.495557512555806,0.3266,0.4371,0.9002,0.9106,0.7019,1
38.5,88.75,38.5,88.75,2025-08-17,12,0.0,0.0,0.0,0.0,0.0,0.0001,0.0,0.05,0.05,0.0,0.1042,0.0,0
23.311529,92.85443,23.25,92.75,2025-05-31,12,1.0,58.45155715942383,51.10498046875,134.1341552734375,75.67455291748047,2.8990969572407543,39.28953497750419,0.4244,0.3514,0.701,0.7321,0.1071,1
12.824032,75.199666,12.75,75.25,2025-02-06,12,0.4204,0.0,0.0,0.0,0.0,0.0001,0.0,0.05,0.05,0.0,0.1042,0.0,0
24.23771117733137,87.17021711880557,24.25,87.25,2025-07-21,12,0.0558,8.722208023071289,47.18812942504883,133.7252960205078,70.73786926269531,0.43386766905504565,-10.381405694144114,0.2468,0.3916,0.7945,0.8159,0.3864,0
24.5,84.25,24.5,84.25,2025-04-13,12,0.0,0.0,1.6136716604232788,1.6136716604232788,1.2077959775924683,8.126615775433468e-05,-0.23052452291761125,0.0554,0.0582,0.0192,0.1213,0.0,0
24.729617666545,87.26205201884345,24.75,87.25,2025-07-27,12,0.1221,9.891764640808105,16.61687469482422,57.539398193359375,30.273670196533203,1.072880355627198,1.6718506131853381,0.1758,0.2598,0.488,0.5413,0.0,0
30.336652,79.319623,30.25,79.25,2025-11-17,12,0.718,0.0,0.0,0.0,0.0,0.0001,0.0,0.05,0.05,0.0,0.1042,0.0,0
23.202096,92.73698,23.25,92.75,2025-06-01,12,0.9193,99.3125228881836,87.32789611816406,173.41844177246094,108.7843017578125,3.853200112957625,74.53845977783203,0.4667,0.3934,0.7987,0.8196,0.3988,1
15.75,87.25,15.75,87.25,2025-07-13,12,0.0,0.0,0.0,0.0,0.0,0.0001,0.0,0.05,0.05,0.0,0.1042,0.0,0
25.713883205539474,82.76326113918863,25.75,82.75,2025-07-27,12,0.0993,9.070550918579102,47.515872955322266,47.623077392578125,40.444454193115234,1.1624126552540408,2.2672541482107977,0.1869,0.2337,0.4272,0.4869,0.0,0
11.75,85.0,11.75,85.0,2025-08-01,12,0.0,0.0,0.0,0.0,0.0,0.0001,0.0,0.05,0.05,0.0,0.1042,0.0,0
37.25,79.5,37.25,79.5,2025-04-05,12,0.0,0.0,0.0,0.0,0.0,0.0001,0.0,0.05,0.05,0.0,0.1042,0.0,0
23.306012,92.704212,23.25,92.75,2025-05-31,12,0.955,58.45155715942383,51.10498046875,134.1341552734375,75.67455291748047,2.8990969572407543,39.28953497750419,0.4244,0.3537,0.7063,0.7369,0.1231,1
26.689136034961916,78.53628390371449,26.75,78.5,2025-08-09,12,0.1315,0.0,29.473997116088867,41.801475524902344,24.349166870117188,1.4343828592699109e-05,-5.971639360700335,0.1421,0.2153,0.3844,0.4485,0.0,0
26.72021046912699,79.48795969405116,26.75,79.5,2025-07-26,12,0.1475,0.9385681748390198,0.0,6.863863468170166,2.2534945011138916,0.4739427244763811,-0.04198374918528969,0.0639,0.0828,0.0763,0.1725,0.0,0
21.75,78.25,21.75,78.25,2025-05-19,12,0.0003,1.2269247770309448,2.6528403759002686,5.251980781555176,2.766819953918457,0.7010436591728286,0.47664180823734825,0.0681,0.0763,0.0611,0.1589,0.0,0
24.588149141989838,83.77877081440909,24.5,83.75,2025-07-01,12,0.1454,11.467183113098145,33.681297302246094,44.081298828125,32.78740692138672,1.5714358020099988,5.169854709080288,0.1922,0.2217,0.3994,0.4619,0.0,0
26.874957,88.191543,26.75,88.25,2025-03-13,12,0.815,0.0,1.8925704956054688,1.8925704956054688,1.1622748374938965,7.871739676912611e-05,-0.2703672136579241,0.0552,0.0577,0.0179,0.1202,0.0,0
30.843545,78.627507,30.75,78.75,2025-07-04,12,0.818,57.65785598754883,64.46975708007812,146.35308837890625,79.7210464477539,2.6318719510598254,36.75027193341936,0.4228,0.3737,0.7527,0.7784,0.2615,1
33.63745556,74.19265556,33.75,74.25,2025-08-15,12,0.5385,0.8511804938316345,3.404721975326538,10.676190376281738,5.814818859100342,0.3371180854001944,-0.6739895599228996,0.0751,0.0951,0.1049,0.1982,0.0,1
24.54177743782296,87.9183179246363,24.5,88.0,2025-07-05,12,0.1283,0.23167961835861206,16.193504333496094,28.044532775878906,15.513693809509277,0.04629701696656715,-3.774682206766946,0.1125,0.1695,0.278,0.3532,0.0,0
23.313996,92.863984,23.25,92.75,2025-05-31,12,0.9547,58.45155715942383,51.10498046875,134.1341552734375,75.67455291748047,2.8990969572407543,39.28953497750419,0.4244,0.3537,0.7064,0.737,0.1232,1
10.013504,76.966864,10.0,77.0,2025-01-01,12,1.0,0.0,0.0,0.0,0.0,0.0001,0.0,0.05,0.05,0.0,0.1042,0.0,1
23.197283,92.632661,23.25,92.75,2025-06-01,12,0.8943,99.3125228881836,87.32789611816406,173.41844177246094,108.7843017578125,3.853200112957625,74.53845977783203,0.4667,0.3945,0.8013,0.822,0.4066,1
12.92106944,75.75716944,13.0,75.75,2025-06-24,12,0.4909,5.946218013763428,5.182575225830078,42.694602966308594,17.91366195678711,0.8376005363110343,-0.1530109814235141,0.1308,0.2057,0.362,0.4285,0.0,1
26.425346,94.387013,26.5,94.5,2025-03-03,12,0.476,13.679666519165039,0.4021030366420746,1.1277822256088257,0.6154770851135254,11.781610650497262,13.518554772649493,0.2136,0.0551,0.0119,0.1148,0.0,0
27.09592868,88.60962756,27.0,88.5,2025-09-01,12,1.0,7.932742118835449,101.4433822631836,140.97328186035156,94.8359375,0.3752697387914527,-12.206298146929061,0.2784,0.3591,0.7188,0.7481,0.1604,1
28.75,96.5,28.75,96.5,2025-09-15,12,0.0115,0.0,0.0,0.0,0.0,0.0001,0.0,0.05,0.05,0.0,0.1042,0.0,0
25.37115724874266,82.01397116312694,25.25,82.0,2025-08-06,12,0.1028,18.078218460083008,90.8777084350586,91.33834075927734,66.30643463134766,1.2868656135897063,5.02988406590053,0.2516,0.3322,0.6563,0.6921,0.0,0
30.756171,78.57631,30.75,78.5,2025-08-04,12,0.8478,0.11077594757080078,25.644561767578125,33.93879699707031,22.601598739624023,0.018958340008162614,-4.7376236234392435,0.1365,0.1681,0.2745,0.3501,0.0,1
31.71694444,76.73472222,31.75,76.75,2025-09-25,12,0.8039,0.0,0.0,55.23400115966797,20.51065444946289,1.124787072912242e-05,-7.890571594238281,0.1297,0.2268,0.4112,0.4725,0.0,1
22.509762747901387,82.04645028440099,22.5,82.0,2025-08-16,12,0.1267,1.5440276861190796,26.148487091064453,41.810516357421875,26.70876693725586,0.2214460040472408,-4.428903222084045,0.1494,0.2155,0.3848,0.4489,0.0,0
30.0864,78.5788,30.0,78.5,2025-09-09,12,0.7547,0.17084424197673798,17.191184997558594,94.744873046875,41.627384185791016,0.011760884435777656,-13.364137621862548,0.1898,0.3091,0.6024,0.6439,0.0,1
24.0,87.75,24.0,87.75,2025-10-21,12,0.0,0.0,0.0,0.0,0.0,0.0001,0.0,0.05,0.05,0.0,0.1042,0.0,0
26.93758333,88.13305556,27.0,88.25,2025-12-22,12,1.0,0.0,0.0,0.0,0.0,0.0001,0.0,0.05,0.05,0.0,0.1042,0.0,0
33.204841,75.347603,33.25,75.25,2025-09-01,12,0.8944,0.9256163835525513,18.200523376464844,261.7947082519531,132.2744140625,0.024107672085545134,-36.473627652440754,0.3096,0.4425,0.9128,0.9218,0.7395,1
11.3665,76.8167,11.25,76.75,2025-11-21,12,0.6801,0.0,2.9664804935455322,16.592391967773438,8.567397117614746,2.9670581980673298e-05,-2.3703417096819197,0.0863,0.1155,0.1523,0.2406,0.0,0
25.81035826719863,87.72514482159742,25.75,87.75,2025-08-14,12,0.0571,74.73601531982422,1.232047438621521,18.92268943786621,7.9453511238098145,20.181270484789334,72.03277397155762,0.4486,0.1362,0.2006,0.2838,0.0,0
30.165052,78.617504,30.25,78.5,2025-02-24,12,0.7335,0.0,3.820059061050415,3.820059061050415,2.759992837905884,6.469465610588302e-05,-0.5457227230072021,0.0622,0.0658,0.0367,0.1371,0.0,0
23.1351,92.748694,23.25,92.75,2025-05-31,12,1.0,58.45155715942383,51.10498046875,134.1341552734375,75.67455291748047,2.8990969572407543,39.28953497750419,0.4244,0.3514,0.701,0.7321,0.1071,1
25.739454,91.572107,25.75,91.5,2025-11-16,12,0.4632,0.0,0.0,0.0,0.0,0.0001,0.0,0.05,0.05,0.0,0.1042,0.0,0
22.903183489706578,82.85630734032125,23.0,82.75,2025-08-05,12,0.1197,17.789382934570312,33.134944915771484,41.58929443359375,30.37044906616211,2.5628357438320184,11.848055158342634,0.2493,0.215,0.3838,0.448,0.0,0
25.74203172202519,87.61334631194806,25.75,87.5,2025-07-25,12,0.0528,0.0,4.88248872756958,27.50813102722168,13.01487922668457,2.0285074246640777e-05,-3.929733003888811,0.1034,0.1695,0.278,0.3532,0.0,0
25.456896,91.826145,25.5,91.75,2025-01-02,12,0.5154,0.0,0.0,0.0,0.0,0.0001,0.0,0.05,0.05,0.0,0.1042,0.0,0
36.0,94.75,36.0,94.75,2025-02-17,12,0.0,0.0,0.0,0.0,0.0,0.0001,0.0,0.05,0.05,0.0,0.1042,0.0,0
23.4882513878414,80.98066201170005,23.5,81.0,2025-08-23,12,0.0414,7.33140754699707,23.754268646240234,35.70376205444336,24.025226593017578,1.2017806010522099,2.230870110648019,0.1473,0.1986,0.3456,0.4138,0.0,0
22.442187936677513,87.54369362228236,22.5,87.5,2025-07-09,12,0.027,43.933631896972656,22.116987228393555,63.40544509887695,33.46417236328125,4.368072992748031,34.875711168561665,0.3876,0.278,0.5303,0.5793,0.0,0
23.261573680675767,86.73043147015204,23.25,86.75,2025-08-13,12,0.027,0.0,7.441781044006348,61.59342956542969,28.458507537841797,1.0205059062286516e-05,-8.799061366489955,0.1546,0.2736,0.5201,0.5701,0.0,0
24.672796095781543,79.954580003684,24.75,80.0,2025-08-20,12,0.1391,0.0,0.0,9.896403312683105,3.550243616104126,4.1428935321078215e-05,-1.4137719018118722,0.0656,0.0966,0.1083,0.2012,0.0,0
22.0,94.0,22.0,94.0,2025-09-27,12,0.0002,0.0,0.0,0.0,0.0,0.0001,0.0,0.05,0.05,0.0,0.1042,0.0,0
33.193303,75.339613,33.25,75.25,2025-02-16,12,0.6662,0.0,1.8600575923919678,2.043884515762329,1.2382667064666748,7.740036914226292e-05,-0.2919835022517613,0.0555,0.0587,0.0202,0.1223,0.0,0
8.25,73.25,8.25,73.25,2025-02-07,12,0.0,0.0,0.0,0.0,0.0,0.0001,0.0,0.05,0.05,0.0,0.1042,0.0,0
18.71584,73.4609,18.75,73.5,2025-08-20,12,0.493,34.448265075683594,54.76236343383789,70.17373657226562,47.143959045410156,3.124619413807735,24.423445565359934,0.3512,0.2745,0.5221,0.5719,0.0,1
33.25676111,75.2038,33.25,75.25,2025-04-20,12,0.8791,14.507017135620117,16.975112915039062,36.83643341064453,18.63160514831543,2.316562093408861,9.24466950552804,0.2212,0.1754,0.2917,0.3655,0.0,1
24.19086173205994,87.01375649588445,24.25,87.0,2025-07-09,12,0.0612,14.57642936706543,21.674278259277344,95.26232147216797,46.412933349609375,0.9977839745915446,0.967526299612862,0.2218,0.3405,0.6756,0.7094,0.0312,0
11.0,96.75,11.0,96.75,2025-03-24,12,0.0,0.0,0.0,0.0,0.0,0.0001,0.0,0.05,0.05,0.0,0.1042,0.0,0
25.998905477120108,79.84585129537032,26.0,79.75,2025-07-24,12,0.1231,0.0,0.0,67.88168334960938,29.866519927978516,9.34808044754848e-06,-9.697383335658483,0.1587,0.2847,0.5459,0.5932,0.0,0
22.528622802155674,84.64807758580244,22.5,84.75,2025-07-10,12,0.0459,30.029451370239258,51.65501403808594,111.27194213867188,59.562904357910156,1.7773180670797708,14.133459636143275,0.3297,0.3651,0.7329,0.7607,0.2023,0
8.25,68.75,8.25,68.75,2025-03-06,12,0.0,0.0,0.0,0.0,0.0,0.0001,0.0,0.05,0.05,0.0,0.1042,0.0,0
23.10112,92.852784,23.0,92.75,2025-12-08,12,0.6896,0.0,0.0,0.0,0.0,0.0001,0.0,0.05,0.05,0.0,0.1042,0.0,0
30.087139,79.473153,30.0,79.5,2025-08-23,12,0.7605,2.6254043579101562,23.894840240478516,101.09667205810547,52.052425384521484,0.17001939241470856,-11.816977364676339,0.2131,0.319,0.6256,0.6646,0.0,1
22.75,96.75,22.75,96.75,2025-04-23,12,0.0,0.0,0.0,0.0,0.0,0.0001,0.0,0.05,0.05,0.0,0.1042,0.0,0
27.059755,93.522666,27.0,93.5,2025-08-26,12,0.5998,3.477806806564331,30.21904754638672,99.15940856933594,53.242713928222656,0.22932821474838597,-10.687822989055089,0.2156,0.3236,0.6363,0.6742,0.0,1
27.07980556,88.094,27.0,88.0,2025-03-17,12,0.7464,13.55475902557373,32.15666961669922,42.566795349121094,25.963077545166016,1.914265639138169,7.473788261413574,0.2124,0.1962,0.34,0.4087,0.0,0
30.0,95.5,30.0,95.5,2025-04-07,12,0.0,0.0,0.0,0.0,0.0,0.0001,0.0,0.05,0.05,0.0,0.1042,0.0,0
27.06844444,88.09144444,27.0,88.0,2025-03-01,12,0.7464,0.0,0.18940292298793793,95.4690933227539,38.47953796386719,6.831328133207563e-06,-13.638441903250557,0.182,0.3107,0.6062,0.6472,0.0,0
26.715979248467253,87.31731424753825,26.75,87.25,2025-08-12,12,0.0666,0.0,0.0,0.0,0.0,0.0001,0.0,0.05,0.05,0.0,0.1042,0.0,0
23.202738,92.736174,23.25,92.75,2025-07-01,12,0.8881,39.7066535949707,0.5415206551551819,49.990272521972656,23.749649047851562,4.877100299136701,32.565186091831755,0.3729,0.2104,0.3729,0.4382,0.0,1
23.907205410528043,81.56166965314443,24.0,81.5,2025-08-20,12,0.0614,0.0,0.6440796852111816,23.95155906677246,8.17897891998291,2.2615985142779882e-05,-3.4216512952532088,0.0848,0.156,0.2465,0.325,0.0,0
35.75,93.5,35.75,93.5,2025-12-20,12,0.0,0.0,0.0,0.0,0.0,0.0001,0.0,0.05,0.05,0.0,0.1042,0.0,0
25.69688611,91.64176667,25.75,91.75,2025-06-25,12,0.5873,14.140462875366211,14.945058822631836,35.00778579711914,19.61634063720703,2.3563236730832817,9.139350618634905,0.2179,0.1795,0.3012,0.374,0.0,1
25.995410728859774,83.08479035308027,26.0,83.0,2025-08-13,12,0.1171,1.9765574932098389,4.0405097007751465,81.75511169433594,34.94435119628906,0.1558964006503738,-9.702744177409581,0.1728,0.3141,0.6142,0.6544,0.0,0
33.16242778,74.82162778,33.25,74.75,2025-11-16,12,0.4974,0.0,0.0,0.0,0.0,0.0001,0.0,0.05,0.05,0.0,0.1042,0.0,0
23.203253,92.735838,23.25,92.75,2025-05-31,12,0.8914,58.45155715942383,51.10498046875,134.1341552734375,75.67455291748047,2.8990969572407543,39.28953497750419,0.4244,0.3569,0.7138,0.7436,0.1452,1
30.081207,78.436585,30.0,78.5,2025-06-25,12,0.7251,1.6107172966003418,0.0,8.48798942565918,3.3777236938476562,0.7280300086931709,0.3981473786490304,0.0736,0.0844,0.08,0.1758,0.0,1
30.46788889,77.38269444,30.5,77.5,2025-01-01,12,0.8741,0.0,0.0,0.0,0.0,0.0001,0.0,0.05,0.05,0.0,0.1042,0.0,1
24.771476057543783,84.66836280761294,24.75,84.75,2025-08-27,12,0.1093,0.21492336690425873,42.124481201171875,52.54936981201172,37.57282257080078,0.025275894154403025,-7.292129463383129,0.1797,0.2471,0.4585,0.5149,0.0,0
26.62154783526279,80.3038663938589,26.5,80.25,2025-08-10,12,0.068,14.60046100616455,43.16487121582031,183.63717651367188,91.42565155029297,0.5361175029563141,-11.633421352931432,0.2746,0.4307,0.8854,0.8973,0.6577,0
22.4642254326531,83.16800594690623,22.5,83.25,2025-08-06,12,0.0897,4.447983264923096,27.927412033081055,36.07624435424805,22.911821365356445,0.72282491942432,-0.7057659285409112,0.1375,0.1984,0.3451,0.4133,0.0,0
23.299312,92.692614,23.25,92.75,2025-01-12,12,0.8145,0.0,0.0,0.0,0.0,0.0001,0.0,0.05,0.05,0.0,0.1042,0.0,0
14.845902,74.185561,14.75,74.25,2025-08-26,12,0.561,4.778540134429932,31.861743927001953,254.8135223388672,110.68061828613281,0.12776452737118105,-31.62339162826538,0.2938,0.449,0.9278,0.9354,0.7845,1
34.5,83.5,34.5,83.5,2025-04-04,12,0.0,0.0,0.0,0.0,0.0,0.0001,0.0,0.05,0.05,0.0,0.1042,0.0,0
32.75,99.0,32.75,99.0,2025-05-24,12,0.0,0.0,0.0,0.0,0.0,0.0001,0.0,0.05,0.05,0.0,0.1042,0.0,0
32.98837778,74.92054722,33.0,75.0,2025-08-26,12,0.698,18.71971893310547,82.98553466796875,111.02809143066406,81.46533966064453,1.1102334278506685,2.8585630144391736,0.2623,0.3368,0.6671,0.7018,0.0059,1
23.308778,92.858357,23.25,92.75,2025-05-31,12,0.9337,58.45155715942383,51.10498046875,134.1341552734375,75.67455291748047,2.8990969572407543,39.28953497750419,0.4244,0.3548,0.7088,0.7392,0.1306,1
14.75,78.75,14.75,78.75,2025-08-25,12,0.0,0.0,0.9749544262886047,37.69721221923828,13.940139770507812,1.5660931974158125e-05,-5.385316031319754,0.1068,0.2065,0.3639,0.4301,0.0,0
25.001012735462904,83.13652671821329,25.0,83.25,2025-08-19,12,0.0272,4.776164531707764,0.0,52.7662239074707,23.598054885864258,0.5594104752830997,-2.761867455073765,0.1397,0.2507,0.4668,0.5224,0.0,0
11.48652778,76.68563889,11.5,76.75,2025-11-16,12,0.6111,0.47082576155662537,2.19378399848938,2.7330288887023926,1.8532710075378418,0.3386900797882933,0.08039306317056927,0.0583,0.0618,0.0274,0.1287,0.0,0
25.362536313368246,84.82191689255099,25.25,84.75,2025-07-16,12,0.0373,2.5763869285583496,7.548284530639648,12.846123695373535,8.953943252563477,0.9087622740209368,0.7412264006478446,0.0878,0.1109,0.1416,0.231,0.0,0
11.49063889,76.52758333,11.5,76.5,2025-05-26,12,0.8693,36.690799713134766,15.990582466125488,41.358802795410156,24.12933921813965,5.3110557570775985,30.782399313790457,0.3609,0.1884,0.3219,0.3925,0.0,1
23.309914,92.853522,23.25,92.75,2025-05-31,12,0.9104,58.45155715942383,51.10498046875,134.1341552734375,75.67455291748047,2.8990969572407543,39.28953497750419,0.4244,0.356,0.7116,0.7416,0.1387,1
22.71068561896729,78.11706610730904,22.75,78.0,2025-08-12,12,0.0584,3.0340800285339355,36.02989196777344,37.00341033935547,28.052326202392578,0.48267304820103285,-2.2521214485168457,0.1534,0.2024,0.3544,0.4216,0.0,0
23.353485,92.780193,23.25,92.75,2025-01-05,12,0.8145,0.0,0.0,0.0,0.0,0.0001,0.0,0.05,0.05,0.0,0.1042,0.0,0
26.16616,91.713803,26.25,91.75,2025-02-12,12,0.4187,0.0,0.0,0.0,0.0,0.0001,0.0,0.05,0.05,0.0,0.1042,0.0,0
23.246611,92.655112,23.25,92.75,2025-06-01,12,0.8672,99.3125228881836,87.32789611816406,173.41844177246094,108.7843017578125,3.853200112957625,74.53845977783203,0.4667,0.3957,0.804,0.8245,0.4149,1
25.42927246200746,78.17878484034819,25.5,78.25,2025-08-02,12,0.1126,12.341011047363281,74.4245834350586,199.50938415527344,107.16465759277344,0.41832373712658216,-16.16032954624721,0.2907,0.438,0.9024,0.9126,0.7085,0
22.260925288983806,78.10233856408757,22.25,78.0,2025-07-11,12,0.0211,4.551398754119873,208.96917724609375,297.76177978515625,206.2320098876953,0.10454227987938436,-37.98599835804531,0.3374,0.4677,0.9714,0.9744,0.9146,0
10.25,93.0,10.25,93.0,2025-10-05,12,0.0,0.0,0.0,0.0,0.0,0.0001,0.0,0.05,0.05,0.0,0.1042,0.0,0
22.83810781920292,80.62880701989326,22.75,80.75,2025-07-23,12,0.0232,17.815340042114258,11.28613567352295,66.6440658569336,33.18561935424805,1.6933893972810647,8.29475920540946,0.2495,0.2858,0.5485,0.5955,0.0,0
23.5266,93.192968,23.5,93.25,2025-06-14,12,0.8717,3.224508047103882,5.502952575683594,15.051791191101074,7.893542289733887,1.0236019439017785,1.0742521626608714,0.0959,0.1066,0.1317,0.2222,0.0,1
30.4525,79.428611,30.5,79.5,2025-01-23,12,0.5441,0.0,0.0,1.5318818092346191,0.6797041296958923,8.20452059289363e-05,-0.21884025846208846,0.0531,0.0568,0.0158,0.1183,0.0,0
12.83177222,75.71678889,12.75,75.75,2025-03-10,12,0.4391,0.0,0.0,0.0,0.0,0.0001,0.0,0.05,0.05,0.0,0.1042,0.0,0
22.7127812856747,86.38294117000763,22.75,86.5,2025-07-17,12,0.1064,0.19259022176265717,94.00060272216797,153.81402587890625,98.3685073852539,0.00838752431553624,-21.78084204665252,0.2822,0.4087,0.8342,0.8514,0.5048,0
11.3606,76.7813,11.25,76.75,2025-01-16,12,0.6801,0.0,1.3153929710388184,1.3153929710388184,1.1180840730667114,8.418122900961963e-05,-0.18791328157697404,0.055,0.0556,0.013,0.1158,0.0,0
36.5,81.5,36.5,81.5,2025-04-19,12,0.0,0.0,0.0,0.0,0.0,0.0001,0.0,0.05,0.05,0.0,0.1042,0.0,0
23.544052,93.155591,23.5,93.25,2025-06-14,12,0.8097,3.224508047103882,5.502952575683594,15.051791191101074,7.893542289733887,1.0236019439017785,1.0742521626608714,0.0959,0.1077,0.1342,0.2244,0.0,1
7.75,89.0,7.75,89.0,2025-05-05,12,0.0,0.0,0.0,0.0,0.0,0.0001,0.0,0.05,0.05,0.0,0.1042,0.0,0
35.75,79.5,35.75,79.5,2025-07-01,12,0.0,0.0,1.6064443588256836,1.6064443588256836,1.3654778003692627,8.13344013875101e-05,-0.22949205126081193,0.0561,0.0582,0.0191,0.1213,0.0,0
31.0,84.25,31.0,84.25,2025-02-17,12,0.0,0.0,0.0,0.0,0.0,0.0001,0.0,0.05,0.05,0.0,0.1042,0.0,0
29.5,97.0,29.5,97.0,2025-09-27,12,0.0,0.0,0.0,0.0,0.0,0.0001,0.0,0.05,0.05,0.0,0.1042,0.0,0
27.09227677,88.15417171,27.0,88.25,2025-09-07,12,1.0,4.916702747344971,12.434998512268066,41.088897705078125,22.38589096069336,0.7157082169463065,-0.9531397819519043,0.1359,0.1829,0.3091,0.3811,0.0,1
25.018721442816283,79.05265162480426,25.0,79.0,2025-08-26,12,0.0851,14.124415397644043,16.92051124572754,68.33300018310547,40.79230880737305,1.3124607747360326,4.362558228628975,0.2177,0.2873,0.5518,0.5985,0.0,0
23.113126,92.74564,23.0,92.75,2025-06-02,12,0.9244,40.5466194152832,255.6283721923828,365.3402099609375,247.51344299316406,0.7622787663378042,-11.644839150565012,0.376,0.4652,0.9656,0.9692,0.8974,1
24.958584844462003,79.92023369136345,25.0,80.0,2025-07-11,12,0.101,20.631305694580078,21.870176315307617,120.94058227539062,60.20061492919922,1.128803990833796,3.3540796552385608,0.2711,0.3755,0.757,0.7823,0.2743,0
25.43718430470434,81.25418280682608,25.5,81.25,2025-07-14,12,0.1469,3.0640153884887695,14.383674621582031,22.881309509277344,14.479412078857422,0.7178001256190633,-0.2047431128365651,0.1088,0.1499,0.2324,0.3124,0.0,0
8.0,70.5,8.0,70.5,2025-06-22,12,0.0,0.0,0.0,0.0,0.0,0.0001,0.0,0.05,0.05,0.0,0.1042,0.0,0
24.529046112961648,83.60348674350324,24.5,83.5,2025-08-18,12,0.0661,0.0,8.162152290344238,22.708881378173828,12.504779815673828,2.3561977682346123e-05,-3.2441259111676897,0.1015,0.1511,0.2351,0.3148,0.0,0
25.11083462086804,83.85220329390955,25.0,83.75,2025-08-02,12,0.1383,9.186338424682617,11.059348106384277,47.609928131103516,21.72376251220703,1.177534400309032,2.384920120239258,0.1682,0.2323,0.424,0.484,0.0,0
32.32277778,77.155,32.25,77.25,2025-06-28,12,0.7285,1.273051142692566,9.594989776611328,17.25238609313965,11.362287521362305,0.36747138877889396,-1.1915754420416698,0.0972,0.117,0.1558,0.2437,0.0,1
11.3157,76.7068,11.25,76.75,2025-10-18,12,0.8748,1.071923017501831,38.433467864990234,55.271934509277344,34.683441162109375,0.12050631125639495,-6.824067626680646,0.1721,0.2239,0.4044,0.4665,0.0,1
25.495137070210475,80.52911805556288,25.5,80.5,2025-07-12,12,0.0724,25.498878479003906,6.206696510314941,67.59693908691406,29.540699005126953,2.3927637184290167,15.84217289515904,0.3039,0.2861,0.5491,0.5961,0.0,0
23.504006,92.699247,23.5,92.75,2025-08-01,12,1.0,0.19309088587760925,27.460439682006836,61.78135299682617,36.67927932739258,0.019661378298354595,-8.632816685097557,0.1774,0.2334,0.4265,0.4863,0.0,1
30.1631,78.617,30.25,78.5,2025-12-19,12,0.7335,0.0,0.0,0.0,0.0,0.0001,0.0,0.05,0.05,0.0,0.1042,0.0,0
23.626952117806198,79.50736993031168,23.75,79.5,2025-07-05,12,0.0746,7.7237138748168945,13.584236145019531,64.58073425292969,28.377639770507812,0.7553247069619909,-1.5021053041730603,0.1543,0.279,0.5326,0.5813,0.0,0
33.159591,74.271341,33.25,74.25,2025-12-09,12,0.381,0.0,0.0,0.0,0.0,0.0001,0.0,0.05,0.05,0.0,0.1042,0.0,0
26.270077652277298,85.71549935287817,26.25,85.75,2025-07-25,12,0.1007,0.0,25.731239318847656,69.44939422607422,38.38885498046875,9.156383867869217e-06,-9.921342032296318,0.1818,0.2892,0.5562,0.6024,0.0,0
25.49551944,91.49585278,25.5,91.5,2025-07-02,12,0.593,8.79403018951416,22.263830184936523,39.90850067138672,25.729690551757812,1.3123188856076329,3.0928158078874857,0.1639,0.194,0.335,0.4042,0.0,1
23.092076,92.752286,23.0,92.75,2025-09-13,12,0.7856,54.93779373168945,59.591880798339844,118.08342742919922,66.90628051757812,3.0744700878899494,38.06873267037528,0.4171,0.3423,0.6798,0.7131,0.0438,1
11.25,75.25,11.25,75.25,2025-06-22,12,0.0132,0.0,0.0,0.0,0.0,0.0001,0.0,0.05,0.05,0.0,0.1042,0.0,0
23.663282999104457,83.03209416751542,23.75,83.0,2025-07-24,12,0.0209,0.3659745454788208,32.24818420410156,115.58402252197266,49.05188751220703,0.02090420729905828,-16.146028671945846,0.2068,0.3718,0.7484,0.7746,0.2486,0
23.548458555525947,80.01794948252457,23.5,80.0,2025-07-07,12,0.1189,18.858976364135742,142.9056854248047,153.51231384277344,123.55089569091797,0.8224511340498234,-3.0713541848318933,0.3038,0.408,0.8326,0.85,0.5001,0
33.03997778,74.58563056,33.0,74.5,2025-01-17,12,0.4111,0.0,0.0,0.0,0.0,0.0001,0.0,0.05,0.05,0.0,0.1042,0.0,0
14.0,67.25,14.0,67.25,2025-05-17,12,0.0,0.0,0.0,0.0,0.0,0.0001,0.0,0.05,0.05,0.0,0.1042,0.0,0
25.5,85.75,25.5,85.75,2025-05-22,12,0.0,0.0,0.2962668240070343,0.2962668240070343,0.25182679295539856,9.593947382746171e-05,-0.0423238320010049,0.0511,0.0515,0.0035,0.1073,0.0,0
11.48583333,76.68605556,11.5,76.75,2025-03-20,12,0.6111,0.0,23.379011154174805,57.28562927246094,31.792421340942383,1.0888903288683685e-05,-8.183661324637276,0.1642,0.2398,0.4414,0.4996,0.0,0
29.25,78.0,29.25,78.0,2025-11-24,12,0.0047,0.0,0.0,0.0,0.0,0.0001,0.0,0.05,0.05,0.0,0.1042,0.0,0
25.65977222,91.63440556,25.75,91.75,2025-11-13,12,0.4898,0.0,0.0,4.374866485595703,1.649978756904602,6.15391838564812e-05,-0.6249809265136719,0.0574,0.0694,0.045,0.1445,0.0,0
26.25,69.0,26.25,69.0,2025-02-22,12,0.0,0.0,0.0,0.0,0.0,0.0001,0.0,0.05,0.05,0.0,0.1042,0.0,0
12.836475,74.893236,12.75,75.0,2025-07-27,12,0.4452,29.14780616760254,181.28472900390625,324.958740234375,197.32073974609375,0.6146406719978554,-17.274871008736746,0.3354,0.4666,0.9687,0.972,0.9067,1
23.105869,92.746616,23.0,92.75,2025-08-25,12,0.8344,0.7306886911392212,11.73549747467041,37.539241790771484,19.271106719970703,0.11485424161473899,-4.632060136113848,0.1256,0.1789,0.2999,0.3728,0.0,1
23.223594,92.914767,23.25,93.0,2025-05-31,12,0.8128,57.51850509643555,57.59139633178711,152.9855194091797,86.28556060791016,2.516666740602191,35.663430895124165,0.4226,0.3804,0.7684,0.7925,0.3084,1
23.225227,92.912496,23.25,93.0,2025-05-31,12,0.9201,57.51850509643555,57.59139633178711,152.9855194091797,86.28556060791016,2.516666740602191,35.663430895124165,0.4226,0.3754,0.7567,0.7821,0.2735,1
23.33998633442189,87.12208236781525,23.25,87.0,2025-07-18,12,0.1137,12.722227096557617,65.11631774902344,113.90623474121094,62.73567199707031,0.7365731789309327,-3.550092152186803,0.2335,0.366,0.735,0.7626,0.2087,0
24.211677290251078,84.68670884897892,24.25,84.75,2025-07-03,12,0.1087,1.7029285430908203,65.74958801269531,114.8024673461914,69.3200912475586,0.0978732209730438,-14.697423934936523,0.2446,0.3674,0.7382,0.7655,0.2182,0
23.043269,92.77264,23.0,92.75,2025-01-04,12,0.6896,0.0,0.0,0.0,0.0,0.0001,0.0,0.05,0.05,0.0,0.1042,0.0,0
20.75,99.5,20.75,99.5,2025-09-13,12,0.0,0.0,0.0,0.0,0.0,0.0001,0.0,0.05,0.05,0.0,0.1042,0.0,0
18.386385,73.774554,18.5,73.75,2025-01-01,12,0.5491,0.0,0.0,0.0,0.0,0.0001,0.0,0.05,0.05,0.0,0.1042,0.0,1
25.76559423589837,85.2745239128612,25.75,85.25,2025-08-20,12,0.0446,0.22194266319274902,0.5524498820304871,47.338016510009766,20.142173767089844,0.02860425797954773,-6.540631123951504,0.1285,0.2348,0.4298,0.4892,0.0,0
22.31553184557773,81.24609168510162,22.25,81.25,2025-08-08,12,0.0638,0.0,0.27244672179222107,6.517129898071289,2.2894489765167236,5.1786141383451565e-05,-0.931018556867327,0.0602,0.0819,0.0741,0.1705,0.0,0
23.297521,92.689449,23.25,92.75,2025-01-01,12,0.8145,0.0,0.0,0.0,0.0,0.0001,0.0,0.05,0.05,0.0,0.1042,0.0,0
26.287938378812008,78.58590887710136,26.25,78.5,2025-07-09,12,0.0763,0.0,65.68762969970703,140.7652587890625,68.49114990234375,4.737243420655882e-06,-20.109322684151785,0.2433,0.398,0.8093,0.8291,0.4305,0
32.44311,75.532,32.5,75.5,2025-11-04,12,0.5616,0.0,0.0,0.0,0.0,0.0001,0.0,0.05,0.05,0.0,0.1042,0.0,0
31.5,91.75,31.5,91.75,2025-01-01,12,0.0,0.0,0.0,0.0,0.0,0.0001,0.0,0.05,0.05,0.0,0.1042,0.0,0
25.38772902591888,83.46928875985476,25.5,83.5,2025-08-15,12,0.1399,13.261298179626465,26.79351234436035,51.429962158203125,32.714664459228516,1.588736049598017,5.91416072845459,0.2097,0.243,0.4488,0.5062,0.0,0
23.241722,93.098254,23.25,93.0,2025-05-30,12,0.9397,28.309242248535156,86.51319122314453,137.21853637695312,77.22393798828125,1.3740632842215832,8.706594194684708,0.3204,0.358,0.7163,0.7458,0.1528,1
23.66323817667073,78.8462719552009,23.75,78.75,2025-08-09,12,0.0872,0.0,2.4554429054260254,6.186803340911865,3.185953140258789,5.308337296790195e-05,-0.883829048701695,0.064,0.0801,0.07,0.1669,0.0,0
30.25,67.5,30.25,67.5,2025-01-06,12,0.0,0.0,0.0,0.0,0.0,0.0001,0.0,0.05,0.05,0.0,0.1042,0.0,0
28.25,90.5,28.25,90.5,2025-08-23,12,0.0,0.0,0.0,0.0,0.0,0.0001,0.0,0.05,0.05,0.0,0.1042,0.0,0
18.4095,73.85817,18.5,73.75,2025-08-19,12,0.6055,1.01162588596344,3.015787363052368,3.353762149810791,2.6677908897399902,0.6840104204898604,0.5325170074190413,0.065,0.0644,0.0336,0.1342,0.0,1
31.75,89.5,31.75,89.5,2025-02-20,12,0.0,0.0,0.0,0.0,0.0,0.0001,0.0,0.05,0.05,0.0,0.1042,0.0,0
24.75,96.5,24.75,96.5,2025-06-15,12,0.0,0.0,0.0,0.0,0.0,0.0001,0.0,0.05,0.05,0.0,0.1042,0.0,0
31.68611111,77.2625,31.75,77.25,2025-06-01,12,0.8642,0.5452247858047485,15.300046920776367,23.789920806884766,14.464506149291992,0.1239780226969496,-2.8533353294645036,0.1087,0.1362,0.2005,0.2838,0.0,1
18.0,86.0,18.0,86.0,2025-11-13,12,0.0,0.0,0.0,0.0,0.0,0.0001,0.0,0.05,0.05,0.0,0.1042,0.0,0
33.37561,74.427921,33.5,74.5,2025-12-18,12,0.4169,0.0,0.0,0.0,0.0,0.0001,0.0,0.05,0.05,0.0,0.1042,0.0,0
33.653046,74.25295,33.75,74.25,2025-07-30,12,0.6168,1.4895658493041992,2.4029183387756348,28.852317810058594,10.74244213104248,0.2908503991394344,-2.632193837847028,0.0948,0.1592,0.2539,0.3316,0.0,1
33.0,94.0,33.0,94.0,2025-05-16,12,0.0,0.0,0.0,0.0,0.0,0.0001,0.0,0.05,0.05,0.0,0.1042,0.0,0
27.00427778,88.11769444,27.0,88.0,2025-02-12,12,0.7464,3.502915620803833,0.0,2.4368107318878174,1.081225872039795,2.5984530200195537,3.1547998019627164,0.0996,0.0601,0.0235,0.1252,0.0,0
24.48556,92.212277,24.5,92.25,2025-07-01,12,0.4932,4.687758445739746,27.6168212890625,123.5665512084961,56.88340759277344,0.25132783868800634,-12.964606012616837,0.2228,0.3628,0.7275,0.7558,0.1862,1
19.09576,73.74714,19.0,73.75,2025-01-01,12,0.3987,0.0,0.0,0.0,0.0,0.0001,0.0,0.05,0.05,0.0,0.1042,0.0,0
23.160261,92.74337,23.25,92.75,2025-01-19,12,0.8145,0.0,0.0,0.0,0.0,0.0001,0.0,0.05,0.05,0.0,0.1042,0.0,0
25.53409722505072,82.89290157503763,25.5,83.0,2025-07-07,12,0.022,9.818477630615234,0.45537126064300537,49.306884765625,20.48912811279297,1.2206330309409321,2.774636949811663,0.1751,0.2413,0.4448,0.5026,0.0,0
27.06844444,88.09144444,27.0,88.0,2025-07-24,12,0.9504,23.81267547607422,43.38188552856445,88.81502532958984,45.88671875,1.7397003002309084,11.124814714704241,0.2931,0.2892,0.5563,0.6025,0.0,1
27.105933,88.217583,27.0,88.25,2025-09-25,12,1.0,0.0,6.944808006286621,80.02339935302734,35.05390167236328,8.043813562836288e-06,-11.43191419328962,0.1731,0.2707,0.5134,0.564,0.0,1
23.195661,92.73562,23.25,92.75,2025-06-01,12,1.0,99.3125228881836,87.32789611816406,173.41844177246094,108.7843017578125,3.853200112957625,74.53845977783203,0.4667,0.3897,0.79,0.8119,0.373,1
22.75,89.25,22.75,89.25,2025-05-06,12,0.0,0.0,0.0,0.0,0.0,0.0001,0.0,0.05,0.05,0.0,0.1042,0.0,0
11.51527778,76.89536111,11.5,77.0,2025-05-30,12,0.7237,56.93052673339844,239.3846435546875,340.5531005859375,216.52920532226562,1.1466287783418887,8.280083792550222,0.4214,0.4649,0.9648,0.9685,0.8949,1
36.75,85.0,36.75,85.0,2025-08-06,12,0.0,0.0,0.0,0.0,0.0,0.0001,0.0,0.05,0.05,0.0,0.1042,0.0,0
26.123131764004466,84.08350046531679,26.0,84.0,2025-08-06,12,0.1427,29.52745819091797,43.891204833984375,76.13267517089844,46.95191955566406,2.4863016486781007,18.651361737932476,0.327,0.3018,0.5856,0.6288,0.0,0
24.25,92.75,24.25,92.75,2025-08-03,12,0.325,9.330473899841309,75.49043273925781,128.81027221679688,73.7257080078125,0.4809210395707549,-9.070993559701101,0.2514,0.3761,0.7583,0.7835,0.2783,0
15.0,85.25,15.0,85.25,2025-11-22,12,0.0,0.0,0.0,0.0,0.0,0.0001,0.0,0.05,0.05,0.0,0.1042,0.0,0
24.0,92.75,24.0,92.75,2025-06-21,12,0.5339,6.442358493804932,35.818145751953125,188.97357177734375,92.41767883300781,0.23011883208350112,-20.553866045815603,0.2757,0.4197,0.8598,0.8744,0.5815,0
26.775302557424943,86.21198282550226,26.75,86.25,2025-08-25,12,0.1027,0.0,5.133306503295898,10.071014404296875,5.215181827545166,4.100517892034617e-05,-1.4387163434709822,0.0726,0.0978,0.1111,0.2037,0.0,0
11.3375,76.7769,11.25,76.75,2025-02-25,12,0.6801,0.0,0.0,0.0,0.0,0.0001,0.0,0.05,0.05,0.0,0.1042,0.0,0
18.63087,73.41815,18.75,73.5,2025-08-21,12,0.4767,162.0554656982422,77.45672607421875,103.33895111083984,69.00377655029297,10.280947466576484,147.29275839669364,0.4785,0.3358,0.6646,0.6995,0.0,1
25.619397,91.61704,25.5,91.5,2025-01-24,12,0.4863,0.0,0.0,0.0,0.0,0.0001,0.0,0.05,0.05,0.0,0.1042,0.0,0
24.39291866216387,84.99106205399698,24.5,85.0,2025-08-26,12,0.0685,13.944503784179688,41.91347885131836,47.63570022583008,34.737308502197266,1.7866015459816464,7.139403751918247,0.2161,0.2348,0.4298,0.4892,0.0,0
30.756171,78.57631,30.75,78.5,2025-02-23,12,0.698,0.0,20.234628677368164,20.234628677368164,17.14573860168457,2.5702571835748816e-05,-2.8906612396240234,0.1183,0.1281,0.1816,0.2669,0.0,0
25.641577552468675,85.98771829114628,25.75,86.0,2025-08-14,12,0.0991,34.98516082763672,0.4022131562232971,15.755990982055664,7.37614631652832,10.76186161202874,32.73430497305734,0.3536,0.1224,0.1684,0.255,0.0,0
24.318902986804613,82.15078129007799,24.25,82.25,2025-07-07,12,0.1445,5.057611465454102,62.88982009887695,154.46731567382812,81.75849914550781,0.2192640666034015,-17.009147916521346,0.2627,0.408,0.8325,0.8499,0.4998,0
34.75,98.25,34.75,98.25,2025-10-05,12,0.0,0.0,0.0,0.0,0.0,0.0001,0.0,0.05,0.05,0.0,0.1042,0.0,0
23.4672,92.7193,23.5,92.75,2025-02-24,12,0.8923,0.0,0.0,0.0,0.0,0.0001,0.0,0.05,0.05,0.0,0.1042,0.0,0
23.0,92.0,23.0,92.0,2025-09-20,12,0.0328,0.0,0.0,0.0,0.0,0.0001,0.0,0.05,0.05,0.0,0.1042,0.0,0
23.121323,92.741086,23.0,92.75,2025-09-01,12,0.9246,25.21285629272461,33.8304443359375,63.63282012939453,40.634788513183594,2.4987066030459113,16.12245341709682,0.3021,0.2409,0.4441,0.502,0.0,1
24.712729016977114,85.91699988453351,24.75,86.0,2025-07-17,12,0.0997,90.90491485595703,30.715438842773438,38.21790313720703,27.95772361755371,14.072636275521988,85.4452144077846,0.4621,0.205,0.3606,0.4272,0.0,0
21.75,70.75,21.75,70.75,2025-07-23,12,0.0,2.103158712387085,28.74569320678711,28.74569320678711,23.586620330810547,0.41187649940200755,-2.003368888582502,0.1397,0.1754,0.2917,0.3655,0.0,0
26.604972605482878,84.94595427253286,26.5,85.0,2025-07-25,12,0.0556,0.0,31.0377197265625,55.496116638183594,31.321292877197266,1.1200695941678993e-05,-7.928016662597656,0.1628,0.257,0.4814,0.5355,0.0,0
38.5,87.5,38.5,87.5,2025-11-17,12,0.0,0.0,0.0,0.0,0.0,0.0001,0.0,0.05,0.05,0.0,0.1042,0.0,0
31.0,87.75,31.0,87.75,2025-08-07,12,0.0,0.0,0.0,0.0,0.0,0.0001,0.0,0.05,0.05,0.0,0.1042,0.0,0
22.793307,92.819831,22.75,92.75,2025-05-31,12,0.6927,55.93308639526367,77.14723205566406,181.53414916992188,103.7266616821289,2.076718231103936,29.999636513846262,0.4193,0.409,0.8349,0.8521,0.507,1
32.25,72.0,32.25,72.0,2025-09-02,12,0.0,0.0,0.0,0.0,0.0,0.0001,0.0,0.05,0.05,0.0,0.1042,0.0,0
26.079734694843086,86.61369996363436,26.0,86.5,2025-07-12,12,0.1395,0.0,8.766339302062988,12.937301635742188,8.951956748962402,3.511006718908688e-05,-1.8481859479631697,0.0878,0.1098,0.1391,0.2288,0.0,0
30.11963889,78.36477778,30.0,78.25,2025-12-16,12,0.5394,0.0,0.0,0.0,0.0,0.0001,0.0,0.05,0.05,0.0,0.1042,0.0,0
23.74247,92.705587,23.75,92.75,2025-05-31,12,1.0,58.55056381225586,40.23189926147461,110.89724731445312,63.86487579345703,3.4763716373515923,42.70809991019112,0.4246,0.3215,0.6314,0.6698,0.0,1
23.135979,92.747589,23.25,92.75,2025-02-16,12,0.8145,0.0,0.0,0.0,0.0,0.0001,0.0,0.05,0.05,0.0,0.1042,0.0,0
15.5,79.75,15.5,79.75,2025-08-07,12,0.0,0.0,8.801813125610352,9.101431846618652,6.6557393074035645,4.3474394492872516e-05,-1.3002045495169503,0.0786,0.0945,0.1035,0.1969,0.0,0
18.60092,73.41089,18.5,73.5,2025-07-17,12,0.5988,32.82975769042969,30.034305572509766,60.11013412475586,36.098114013671875,3.4243561994049863,24.242595672607422,0.3437,0.2471,0.4585,0.5149,0.0,1
14.25,72.5,14.25,72.5,2025-04-12,12,0.0,0.0,0.0,0.0,0.0,0.0001,0.0,0.05,0.05,0.0,0.1042,0.0,0
30.165466,78.617671,30.25,78.5,2025-12-25,12,0.7335,0.0,0.0,0.0,0.0,0.0001,0.0,0.05,0.05,0.0,0.1042,0.0,0
26.071919603345407,81.82123494459974,26.0,81.75,2025-07-01,12,0.0456,3.5577826499938965,17.25509262084961,27.133262634277344,17.994884490966797,0.7296454141171659,-0.31839772633143815,0.1212,0.1683,0.2752,0.3507,0.0,0
12.794125,74.914879,12.75,75.0,2025-08-01,12,0.47,12.4268798828125,33.67151641845703,278.6074523925781,125.7260513305664,0.3045748927451587,-27.37418474469866,0.3053,0.4575,0.9477,0.9531,0.8438,1
26.2179347279677,79.78250143957963,26.25,79.75,2025-08-08,12,0.0643,2.224778652191162,41.453880310058594,45.03731918334961,30.650806427001953,0.29928810341792933,-4.2091240882873535,0.1609,0.2273,0.4124,0.4736,0.0,0
26.985109022808487,82.55866500180433,27.0,82.5,2025-08-20,12,0.1067,8.68043327331543,1.154394507408142,56.416351318359375,22.207761764526367,0.9581713808819615,0.6209545135498047,0.1627,0.2575,0.4826,0.5365,0.0,0
18.71404,73.45972,18.75,73.5,2025-11-02,12,0.4188,4.09616231918335,2.311122179031372,21.659244537353516,11.05560302734375,1.000509144506964,1.0019845281328474,0.1074,0.1393,0.2076,0.2901,0.0,0
30.399273,78.199711,30.5,78.25,2025-12-16,12,0.7248,0.0,0.0,0.0,0.0,0.0001,0.0,0.05,0.05,0.0,0.1042,0.0,0
23.514654528202147,81.25295134023031,23.5,81.25,2025-07-16,12,0.1262,2.226064920425415,28.824914932250977,84.74124908447266,41.67159652709961,0.16985984601789533,-9.879827805927821,0.1899,0.3194,0.6265,0.6654,0.0,0
25.65977222,91.63440556,25.75,91.75,2025-05-30,12,0.5572,3.4502739906311035,17.7239933013916,45.65434646606445,24.102140426635742,0.4587013144296455,-3.0717755045209616,0.1413,0.2117,0.376,0.441,0.0,1
27.296928,93.088111,27.25,93.0,2025-02-10,12,0.4062,0.0,4.163312911987305,4.163312911987305,2.8656368255615234,6.270539986819963e-05,-0.5947589874267578,0.0627,0.0689,0.0439,0.1435,0.0,0
25.895512931978935,84.09697425152616,26.0,84.0,2025-07-15,12,0.129,4.297937870025635,0.9536901116371155,1.2487900257110596,0.9120646715164185,3.6473549449558154,4.119539294924055,0.1101,0.0562,0.0144,0.1171,0.0,0
24.9881621993445,85.38930455349472,25.0,85.5,2025-08-01,12,0.0904,0.6985217928886414,48.7464599609375,71.05601501464844,46.503475189208984,0.06265183470233188,-9.452337494918279,0.2012,0.2931,0.5654,0.6107,0.0,0
20.25,90.0,20.25,90.0,2025-12-26,12,0.0,0.0,0.0,0.0,0.0,0.0001,0.0,0.05,0.05,0.0,0.1042,0.0,0
20.5,79.75,20.5,79.75,2025-04-16,12,0.0,0.0,0.0,0.45323729515075684,0.22251105308532715,9.39189203670512e-05,-0.06474818502153669,0.051,0.0523,0.0054,0.109,0.0,0
26.204624472949256,79.46221488460527,26.25,79.5,2025-08-19,12,0.0816,0.0,0.0,11.60931396484375,5.093719482421875,3.761557257416488e-05,-1.6584734235491072,0.0721,0.1049,0.1276,0.2184,0.0,0
25.782388394202062,79.10579187068659,25.75,79.0,2025-08-24,12,0.0922,0.0,2.7298426628112793,3.7479472160339355,2.3816776275634766,6.512871583103148e-05,-0.5354210308619908,0.0606,0.0685,0.043,0.1427,0.0,0
24.033017,92.26034,24.0,92.25,2025-07-01,12,0.5487,60.97362518310547,12.17318058013916,81.0511474609375,41.246238708496094,4.847365293803678,49.39488983154297,0.4291,0.2942,0.5679,0.613,0.0,1
31.3593204,76.806473,31.25,76.75,2025-02-04,12,0.7752,0.0,0.0,0.0,0.0,0.0001,0.0,0.05,0.05,0.0,0.1042,0.0,0
32.24875,75.64785,32.25,75.75,2025-07-16,12,0.6897,6.3472185134887695,102.49530029296875,121.65375518798828,73.38866424560547,0.3453550930518792,-11.031889370509557,0.2509,0.3515,0.7012,0.7324,0.1079,1
30.71638889,77.22888889,30.75,77.25,2025-09-03,12,0.9654,26.554590225219727,151.10804748535156,285.8114013671875,186.72216796875,0.6348210169024113,-14.275609970092773,0.3327,0.4481,0.9259,0.9336,0.7786,1
17.5,96.0,17.5,96.0,2025-03-15,12,0.0,0.0,0.0,0.0,0.0,0.0001,0.0,0.05,0.05,0.0,0.1042,0.0,0
24.0,85.0,24.0,85.0,2025-10-25,12,0.0,0.0,0.0,0.0,0.0,0.0001,0.0,0.05,0.05,0.0,0.1042,0.0,0
14.5,73.75,14.5,73.75,2025-11-12,12,0.0142,0.0,0.0,0.0,0.0,0.0001,0.0,0.05,0.05,0.0,0.1042,0.0,0
34.75,81.75,34.75,81.75,2025-10-06,12,0.0,0.0,0.0,0.0,0.0,0.0001,0.0,0.05,0.05,0.0,0.1042,0.0,0
23.2034,92.7379,23.25,92.75,2025-03-17,12,0.8145,0.0,0.0,0.0,0.0,0.0001,0.0,0.05,0.05,0.0,0.1042,0.0,0
24.2990021188466,78.58163795505476,24.25,78.5,2025-07-18,12,0.0275,1.8686968088150024,38.445465087890625,250.43539428710938,116.85139465332031,0.05081499262341354,-33.90778808934348,0.2988,0.4583,0.9494,0.9547,0.849,0
11.28088889,76.64761111,11.25,76.75,2025-05-26,12,0.886,72.75859069824219,36.22083282470703,72.1576156616211,46.170509338378906,6.434135624610916,62.45035988943917,0.4463,0.2609,0.4904,0.5435,0.0,1
25.36194906399352,79.69872594404477,25.25,79.75,2025-08-19,12,0.063,0.4726959466934204,0.0,13.290018081665039,5.030980587005615,0.16311329115298417,-1.4258780649730138,0.0719,0.1125,0.1453,0.2343,0.0,0
24.352076,92.225188,24.25,92.25,2025-01-08,12,0.4242,0.0,0.0,0.0,0.0,0.0001,0.0,0.05,0.05,0.0,0.1042,0.0,0
33.5,98.5,33.5,98.5,2025-08-24,12,0.0,0.0,0.0,0.0,0.0,0.0001,0.0,0.05,0.05,0.0,0.1042,0.0,0
31.3593204,76.806473,31.25,76.75,2025-08-05,12,0.9681,0.637284517288208,69.00655364990234,93.59042358398438,59.55738067626953,0.04435503363093333,-12.73277599470956,0.2278,0.2964,0.5731,0.6176,0.0,1
27.105007,88.234628,27.0,88.25,2025-06-11,12,1.0,0.0,2.873751640319824,11.314949989318848,5.611955642700195,3.822014258342147e-05,-1.6164214270455497,0.0743,0.0916,0.0968,0.1909,0.0,1
33.16242778,74.82162778,33.25,74.75,2025-09-01,12,0.6222,1.1242313385009766,69.57640075683594,547.298095703125,273.4383239746094,0.014198712625060287,-77.06121090480259,0.346,0.4783,0.9961,0.9965,0.9883,1
30.75,97.25,30.75,97.25,2025-07-11,12,0.0,0.0,0.0,0.0,0.0,0.0001,0.0,0.05,0.05,0.0,0.1042,0.0,0
23.315273,92.856524,23.25,92.75,2025-11-21,12,0.8145,0.0,0.0,0.0,0.0,0.0001,0.0,0.05,0.05,0.0,0.1042,0.0,0
23.854451561192125,85.30466701144371,23.75,85.25,2025-08-15,12,0.0564,6.2792439460754395,3.0250179767608643,42.11417007446289,17.521778106689453,0.8949638679812054,0.2629339354378839,0.1348,0.2187,0.3924,0.4557,0.0,0
23.059168,92.771186,23.0,92.75,2025-08-06,12,0.9168,15.756125450134277,64.706298828125,108.37200927734375,62.76461410522461,0.9559821211556112,0.2744098390851697,0.2336,0.3222,0.633,0.6712,0.0,1
23.295774,92.740012,23.25,92.75,2025-01-21,12,0.8145,0.0,0.0,0.0,0.0,0.0001,0.0,0.05,0.05,0.0,0.1042,0.0,0
27.08242577,88.44852891,27.0,88.5,2025-02-06,12,1.0,0.0,0.0,0.0,0.0,0.0001,0.0,0.05,0.05,0.0,0.1042,0.0,0
23.11889193135488,87.32536085802224,23.0,87.25,2025-07-16,12,0.102,32.51790237426758,46.69683074951172,130.79400634765625,70.6268310546875,1.6519297366648111,13.833044324602401,0.3422,0.3868,0.7834,0.8059,0.3531,0
31.5,71.5,31.5,71.5,2025-10-05,12,0.0,0.0,0.0,0.0,0.0,0.0001,0.0,0.05,0.05,0.0,0.1042,0.0,0
32.553589,75.817359,32.5,75.75,2025-08-26,12,0.824,149.03640747070312,163.79820251464844,207.31297302246094,146.406982421875,4.867906676772125,119.42026846749442,0.4777,0.4203,0.8613,0.8757,0.5858,1
23.015005,92.765065,23.0,92.75,2025-11-08,12,0.6896,0.4292359948158264,56.73036193847656,60.20172119140625,43.1630973815918,0.0447213540134015,-8.171009889670781,0.1935,0.2435,0.45,0.5073,0.0,0
23.318568,92.852294,23.25,92.75,2025-03-15,12,0.8145,0.0,0.0,0.0,0.0,0.0001,0.0,0.05,0.05,0.0,0.1042,0.0,0
7.25,99.5,7.25,99.5,2025-11-15,12,0.0,0.0,0.0,0.0,0.0,0.0001,0.0,0.05,0.05,0.0,0.1042,0.0,0
30.7425,78.4927,30.75,78.5,2025-06-29,12,0.7964,25.183433532714844,12.3524751663208,19.715805053710938,12.525665283203125,6.598518531430788,22.36688995361328,0.3019,0.1242,0.1726,0.2588,0.0,1
23.200105,92.584517,23.25,92.5,2025-12-01,12,0.6729,0.0,0.0,0.0,0.0,0.0001,0.0,0.05,0.05,0.0,0.1042,0.0,0
23.5,83.25,23.5,83.25,2025-10-21,12,0.0,0.0,0.0,0.0,0.0,0.0001,0.0,0.05,0.05,0.0,0.1042,0.0,0
22.80681400527692,78.8355433751069,22.75,78.75,2025-07-11,12,0.1152,42.035789489746094,181.0830078125,298.79278564453125,183.88246154785156,0.962256927703569,-0.6488941737583716,0.3813,0.4668,0.9693,0.9725,0.9082,0
18.0,72.0,18.0,72.0,2025-05-13,12,0.0001,0.0,0.0,0.0,0.0,0.0001,0.0,0.05,0.05,0.0,0.1042,0.0,0
23.121323,92.741086,23.0,92.75,2025-03-15,12,0.6896,0.0,0.0,0.0,0.0,0.0001,0.0,0.05,0.05,0.0,0.1042,0.0,0
23.125686,92.740507,23.25,92.75,2025-01-05,12,0.8145,0.0,0.0,0.0,0.0,0.0001,0.0,0.05,0.05,0.0,0.1042,0.0,0
25.68690556,91.64915278,25.75,91.75,2025-05-28,12,0.572,10.803129196166992,23.06815528869629,133.47171020507812,55.2513427734375,0.5383475737767102,-8.264257975987025,0.2196,0.371,0.7466,0.773,0.2432,1
24.863924,93.617853,24.75,93.5,2025-06-05,12,0.6845,16.616817474365234,85.3095932006836,192.76632690429688,105.314208984375,0.5822724185957623,-10.921229226248606,0.289,0.4168,0.853,0.8683,0.561,1
23.75,77.75,23.75,77.75,2025-02-12,12,0.0,0.0,0.0,0.0,0.0,0.0001,0.0,0.05,0.05,0.0,0.1042,0.0,0
30.25,94.0,30.25,94.0,2025-02-06,12,0.0,0.0,0.0,0.0,0.0,0.0001,0.0,0.05,0.05,0.0,0.1042,0.0,0
33.396917,74.4873735,33.5,74.5,2025-08-13,12,0.4838,11.903112411499023,10.400777816772461,21.95753288269043,10.753594398498535,2.877402823577549,8.766321999686106,0.1965,0.1389,0.2068,0.2894,0.0,1
32.07001944,76.69208333,32.0,76.75,2025-09-01,12,0.7222,33.406402587890625,79.13902282714844,268.1529846191406,137.20077514648438,0.8498745468413402,-4.901166643415181,0.3464,0.4492,0.9284,0.9359,0.7862,1
33.396917,74.4873735,33.5,74.5,2025-12-17,12,0.4169,0.0,0.0,0.0,0.0,0.0001,0.0,0.05,0.05,0.0,0.1042,0.0,0
25.900837611125613,81.38983089338171,26.0,81.5,2025-08-03,12,0.1354,5.214770317077637,28.24953842163086,81.10337829589844,40.7344856262207,0.4143324912802222,-6.371426582336426,0.1876,0.3121,0.6095,0.6502,0.0,0
23.063838,92.769004,23.0,92.75,2025-11-19,12,0.6896,0.0,0.0,0.0,0.0,0.0001,0.0,0.05,0.05,0.0,0.1042,0.0,0
24.340327302131158,80.17484353862979,24.25,80.25,2025-08-24,12,0.1464,1.2985864877700806,6.631190776824951,9.835269927978516,6.279879570007324,0.5399857236195877,-0.10645207336970741,0.0771,0.0962,0.1075,0.2004,0.0,0
23.305939,92.857538,23.25,92.75,2025-06-01,12,1.0,99.3125228881836,87.32789611816406,173.41844177246094,108.7843017578125,3.853200112957625,74.53845977783203,0.4667,0.3897,0.79,0.8119,0.373,1
27.0718085,88.2007865,27.0,88.25,2025-12-27,12,1.0,0.0,0.0,0.0,0.0,0.0001,0.0,0.05,0.05,0.0,0.1042,0.0,0
24.370031329742226,82.51266614073114,24.25,82.5,2025-07-24,12,0.0889,4.3040266036987305,13.65367317199707,189.71200561523438,81.90936279296875,0.15316241696413155,-22.797688484191895,0.2629,0.4336,0.892,0.9033,0.6776,0
25.22295587371172,83.61293542948403,25.25,83.5,2025-08-09,12,0.0466,17.850187301635742,58.09949493408203,93.76486206054688,57.93950653076172,1.240035549657875,4.455207007271904,0.2498,0.3386,0.6711,0.7054,0.0179,0
23.132035,92.745362,23.25,92.75,2025-02-03,12,0.8145,0.0,0.0,0.0,0.0,0.0001,0.0,0.05,0.05,0.0,0.1042,0.0,0
22.013037316963167,84.28239434037232,22.0,84.25,2025-07-26,12,0.0521,46.092098236083984,41.070037841796875,98.14242553710938,55.01314926147461,3.0686507944284793,32.071751730782644,0.3943,0.3455,0.6873,0.7198,0.0661,0
23.705471582937008,83.43539646575076,23.75,83.5,2025-07-21,12,0.1273,38.44453430175781,32.812435150146484,247.13662719726562,122.50784301757812,1.058928195751235,3.1393018450055834,0.368,0.4557,0.9434,0.9493,0.8309,0
33.204841,75.347603,33.25,75.25,2025-12-16,12,0.6662,0.0,0.0,0.0,0.0,0.0001,0.0,0.05,0.05,0.0,0.1042,0.0,0
24.815471389362465,83.93687619337021,24.75,84.0,2025-08-25,12,0.0844,7.561315536499023,42.26713180541992,54.9447021484375,40.46869659423828,0.854470308512546,-0.28792762756347656,0.187,0.2545,0.4756,0.5302,0.0,0
24.171807490706087,82.46441921796549,24.25,82.5,2025-08-24,12,0.0934,13.353189468383789,15.926834106445312,27.10857391357422,16.613845825195312,2.7404554208432317,9.4805360521589,0.2105,0.167,0.2722,0.348,0.0,0
34.0,80.75,34.0,80.75,2025-06-23,12,0.0,0.0,0.0,0.0,0.0,0.0001,0.0,0.05,0.05,0.0,0.1042,0.0,0
14.5,71.0,14.5,71.0,2025-03-10,12,0.0,0.0,0.0,0.0,0.0,0.0001,0.0,0.05,0.05,0.0,0.1042,0.0,0
24.058738337951215,81.32950246962373,24.0,81.25,2025-07-03,12,0.0481,2.432516574859619,14.0374116897583,55.357208251953125,28.09817123413086,0.27307694653703457,-5.475656032562256,0.1535,0.2569,0.4812,0.5353,0.0,0
33.737804,74.179732,33.75,74.25,2025-01-16,12,0.3768,0.0,0.0,0.0,0.0,0.0001,0.0,0.05,0.05,0.0,0.1042,0.0,0
29.75,71.0,29.75,71.0,2025-10-23,12,0.0,0.0,0.0,0.0,0.0,0.0001,0.0,0.05,0.05,0.0,0.1042,0.0,0
9.75,78.75,9.75,78.75,2025-05-26,12,0.0,0.0,0.0,34.88014221191406,12.67664623260498,1.6714365401578413e-05,-4.982877458844866,0.1021,0.1971,0.342,0.4105,0.0,0
33.070198,74.744972,33.0,74.75,2025-12-06,12,0.4731,0.0,0.0,0.0,0.0,0.0001,0.0,0.05,0.05,0.0,0.1042,0.0,0
32.75,98.25,32.75,98.25,2025-06-15,12,0.0,0.0,0.0,0.0,0.0,0.0001,0.0,0.05,0.05,0.0,0.1042,0.0,0
23.204282,92.576174,23.25,92.5,2025-02-10,12,0.6729,0.0,0.0,0.0,0.0,0.0001,0.0,0.05,0.05,0.0,0.1042,0.0,0
24.303560856741377,80.86279862111941,24.25,80.75,2025-08-03,12,0.1039,1.8942408561706543,1.4495174884796143,14.92003059387207,5.825501918792725,0.6049437721542976,-0.2371920858110701,0.0776,0.1188,0.16,0.2475,0.0,0
38.0,99.5,38.0,99.5,2025-03-20,12,0.0,0.0,0.0,0.0,0.0,0.0001,0.0,0.05,0.05,0.0,0.1042,0.0,0
23.201759,92.734328,23.25,92.75,2025-06-02,12,0.8667,73.33731079101562,183.54595947265625,270.1734924316406,176.18540954589844,1.8521319301979065,34.741097586495535,0.447,0.4461,0.9211,0.9293,0.7644,1
24.05466452481379,84.29219193008292,24.0,84.25,2025-07-19,12,0.1124,10.001078605651855,117.79755401611328,149.41297912597656,98.06354522705078,0.44758593967561766,-11.343632698059082,0.2819,0.4047,0.8249,0.8432,0.4772,0
24.352076,92.225188,24.25,92.25,2025-01-17,12,0.4242,0.0,0.0,0.0,0.0,0.0001,0.0,0.05,0.05,0.0,0.1042,0.0,0
28.5,68.75,28.5,68.75,2025-04-02,12,0.0,0.0,0.0,0.0,0.0,0.0001,0.0,0.05,0.05,0.0,0.1042,0.0,0
26.90558333,88.15791667,27.0,88.25,2025-09-01,12,1.0,0.37447357177734375,26.604663848876953,67.78330993652344,33.16855239868164,0.035061499747296415,-9.308856419154576,0.168,0.2464,0.4567,0.5133,0.0,1
23.193468,92.734849,23.25,92.75,2025-05-30,12,1.0,25.781877517700195,70.82451629638672,121.74378967285156,67.5400161743164,1.4018062003806169,8.389907564435685,0.3056,0.3362,0.6657,0.7005,0.0017,1
22.53046024973976,80.33053187984859,22.5,80.25,2025-08-06,12,0.1446,5.274878025054932,14.556124687194824,33.655635833740234,17.28430938720703,0.9082343792724668,0.4669300488063266,0.1225,0.1887,0.3224,0.393,0.0,0
18.47662,73.45907,18.5,73.5,2025-12-11,12,0.4481,0.0,0.0,0.0,0.0,0.0001,0.0,0.05,0.05,0.0,0.1042,0.0,0
18.25,82.0,18.25,82.0,2025-12-23,12,0.0002,0.0,0.0,0.0,0.0,0.0001,0.0,0.05,0.05,0.0,0.1042,0.0,0
27.01063889,88.10014444,27.0,88.0,2025-03-22,12,0.7464,2.2845101356506348,10.051844596862793,45.38560104370117,19.556320190429688,0.3052798981195874,-4.199147156306675,0.1265,0.2039,0.3579,0.4248,0.0,0
26.728882486231736,79.32574077484482,26.75,79.25,2025-08-20,12,0.026,0.0,0.0,9.426807403564453,4.087924957275391,4.261327127072221e-05,-1.346686771937779,0.0679,0.0957,0.1063,0.1994,0.0,0
23.58264075098985,84.40410636826535,23.5,84.5,2025-07-10,12,0.1391,9.786818504333496,50.60066223144531,61.55551528930664,35.793663024902344,0.9993131732906758,0.9931734630039752,0.175,0.2692,0.5098,0.5609,0.0,0
25.882237232498625,84.56161837681071,26.0,84.5,2025-07-22,12,0.1179,0.6591739058494568,13.708459854125977,59.464569091796875,28.513137817382812,0.06943424750971229,-7.835764535835811,0.1547,0.2649,0.4997,0.5518,0.0,0
30.07344444,79.50233333,30.0,79.5,2025-11-07,12,0.677,0.0,0.0,0.0,0.0,0.0001,0.0,0.05,0.05,0.0,0.1042,0.0,0
14.805966,74.135763,14.75,74.25,2025-03-08,12,0.4173,0.0,0.0,0.0,0.0,0.0001,0.0,0.05,0.05,0.0,0.1042,0.0,0
32.0,80.0,32.0,80.0,2025-01-05,12,0.0,0.0,0.0,0.0,0.0,0.0001,0.0,0.05,0.05,0.0,0.1042,0.0,0
11.2818,76.65,11.25,76.75,2025-10-19,12,0.8433,8.852898597717285,37.709163665771484,49.19961166381836,28.44532012939453,1.1026942775819621,1.824382645743234,0.1646,0.2102,0.3724,0.4378,0.0,1
27.062298,93.531487,27.0,93.5,2025-02-21,12,0.4016,0.0,0.8520580530166626,4.851653575897217,1.8054490089416504,5.906348810461306e-05,-0.6930933679853167,0.058,0.0719,0.051,0.1499,0.0,0
23.615355342028757,86.38971096674068,23.5,86.5,2025-07-22,12,0.1058,0.8001381754875183,13.770669937133789,95.05513763427734,45.557579040527344,0.05488863528347437,-12.779167200837817,0.199,0.3384,0.6706,0.7049,0.0164,0
23.151833,92.746339,23.25,92.75,2025-06-01,12,1.0,99.3125228881836,87.32789611816406,173.41844177246094,108.7843017578125,3.853200112957625,74.53845977783203,0.4667,0.3897,0.79,0.8119,0.373,1
12.75,88.25,12.75,88.25,2025-12-16,12,0.0,0.0,0.0,0.0,0.0,0.0001,0.0,0.05,0.05,0.0,0.1042,0.0,0
23.164443,92.742682,23.25,92.75,2025-01-01,12,0.8145,0.0,0.0,0.0,0.0,0.0001,0.0,0.05,0.05,0.0,0.1042,0.0,0
30.756171,78.57631,30.75,78.5,2025-12-26,12,0.698,0.0,0.0,0.0,0.0,0.0001,0.0,0.05,0.05,0.0,0.1042,0.0,0
22.971217,92.925544,23.0,93.0,2025-05-31,12,0.8167,55.573516845703125,73.36700439453125,177.0118865966797,100.72413635253906,2.11407711270616,30.286104474748885,0.4185,0.4007,0.8156,0.8348,0.4492,1
11.32233333,76.62216667,11.25,76.5,2025-02-26,12,0.6887,0.0,0.0,0.0,0.0,0.0001,0.0,0.05,0.05,0.0,0.1042,0.0,0
11.0,68.0,11.0,68.0,2025-09-19,12,0.0,0.0,0.0,0.0,0.0,0.0001,0.0,0.05,0.05,0.0,0.1042,0.0,0
27.25,70.75,27.25,70.75,2025-05-21,12,0.0,0.0,0.0,0.0,0.0,0.0001,0.0,0.05,0.05,0.0,0.1042,0.0,0
23.681616971351666,87.20535885102555,23.75,87.25,2025-08-06,12,0.0919,6.6910600662231445,85.6997299194336,192.35276794433594,104.05998229980469,0.2349509412211439,-20.787906782967703,0.2878,0.4349,0.8951,0.9061,0.6869,0
23.127505,92.740257,23.25,92.75,2025-06-01,12,0.9088,99.3125228881836,87.32789611816406,173.41844177246094,108.7843017578125,3.853200112957625,74.53845977783203,0.4667,0.3939,0.7998,0.8206,0.4021,1
23.07006,92.764514,23.0,92.75,2025-03-18,12,0.6896,0.0,0.0,0.0,0.0,0.0001,0.0,0.05,0.05,0.0,0.1042,0.0,0
7.5,95.25,7.5,95.25,2025-05-26,12,0.0,0.0,0.0,0.0,0.0,0.0001,0.0,0.05,0.05,0.0,0.1042,0.0,0
25.69523333,91.64426944,25.75,91.75,2025-05-30,12,0.5602,3.4502739906311035,17.7239933013916,45.65434646606445,24.102140426635742,0.4587013144296455,-3.0717755045209616,0.1413,0.2116,0.3757,0.4407,0.0,1
31.71194444,77.3125,31.75,77.25,2025-09-28,12,0.9278,0.0,0.0,0.0,0.0,0.0001,0.0,0.05,0.05,0.0,0.1042,0.0,1
30.407259,78.700957,30.5,78.75,2025-01-23,12,0.763,0.0,0.0,2.4754273891448975,0.950139582157135,7.387529567288163e-05,-0.3536324841635568,0.0543,0.0602,0.0238,0.1254,0.0,0
32.447265,75.518707,32.5,75.5,2025-12-23,12,0.5616,0.0,0.0,0.0,0.0,0.0001,0.0,0.05,0.05,0.0,0.1042,0.0,0
26.4242282,94.3924136,26.5,94.5,2025-07-05,12,0.6797,24.700124740600586,125.4720458984375,127.58833312988281,97.6767578125,1.2846698459170867,6.473220007760183,0.2989,0.3594,0.7194,0.7486,0.1622,1
7.25,100.0,7.25,100.0,2025-03-16,12,0.0,0.0,0.0,0.0,0.0,0.0001,0.0,0.05,0.05,0.0,0.1042,0.0,0
23.0,85.0,23.0,85.0,2025-04-26,12,0.0,0.0,0.0,5.942601203918457,2.5342278480529785,5.408495471436379e-05,-0.8489430291312081,0.0612,0.0796,0.0688,0.1658,0.0,0
23.772124743965275,83.05634153421958,23.75,83.0,2025-07-16,12,0.1339,6.078587532043457,94.61015319824219,181.89881896972656,118.86790466308594,0.22525716654228264,-19.906958035060338,0.3004,0.4279,0.8787,0.8914,0.6379,0
26.022070298387366,85.151001612837,26.0,85.25,2025-07-14,12,0.0269,0.0,0.9567680954933167,0.9567680954933167,0.5875751972198486,8.797541810932976e-05,-0.13668115649904525,0.0526,0.0549,0.0113,0.1143,0.0,0
23.890503848937254,79.43395370010893,24.0,79.5,2025-08-10,12,0.11,3.630154609680176,0.0,9.49415397644043,3.20953106880188,1.540653876764966,2.273846898760114,0.1013,0.0951,0.1049,0.1981,0.0,0
31.28191,76.767061,31.25,76.75,2025-01-15,12,0.7752,0.0,0.0,0.42095452547073364,0.13494837284088135,9.432748814150657e-05,-0.06013636078153338,0.0506,0.0517,0.0041,0.1078,0.0,0
25.048054,92.409245,25.0,92.5,2025-05-11,12,0.5466,6.332620620727539,4.271697998046875,36.43377685546875,19.31564712524414,1.0206122413117131,1.1277953556605746,0.1355,0.1852,0.3144,0.3858,0.0,1
12.5,81.0,12.5,81.0,2025-07-08,12,0.0,0.0,0.0,0.0,0.0,0.0001,0.0,0.05,0.05,0.0,0.1042,0.0,0
23.783981278274673,85.92217033155352,23.75,86.0,2025-08-25,12,0.1384,23.55512809753418,66.57923889160156,146.65335083007812,92.02822875976562,1.0731077180678197,2.60464940752302,0.2915,0.4014,0.8171,0.8362,0.4539,0
22.75,74.0,22.75,74.0,2025-03-08,12,0.0,0.0,0.0,0.0,0.0,0.0001,0.0,0.05,0.05,0.0,0.1042,0.0,0
23.197283,92.632661,23.25,92.75,2025-12-21,12,0.8145,0.0,0.0,0.0,0.0,0.0001,0.0,0.05,0.05,0.0,0.1042,0.0,0
9.5,96.0,9.5,96.0,2025-11-25,12,0.0,0.0,0.0,0.0,0.0,0.0001,0.0,0.05,0.05,0.0,0.1042,0.0,0
23.1739,92.611378,23.25,92.5,2025-01-01,12,0.6729,0.0,0.0,0.0,0.0,0.0001,0.0,0.05,0.05,0.0,0.1042,0.0,0
26.91508333,88.14927778,27.0,88.25,2025-06-01,12,1.0,27.78570556640625,111.13074493408203,118.62458801269531,92.57730102539062,1.5482688703041796,10.83933585030692,0.3174,0.3322,0.6562,0.692,0.0,1
23.239797,92.744214,23.25,92.75,2025-05-31,12,0.9608,58.45155715942383,51.10498046875,134.1341552734375,75.67455291748047,2.8990969572407543,39.28953497750419,0.4244,0.3534,0.7057,0.7363,0.121,1
10.0,81.25,10.0,81.25,2025-08-19,12,0.0,0.0,0.0,0.0,0.0,0.0001,0.0,0.05,0.05,0.0,0.1042,0.0,0
38.5,92.75,38.5,92.75,2025-01-26,12,0.0,0.0,0.0,0.0,0.0,0.0001,0.0,0.05,0.05,0.0,0.1042,0.0,0
25.243735569475092,82.18969773779524,25.25,82.25,2025-07-16,12,0.0534,13.974072456359863,50.368385314941406,71.38885498046875,52.05051040649414,1.2478713615461219,3.7756646020071845,0.2163,0.2953,0.5705,0.6153,0.0,0
25.623045967941586,80.84871206835477,25.5,80.75,2025-07-26,12,0.0437,0.0,0.16096332669258118,128.07821655273438,41.123634338378906,5.18218272245785e-06,-18.296888078962052,0.1886,0.386,0.7813,0.8041,0.347,0
17.0,91.0,17.0,91.0,2025-08-20,12,0.0,0.0,0.0,0.0,0.0,0.0001,0.0,0.05,0.05,0.0,0.1042,0.0,0
23.204706,92.533825,23.25,92.5,2025-06-01,12,0.8828,89.12710571289062,83.58097076416016,163.79278564453125,103.04899597167969,3.652908626297186,65.72813633510044,0.461,0.387,0.7838,0.8064,0.3545,1
32.5,82.75,32.5,82.75,2025-09-11,12,0.0,0.0,0.0,0.0,0.0,0.0001,0.0,0.05,0.05,0.0,0.1042,0.0,0
23.5,96.0,23.5,96.0,2025-12-21,12,0.0,0.0,0.0,0.0,0.0,0.0001,0.0,0.05,0.05,0.0,0.1042,0.0,0
26.88102778,88.18502778,27.0,88.25,2025-01-05,12,1.0,0.0,0.0,0.0,0.0,0.0001,0.0,0.05,0.05,0.0,0.1042,0.0,0
24.835822731479354,86.99339409018403,24.75,87.0,2025-08-06,12,0.1025,25.282541275024414,118.69322967529297,157.34292602539062,94.64767456054688,1.0768853470323883,2.8049804142543238,0.3025,0.4117,0.8411,0.8577,0.5256,0
32.64833333,76.87694444,32.75,77.0,2025-03-26,12,0.3985,0.0,0.0,0.8344111442565918,0.3702326714992523,8.934940828490602e-05,-0.11920159203665597,0.0517,0.0539,0.009,0.1122,0.0,0
15.0,79.5,15.0,79.5,2025-10-14,12,0.0,0.9560161232948303,12.5181303024292,32.39100646972656,16.822702407836914,0.16990713015184022,-3.671270515237536,0.1171,0.1885,0.3221,0.3927,0.0,0
30.0,91.0,30.0,91.0,2025-05-20,12,0.0,0.0,0.0,0.0,0.0,0.0001,0.0,0.05,0.05,0.0,0.1042,0.0,0
23.30265,92.742945,23.25,92.75,2025-01-09,12,0.8145,0.0,0.0,0.0,0.0,0.0001,0.0,0.05,0.05,0.0,0.1042,0.0,0
12.25,82.5,12.25,82.5,2025-10-13,12,0.0,0.0,0.0,0.0,0.0,0.0001,0.0,0.05,0.05,0.0,0.1042,0.0,0
11.39636111,76.65091667,11.5,76.75,2025-05-27,12,0.8594,77.40337371826172,34.9096794128418,52.629150390625,34.870086669921875,9.086567768924956,69.88492366245815,0.4514,0.2181,0.391,0.4544,0.0,1
23.300787,92.853572,23.25,92.75,2025-05-31,12,1.0,58.45155715942383,51.10498046875,134.1341552734375,75.67455291748047,2.8990969572407543,39.28953497750419,0.4244,0.3514,0.701,0.7321,0.1071,1
32.93181667,76.15378056,33.0,76.25,2025-08-24,12,0.6237,7.924276828765869,2.5407707691192627,52.97404479980469,23.26082992553711,0.9249107340771141,0.35655614307948547,0.1542,0.2286,0.4153,0.4762,0.0,1
26.691808001480087,87.141564616535,26.75,87.25,2025-07-16,12,0.0663,0.0,0.0,0.0,0.0,0.0001,0.0,0.05,0.05,0.0,0.1042,0.0,0
33.25,86.0,33.25,86.0,2025-02-14,12,0.0,0.0,0.0,0.0,0.0,0.0001,0.0,0.05,0.05,0.0,0.1042,0.0,0
26.919654700712012,87.0613753612748,27.0,87.0,2025-08-23,12,0.1283,0.0,0.0,0.0,0.0,0.0001,0.0,0.05,0.05,0.0,0.1042,0.0,0
22.967715,92.925677,23.0,93.0,2025-12-23,12,0.6412,0.0,0.0,0.0,0.0,0.0001,0.0,0.05,0.05,0.0,0.1042,0.0,0
25.8486570914844,86.1093519267261,25.75,86.0,2025-07-27,12,0.1431,8.243112564086914,18.831863403320312,42.19908142089844,23.70144271850586,1.1728366929244727,2.2146723611014227,0.1578,0.2161,0.3863,0.4502,0.0,0
30.132183,78.347401,30.25,78.25,2025-02-17,12,0.6374,0.4564090371131897,0.0,0.0,0.0,0.4565090371131897,0.4564090371131897,0.0568,0.05,0.0,0.1042,0.0,0
30.117244,79.405555,30.0,79.5,2025-08-23,12,0.7536,2.6254043579101562,23.894840240478516,101.09667205810547,52.052425384521484,0.17001939241470856,-11.816977364676339,0.2131,0.3194,0.6264,0.6653,0.0,1
30.6517586,78.3323707,30.75,78.25,2025-12-17,12,0.7314,0.0,0.0,0.0,0.0,0.0001,0.0,0.05,0.05,0.0,0.1042,0.0,0
12.814725,75.71445556,12.75,75.75,2025-08-17,12,0.615,20.09236717224121,23.189184188842773,30.160144805908203,20.457683563232422,3.784895643983781,15.783775057111468,0.2672,0.1634,0.2638,0.3405,0.0,1
24.018129476349486,87.93578172819218,24.0,88.0,2025-07-12,12,0.0902,0.0,93.71985626220703,128.73065185546875,88.8963394165039,5.157272807806059e-06,-18.390093122209823,0.2717,0.385,0.7791,0.8021,0.3403,0
23.25,90.75,23.25,90.75,2025-06-14,12,0.0001,0.0,0.0,0.0,0.0,0.0001,0.0,0.05,0.05,0.0,0.1042,0.0,0
30.336652,79.319623,30.25,79.25,2025-12-04,12,0.718,0.0,0.0,0.0,0.0,0.0001,0.0,0.05,0.05,0.0,0.1042,0.0,0
7.0,82.0,7.0,82.0,2025-12-05,12,0.0,0.0,0.0,0.0,0.0,0.0001,0.0,0.05,0.05,0.0,0.1042,0.0,0
33.803642,74.193719,33.75,74.25,2025-07-27,12,0.5047,2.027716636657715,8.420282363891602,27.06258773803711,15.25440788269043,0.4167245473470886,-1.8383673259190152,0.1116,0.1562,0.2471,0.3255,0.0,1
23.542832487944587,87.91893483142645,23.5,88.0,2025-08-10,12,0.0367,1.7641088962554932,14.058197975158691,113.58363342285156,49.27727508544922,0.10241408326520147,-14.46212444986616,0.2073,0.3686,0.7409,0.7679,0.2263,0
24.437066,92.249961,24.5,92.25,2025-11-20,12,0.3996,0.0,0.0,0.0,0.0,0.0001,0.0,0.05,0.05,0.0,0.1042,0.0,0
23.226396524871838,82.48407841015933,23.25,82.5,2025-08-12,12,0.1168,1.1206457614898682,10.886417388916016,29.45175552368164,13.489518165588379,0.2152220165454656,-3.086747884750366,0.1051,0.1749,0.2904,0.3643,0.0,0
26.5,93.0,26.5,93.0,2025-05-22,12,0.02,29.62087631225586,23.362131118774414,90.08055877685547,46.10617446899414,2.1358224221019175,16.752225058419363,0.3275,0.3333,0.6589,0.6944,0.0,0
30.2114,78.6793,30.25,78.75,2025-12-05,12,0.7975,0.0,0.0,0.0,0.0,0.0001,0.0,0.05,0.05,0.0,0.1042,0.0,0
12.5,74.5,12.5,74.5,2025-08-02,12,0.0036,0.0,0.0,0.0,0.0,0.0001,0.0,0.05,0.05,0.0,0.1042,0.0,0
32.22934444,76.32632222,32.25,76.25,2025-03-20,12,0.6764,0.0,18.715782165527344,21.815414428710938,13.550934791564941,2.4292553616807888e-05,-3.116487775530134,0.1054,0.1341,0.1955,0.2793,0.0,0
26.008737084228805,85.48276820254375,26.0,85.5,2025-08-16,12,0.146,0.0,49.81388854980469,89.71580505371094,55.348175048828125,7.237700183659293e-06,-12.816543579101562,0.2198,0.3276,0.6456,0.6825,0.0,0
25.75,80.25,25.75,80.25,2025-02-26,12,0.0,0.0,0.0,5.395260810852051,2.3939058780670166,5.6473196545178786e-05,-0.7707515444074359,0.0606,0.077,0.0627,0.1603,0.0,0
9.882615,77.187536,10.0,77.25,2025-02-23,12,0.8526,0.0,0.0,0.0,0.0,0.0001,0.0,0.05,0.05,0.0,0.1042,0.0,0
17.75,78.5,17.75,78.5,2025-11-15,12,0.0,0.0,0.0,0.0,0.0,0.0001,0.0,0.05,0.05,0.0,0.1042,0.0,0
23.0,75.5,23.0,75.5,2025-03-25,12,0.0,0.0,0.0,0.0,0.0,0.0001,0.0,0.05,0.05,0.0,0.1042,0.0,0
15.25,94.25,15.25,94.25,2025-07-23,12,0.0,0.0,0.0,0.0,0.0,0.0001,0.0,0.05,0.05,0.0,0.1042,0.0,0
23.160357,92.743677,23.25,92.75,2025-01-21,12,0.8145,0.0,0.0,0.0,0.0,0.0001,0.0,0.05,0.05,0.0,0.1042,0.0,0
22.465087046313375,79.43867966343329,22.5,79.5,2025-07-16,12,0.075,6.038563251495361,19.87841796875,97.8650131225586,39.75941848754883,0.40309576570657246,-7.942152908870153,0.1852,0.3442,0.6841,0.717,0.0567,0
32.25,89.25,32.25,89.25,2025-10-12,12,0.0,0.0,0.0,0.0,0.0,0.0001,0.0,0.05,0.05,0.0,0.1042,0.0,0
23.306105,92.671296,23.25,92.75,2025-06-01,12,1.0,99.3125228881836,87.32789611816406,173.41844177246094,108.7843017578125,3.853200112957625,74.53845977783203,0.4667,0.3897,0.79,0.8119,0.373,1
27.296928,93.088111,27.25,93.0,2025-07-19,12,0.5719,2.3860692977905273,7.661067008972168,10.308771133422852,6.573338508605957,0.9650127646716765,0.9133877073015486,0.0845,0.0933,0.1006,0.1943,0.0,1
23.298166,92.858694,23.25,92.75,2025-05-31,12,0.9859,58.45155715942383,51.10498046875,134.1341552734375,75.67455291748047,2.8990969572407543,39.28953497750419,0.4244,0.3521,0.7027,0.7336,0.1121,1
26.241015642764477,82.9298271045809,26.25,83.0,2025-07-18,12,0.0837,21.275171279907227,32.410194396972656,37.756019592285156,25.55297088623047,3.3275277899159277,15.881454195295062,0.2758,0.2041,0.3583,0.4251,0.0,0
22.710704267989588,84.39775201570423,22.75,84.5,2025-07-18,12,0.073,0.4615508019924164,46.404685974121094,97.51457977294922,48.1916618347168,0.030919663275375056,-13.469103451286044,0.2049,0.3437,0.683,0.716,0.0534,0
13.717658,74.993973,13.75,75.0,2025-01-01,12,0.5439,0.0,0.0,0.0,0.0,0.0001,0.0,0.05,0.05,0.0,0.1042,0.0,1
30.136504,78.389354,30.25,78.5,2025-01-02,12,0.7335,0.0,0.0,0.0,0.0,0.0001,0.0,0.05,0.05,0.0,0.1042,0.0,0
23.71577,92.713172,23.75,92.75,2025-03-06,12,0.8587,0.0,0.0,0.0,0.0,0.0001,0.0,0.05,0.05,0.0,0.1042,0.0,0
13.5,70.0,13.5,70.0,2025-05-01,12,0.0,0.0,0.0,0.0,0.0,0.0001,0.0,0.05,0.05,0.0,0.1042,0.0,0
33.629118,74.273238,33.75,74.25,2025-01-24,12,0.3768,0.0,6.981695652008057,8.007608413696289,6.091740608215332,4.664300804658282e-05,-1.1439440590994698,0.0763,0.0858,0.0834,0.1788,0.0,0
12.850756,75.221026,12.75,75.25,2025-05-30,12,0.6073,105.88834381103516,344.00714111328125,518.1517333984375,323.85882568359375,1.4114379893227473,31.866667611258364,0.4694,0.4778,0.9949,0.9954,0.9847,1
14.805966,74.135763,14.75,74.25,2025-03-06,12,0.4173,0.0,0.0,0.0,0.0,0.0001,0.0,0.05,0.05,0.0,0.1042,0.0,0
33.25,79.5,33.25,79.5,2025-07-20,12,0.0018,0.0,0.0,0.0,0.0,0.0001,0.0,0.05,0.05,0.0,0.1042,0.0,0
25.967853272694008,78.31778484357325,26.0,78.25,2025-08-21,12,0.0512,0.0,3.8097360134124756,56.834651947021484,25.27940559387207,1.0965830918620086e-05,-8.11923599243164,0.145,0.2607,0.49,0.5431,0.0,0
29.0,67.0,29.0,67.0,2025-12-17,12,0.0,0.0,0.0,0.0,0.0,0.0001,0.0,0.05,0.05,0.0,0.1042,0.0,0
24.477126,92.205369,24.5,92.25,2025-07-01,12,0.5855,4.687758445739746,27.6168212890625,123.5665512084961,56.88340759277344,0.25132783868800634,-12.964606012616837,0.2228,0.3587,0.718,0.7474,0.1578,1
24.714990663026345,81.73808108867003,24.75,81.75,2025-07-27,12,0.0412,34.69989776611328,8.648940086364746,8.648940086364746,6.337581157684326,15.521817006279992,33.4643348966326,0.3524,0.092,0.0976,0.1916,0.0,0
19.25,91.25,19.25,91.25,2025-05-22,12,0.0,0.0,0.0,0.0,0.0,0.0001,0.0,0.05,0.05,0.0,0.1042,0.0,0
18.26931,73.60056,18.25,73.5,2025-08-20,12,0.5902,38.50642013549805,57.40006637573242,72.07533264160156,46.3369140625,3.408719659393229,28.20994404384068,0.3683,0.2743,0.5216,0.5714,0.0,1
24.566841051124577,87.8921775395775,24.5,88.0,2025-08-27,12,0.0256,0.0,46.80794906616211,91.87129211425781,56.16932678222656,7.079911519625584e-06,-13.12447030203683,0.2214,0.3362,0.6656,0.7004,0.0014,0
22.75,86.0,22.75,86.0,2025-09-15,12,0.0,0.0,20.73947525024414,21.266895294189453,15.174473762512207,2.476395064667368e-05,-3.038127899169922,0.1113,0.1469,0.2252,0.3059,0.0,0
22.973735,92.725975,23.0,92.75,2025-05-30,12,0.8878,30.283790588378906,105.716796875,159.10182189941406,89.76313018798828,1.2762486991083397,7.554958888462611,0.331,0.3827,0.7736,0.7972,0.324,1
30.0685229,78.4612096,30.0,78.5,2025-12-23,12,0.659,0.0,0.0,0.0,0.0,0.0001,0.0,0.05,0.05,0.0,0.1042,0.0,0
26.087404675450703,83.3372066135208,26.0,83.25,2025-08-27,12,0.1055,14.754255294799805,35.42115783691406,52.98920822143555,34.99749755859375,1.7216511123528064,7.184368406023298,0.2234,0.2485,0.4616,0.5177,0.0,0
24.201871115126053,83.48779859263011,24.25,83.5,2025-08-18,12,0.1335,0.0,0.15053297579288483,7.102812767028809,3.139873504638672,4.963548843508305e-05,-1.0146875381469727,0.0638,0.084,0.0791,0.175,0.0,0
24.951565861625344,87.3465195270722,25.0,87.25,2025-07-16,12,0.0262,44.2146110534668,4.120477676391602,29.0899658203125,13.503904342651367,8.57587338583929,40.05890165056501,0.3885,0.176,0.293,0.3667,0.0,0
23.043269,92.77264,23.0,92.75,2025-02-22,12,0.6896,0.0,0.0,0.0,0.0,0.0001,0.0,0.05,0.05,0.0,0.1042,0.0,0
25.22257412217398,83.99704136510745,25.25,84.0,2025-08-15,12,0.0777,19.60293197631836,44.38433837890625,97.47152709960938,57.16146469116211,1.3134796402793427,5.678428104945592,0.2635,0.3434,0.6824,0.7155,0.0516,0
26.00409049929875,82.51130069797841,26.0,82.5,2025-08-18,12,0.0962,0.0,4.247488498687744,8.932825088500977,4.747079849243164,4.393445582385784e-05,-1.2761178697858537,0.0707,0.0927,0.0993,0.1931,0.0,0
24.5,95.0,24.5,95.0,2025-03-17,12,0.0117,0.0,0.0,0.0,0.0,0.0001,0.0,0.05,0.05,0.0,0.1042,0.0,0
33.653046,74.25295,33.75,74.25,2025-11-09,12,0.3768,0.0,9.093575477600098,9.093575477600098,5.584592342376709,4.3495617302338914e-05,-1.2990822110857283,0.0742,0.0905,0.0941,0.1885,0.0,0
26.454133767871344,87.7649003404425,26.5,87.75,2025-07-06,12,0.0853,13.18484115600586,9.717434883117676,12.665290832519531,9.2152099609375,4.693273487693249,11.375513894217354,0.2089,0.1094,0.1382,0.228,0.0,0
25.051125747388205,79.35354082277685,25.0,79.25,2025-07-20,12,0.1054,25.55642318725586,144.70945739746094,411.54437255859375,217.91082763671875,0.427423408460107,-33.23563003540039,0.3395,0.4765,0.9918,0.9927,0.9756,0
26.20553654469435,78.35965756213413,26.25,78.25,2025-07-04,12,0.1203,5.8196563720703125,103.35865783691406,129.07476806640625,85.66976928710938,0.2993816942213076,-12.619596208844865,0.2677,0.3843,0.7774,0.8006,0.3353,0
22.477681038181185,81.96024346302346,22.5,82.0,2025-08-03,12,0.1251,0.3168548047542572,13.193228721618652,44.20651626586914,20.738752365112305,0.043328150303375106,-5.99836180465562,0.1305,0.2228,0.4018,0.4641,0.0,0
33.340406,74.325202,33.25,74.25,2025-03-06,12,0.381,0.0,11.87094783782959,106.34547424316406,50.99844741821289,6.175809000527584e-06,-15.192210606166295,0.2109,0.3445,0.6848,0.7176,0.0588,0
18.38386,73.63431,18.5,73.75,2025-07-26,12,0.5077,6.629111289978027,5.7016682624816895,6.212665557861328,4.623757839202881,3.5121209135757057,5.7415876388549805,0.139,0.0771,0.063,0.1606,0.0,1
12.75,77.75,12.75,77.75,2025-06-14,12,0.0,0.0,17.560256958007812,34.040504455566406,20.548583984375,1.705632056150464e-05,-4.862929207938058,0.1298,0.1942,0.3353,0.4046,0.0,0
24.5,78.25,24.5,78.25,2025-08-17,12,0.0,4.678219795227051,24.62522315979004,121.34335327148438,54.90494918823242,0.2551611574096641,-12.656544957842147,0.2189,0.3798,0.7669,0.7911,0.3038,0
30.25,87.25,30.25,87.25,2025-04-11,12,0.0,0.0,0.0,0.0,0.0,0.0001,0.0,0.05,0.05,0.0,0.1042,0.0,0
22.93921426268887,85.19791453354686,23.0,85.25,2025-08-10,12,0.0962,0.0,55.0,59.0,44.67432403564453,1.0606060606060606e-05,-8.428571428571429,0.197,0.2645,0.4989,0.5511,0.0,0
23.177311,93.198157,23.25,93.25,2025-06-01,12,0.6608,132.47854614257812,94.35096740722656,190.14990234375,118.69569396972656,4.703783831356514,105.31427437918526,0.4758,0.416,0.8512,0.8667,0.5555,1
38.25,89.25,38.25,89.25,2025-01-07,12,0.0,0.0,0.0,0.0,0.0,0.0001,0.0,0.05,0.05,0.0,0.1042,0.0,0
23.204981,92.534603,23.25,92.5,2025-06-01,12,0.7541,89.12710571289062,83.58097076416016,163.79278564453125,103.04899597167969,3.652908626297186,65.72813633510044,0.461,0.3927,0.7971,0.8182,0.3941,1
22.793307,92.819831,22.75,92.75,2025-01-21,12,0.5824,0.0,0.0,0.0,0.0,0.0001,0.0,0.05,0.05,0.0,0.1042,0.0,0
22.053350635030814,84.22741276377478,22.0,84.25,2025-07-26,12,0.0334,46.092098236083984,41.070037841796875,98.14242553710938,55.01314926147461,3.0686507944284793,32.071751730782644,0.3943,0.3463,0.689,0.7214,0.0712,0
23.0,94.0,23.0,94.0,2025-02-25,12,0.0054,0.0,0.0,0.0,0.0,0.0001,0.0,0.05,0.05,0.0,0.1042,0.0,0
23.306338,92.666573,23.25,92.75,2025-01-25,12,0.8145,0.0,0.0,0.0,0.0,0.0001,0.0,0.05,0.05,0.0,0.1042,0.0,0
24.078210933429528,81.01916700077501,24.0,81.0,2025-08-15,12,0.0661,0.5868759751319885,13.487565040588379,39.38008117675781,22.81013298034668,0.08859044058730443,-5.038849907261985,0.1372,0.2098,0.3717,0.4372,0.0,0
33.22051667,75.26956389,33.25,75.25,2025-12-07,12,0.6662,0.0,0.0,0.0,0.0,0.0001,0.0,0.05,0.05,0.0,0.1042,0.0,0
31.96222222,76.80194444,32.0,76.75,2025-06-18,12,0.9011,9.78083610534668,9.46920108795166,9.46920108795166,6.493351936340332,4.15724796678296,8.428093092782158,0.1747,0.0862,0.0843,0.1797,0.0,1
34.0,81.5,34.0,81.5,2025-11-14,12,0.0,0.0,0.0,0.0,0.0,0.0001,0.0,0.05,0.05,0.0,0.1042,0.0,0
26.462791137432372,82.19447993957314,26.5,82.25,2025-08-23,12,0.0819,10.11503791809082,0.8374823927879333,0.8374823927879333,0.6793805956840515,9.034274257737602,9.995397576263972,0.1782,0.0542,0.0098,0.1129,0.0,0
25.064697912472628,87.43075837744708,25.0,87.5,2025-08-20,12,0.0358,2.1017186641693115,58.98273849487305,120.9005126953125,77.96212005615234,0.11503261667319646,-15.169783149446761,0.2575,0.3779,0.7626,0.7873,0.291,0
38.5,79.0,38.5,79.0,2025-10-07,12,0.0,0.0,0.0,0.0,0.0,0.0001,0.0,0.05,0.05,0.0,0.1042,0.0,0
26.02996274887579,83.50226542156261,26.0,83.5,2025-08-13,12,0.1023,6.1930766105651855,23.05120849609375,42.56768035888672,23.614850997924805,0.8746069204786564,0.11197941643851106,0.1398,0.2186,0.3921,0.4554,0.0,0
24.863924,93.617853,24.75,93.5,2025-11-26,12,0.5451,0.0,0.0,0.0,0.0,0.0001,0.0,0.05,0.05,0.0,0.1042,0.0,0
31.20961944,76.71348333,31.25,76.75,2025-06-26,12,0.8355,0.6503458619117737,7.3532938957214355,14.607637405395508,8.959212303161621,0.2107181339615355,-1.436459481716156,0.0879,0.1057,0.1295,0.2202,0.0,1
26.29145667776553,81.09764583185188,26.25,81.0,2025-08-18,12,0.0353,0.0,1.3115540742874146,17.279335021972656,7.890447616577148,2.883110263796369e-05,-2.4684764317103793,0.0836,0.1299,0.1858,0.2706,0.0,0
30.0,84.75,30.0,84.75,2025-03-24,12,0.0,0.0,0.0,0.0,0.0,0.0001,0.0,0.05,0.05,0.0,0.1042,0.0,0
25.419332259176716,83.3157215268673,25.5,83.25,2025-08-15,12,0.0818,22.04182243347168,21.454872131347656,76.82733917236328,39.473751068115234,1.8406102180703618,11.066488265991211,0.2812,0.3057,0.5947,0.6369,0.0,0
12.91866667,75.752125,13.0,75.75,2025-12-20,12,0.4262,0.0,0.0,0.0,0.0,0.0001,0.0,0.05,0.05,0.0,0.1042,0.0,0
27.311571,93.046703,27.25,93.0,2025-01-26,12,0.4062,1.6615855693817139,0.0,0.0,0.0,1.6616855693817139,1.6615855693817139,0.0743,0.05,0.0,0.1042,0.0,0
26.877252620674756,85.61458833436158,27.0,85.5,2025-07-06,12,0.0206,3.997060537338257,2.0562076568603516,6.146300792694092,3.1536858081817627,2.12836479269647,3.119017566953387,0.1061,0.0804,0.0707,0.1675,0.0,0
23.193237,92.734819,23.25,92.75,2025-06-02,12,0.9846,73.33731079101562,183.54595947265625,270.1734924316406,176.18540954589844,1.8521319301979065,34.741097586495535,0.447,0.4427,0.9132,0.9222,0.7408,1
30.123715,78.390011,30.0,78.5,2025-08-06,12,0.749,30.876638412475586,43.0820198059082,80.4761962890625,50.59968566894531,2.470811238443773,19.380038942609517,0.3341,0.2838,0.5438,0.5914,0.0,1
22.745387,92.841543,22.75,92.75,2025-11-13,12,0.5824,0.0,0.0,54.4930419921875,17.615352630615234,1.1383401720294351e-05,-7.784720284598214,0.1199,0.2341,0.428,0.4876,0.0,0
26.19113889,91.82961111,26.25,91.75,2025-11-05,12,0.4187,0.0,8.740500450134277,18.460721969604492,11.135110855102539,2.7493328776602395e-05,-2.6372459956577847,0.0963,0.1274,0.1799,0.2653,0.0,0
31.421993,76.416965,31.5,76.5,2025-09-03,12,0.8051,34.066802978515625,87.03282165527344,194.15359497070312,115.12397766113281,1.1855036490117958,6.330575125558035,0.3495,0.4131,0.8445,0.8607,0.5356,1
9.5,96.75,9.5,96.75,2025-07-10,12,0.0,0.0,0.0,0.0,0.0,0.0001,0.0,0.05,0.05,0.0,0.1042,0.0,0
32.25,91.5,32.25,91.5,2025-02-10,12,0.0,0.0,0.0,0.0,0.0,0.0001,0.0,0.05,0.05,0.0,0.1042,0.0,0
9.0,87.5,9.0,87.5,2025-05-22,12,0.0,0.0,0.0,0.0,0.0,0.0001,0.0,0.05,0.05,0.0,0.1042,0.0,0
23.149815,92.749076,23.25,92.75,2025-09-12,12,1.0,10.57188606262207,12.734424591064453,83.8146743774414,39.834083557128906,0.8148892560114409,-1.401638848440987,0.1854,0.2778,0.5297,0.5787,0.0,1
30.123715,78.390011,30.0,78.5,2025-03-10,12,0.659,0.0,0.0,0.7255362868309021,0.3219242990016937,9.06085964793452e-05,-0.10364804097584315,0.0514,0.0531,0.0072,0.1107,0.0,0
30.11963889,78.36477778,30.0,78.25,2025-08-12,12,0.7736,8.212432861328125,41.930931091308594,133.11138916015625,67.48223876953125,0.41030019310981736,-10.803479875837052,0.2416,0.3614,0.7243,0.753,0.1767,1
11.2659,76.6572,11.25,76.75,2025-03-09,12,0.6801,0.0,0.0,0.0,0.0,0.0001,0.0,0.05,0.05,0.0,0.1042,0.0,0
23.00926726061474,84.73432433324918,23.0,84.75,2025-08-21,12,0.0322,4.51379919052124,4.292583465576172,5.9820051193237305,4.136336326599121,2.4339302013227577,3.65922703061785,0.1128,0.0796,0.0687,0.1657,0.0,0
12.0,73.75,12.0,73.75,2025-07-12,12,0.0,0.0,0.0,0.0,0.0,0.0001,0.0,0.05,0.05,0.0,0.1042,0.0,0
24.5,92.25,24.5,92.25,2025-11-14,12,0.0708,0.0,0.0,21.40826988220215,6.896457672119141,2.4640712120189752e-05,-3.0583242688860213,0.0796,0.1459,0.223,0.304,0.0,0
22.006422127634007,79.20159258735622,22.0,79.25,2025-07-12,12,0.1078,0.0,128.78973388671875,208.42420959472656,121.78062438964844,3.249402661459901e-06,-29.774887084960938,0.3026,0.4423,0.9123,0.9214,0.7381,0
27.008623,88.201081,27.0,88.25,2025-10-04,12,1.0,25.554161071777344,5.335809707641602,5.567924499511719,3.7985925674438477,14.233044406766696,24.758743286132812,0.3042,0.071,0.0489,0.148,0.0,1
33.5,75.0,33.5,75.0,2025-07-22,12,0.2344,0.0,0.0,19.12044906616211,8.144904136657715,2.6798926704013646e-05,-2.731492723737444,0.0846,0.1335,0.1943,0.2782,0.0,0
25.5,70.75,25.5,70.75,2025-07-06,12,0.0,0.821394145488739,6.136011123657227,16.013992309570312,8.382264137268066,0.24986794733697112,-1.466319041592734,0.0856,0.1252,0.1748,0.2608,0.0,0
12.75,77.0,12.75,77.0,2025-12-09,12,0.0,0.0,0.0,0.0,0.0,0.0001,0.0,0.05,0.05,0.0,0.1042,0.0,0
23.119722,92.742868,23.0,92.75,2025-12-21,12,0.6896,0.0,0.0,0.0,0.0,0.0001,0.0,0.05,0.05,0.0,0.1042,0.0,0
12.75,91.5,12.75,91.5,2025-11-09,12,0.0,0.0,0.0,0.0,0.0,0.0001,0.0,0.05,0.05,0.0,0.1042,0.0,0
24.583680224700323,86.19107326177688,24.5,86.25,2025-07-11,12,0.0253,16.489179611206055,16.537012100219727,34.65810012817383,19.77663230895996,2.7707686361908572,11.538022450038365,0.2385,0.1956,0.3385,0.4074,0.0,0
23.758901,92.730863,23.75,92.75,2025-05-30,12,1.0,26.333751678466797,53.97563552856445,92.15045166015625,51.23360061645508,1.8591641153697704,13.169401441301618,0.3089,0.2924,0.5637,0.6091,0.0,1
30.250252,78.924169,30.25,79.0,2025-08-06,12,0.9784,22.54403305053711,7.2071332931518555,76.31845092773438,33.86737823486328,1.8940454316731614,11.641397203717913,0.2847,0.2647,0.4993,0.5515,0.0,1
23.336229,92.787113,23.25,92.75,2025-12-01,12,0.8145,0.0,0.0,0.0,0.0,0.0001,0.0,0.05,0.05,0.0,0.1042,0.0,0
23.1915,93.011024,23.25,93.0,2025-05-31,12,0.9722,57.51850509643555,57.59139633178711,152.9855194091797,86.28556060791016,2.516666740602191,35.663430895124165,0.4226,0.3729,0.7508,0.7768,0.256,1
23.306338,92.666573,23.25,92.75,2025-02-25,12,0.8145,0.0,0.0,0.0,0.0,0.0001,0.0,0.05,0.05,0.0,0.1042,0.0,0
26.356323426350787,78.15447427733078,26.25,78.25,2025-08-20,12,0.0492,0.0,0.555161714553833,47.903053283691406,22.59174919128418,1.274974629157702e-05,-6.843293326241629,0.1365,0.2363,0.4332,0.4923,0.0,0
8.5,74.75,8.5,74.75,2025-11-10,12,0.0,0.0,0.0,0.0,0.0,0.0001,0.0,0.05,0.05,0.0,0.1042,0.0,0
23.20549,92.543278,23.25,92.5,2025-06-01,12,0.8046,89.12710571289062,83.58097076416016,163.79278564453125,103.04899597167969,3.652908626297186,65.72813633510044,0.461,0.3906,0.792,0.8137,0.3788,1
23.747519,92.853155,23.75,92.75,2025-06-15,12,0.996,18.368852615356445,39.98729705810547,77.65853881835938,44.437156677246094,1.5188387385633708,7.274775641305107,0.2539,0.2664,0.5033,0.5551,0.0,1
23.75,80.25,23.75,80.25,2025-03-05,12,0.0,0.0,0.0,0.0,0.0,0.0001,0.0,0.05,0.05,0.0,0.1042,0.0,0
22.519716,92.891037,22.5,93.0,2025-05-31,12,0.7106,54.579010009765625,73.99465942382812,179.4389190673828,101.87033081054688,2.0492168265054005,28.944878714425222,0.4163,0.4068,0.8298,0.8475,0.4917,1
36.75,95.0,36.75,95.0,2025-04-02,12,0.0,0.0,0.0,0.0,0.0,0.0001,0.0,0.05,0.05,0.0,0.1042,0.0,0
22.308969053700103,83.5682371088247,22.25,83.5,2025-07-26,12,0.1455,44.55523681640625,29.24141502380371,63.08988571166992,37.16978454589844,4.44981974999732,35.54239600045341,0.3896,0.2727,0.5179,0.5681,0.0,0
30.0,82.5,30.0,82.5,2025-01-15,12,0.0,0.0,0.0,0.0,0.0,0.0001,0.0,0.05,0.05,0.0,0.1042,0.0,0
23.043269,92.77264,23.0,92.75,2025-01-20,12,0.6896,0.0,0.0,0.0,0.0,0.0001,0.0,0.05,0.05,0.0,0.1042,0.0,0
35.75,72.0,35.75,72.0,2025-01-14,12,0.0,0.0,0.0,0.0,0.0,0.0001,0.0,0.05,0.05,0.0,0.1042,0.0,0
27.109398,93.61692,27.0,93.5,2025-09-14,12,0.6161,4.352828025817871,30.756389617919922,39.616355895996094,24.58831024169922,0.6536438894688941,-1.3066513878958563,0.1428,0.1924,0.3311,0.4008,0.0,1
11.3606,76.7813,11.25,76.75,2025-11-09,12,0.6801,0.0,1.0540571212768555,1.0540571212768555,0.7615563273429871,8.691271857890983e-05,-0.1505795887538365,0.0534,0.0545,0.0104,0.1135,0.0,0
37.75,87.25,37.75,87.25,2025-12-09,12,0.0,0.0,0.0,0.0,0.0,0.0001,0.0,0.05,0.05,0.0,0.1042,0.0,0
11.21705556,76.60447222,11.25,76.5,2025-05-26,12,0.9325,40.85301971435547,13.958357810974121,64.66899108886719,30.56787109375,3.9901752997456406,31.61459241594587,0.3771,0.2429,0.4485,0.5059,0.0,1
30.073814,78.492374,30.0,78.5,2025-08-15,12,0.8378,8.95832347869873,34.37755584716797,62.656898498535156,33.13972473144531,0.9002549022794899,0.007337978907994369,0.1679,0.2427,0.4481,0.5056,0.0,1
23.185396,92.736019,23.25,92.75,2025-06-01,12,0.9136,99.3125228881836,87.32789611816406,173.41844177246094,108.7843017578125,3.853200112957625,74.53845977783203,0.4667,0.3937,0.7993,0.8202,0.4005,1
22.055066791678037,82.16636037413751,22.0,82.25,2025-08-04,12,0.1064,8.946044921875,16.74950408935547,28.126726150512695,15.874687194824219,1.7827740104442094,4.927941186087472,0.1656,0.1704,0.28,0.355,0.0,0
33.737804,74.179732,33.75,74.25,2025-02-23,12,0.3768,0.0,18.450510025024414,18.56307029724121,14.787872314453125,2.7383252162614623e-05,-2.651867185320173,0.1099,0.1286,0.1827,0.2679,0.0,0
23.146828885188363,82.69107211047579,23.25,82.75,2025-08-24,12,0.0331,9.220806121826172,14.145358085632324,38.429603576660156,18.456769943237305,1.420799165545535,3.7308627537318637,0.1686,0.2078,0.367,0.433,0.0,0
22.578059440962075,79.02820223804824,22.5,79.0,2025-08-19,12,0.0487,1.068852186203003,34.32231521606445,64.01976776123047,40.883018493652344,0.1053603178283806,-8.076828922544207,0.188,0.2787,0.5318,0.5806,0.0,0
26.443213346814776,80.26900767243808,26.5,80.25,2025-07-20,12,0.1133,5.1201090812683105,44.67809295654297,145.6865234375,73.80032348632812,0.2347388804326883,-15.692251409803117,0.2515,0.4013,0.8171,0.8361,0.4538,0
23.251035535891916,85.24169908074776,23.25,85.25,2025-07-04,12,0.0342,7.86737060546875,70.58321380615234,156.195068359375,81.45364379882812,0.33746298090948124,-14.446210588727677,0.2623,0.4129,0.8441,0.8603,0.5344,0
13.0,88.5,13.0,88.5,2025-02-22,12,0.0,0.0,0.0,0.0,0.0,0.0001,0.0,0.05,0.05,0.0,0.1042,0.0,0
11.0,85.25,11.0,85.25,2025-04-22,12,0.0,0.0,0.0,0.0,0.0,0.0001,0.0,0.05,0.05,0.0,0.1042,0.0,0
22.25287783039505,82.93300216238958,22.25,83.0,2025-07-03,12,0.0624,41.77345657348633,25.062496185302734,116.9569091796875,54.15658187866211,2.359004414917451,25.065326690673828,0.3803,0.372,0.7488,0.775,0.2499,0
10.5,74.75,10.5,74.75,2025-03-03,12,0.0,0.0,0.0,0.0,0.0,0.0001,0.0,0.05,0.05,0.0,0.1042,0.0,0
22.58069480100263,87.55918828955319,22.5,87.5,2025-07-03,12,0.1355,0.8393769264221191,41.390106201171875,73.77239990234375,45.72003936767578,0.07275181240200246,-9.699537345341273,0.1994,0.2972,0.5748,0.6191,0.0,0
15.25,89.0,15.25,89.0,2025-08-08,12,0.0,0.0,0.0,0.0,0.0,0.0001,0.0,0.05,0.05,0.0,0.1042,0.0,0
7.5,71.25,7.5,71.25,2025-09-14,12,0.0,0.0,0.0,0.0,0.0,0.0001,0.0,0.05,0.05,0.0,0.1042,0.0,0
25.012765819214323,81.6479821914453,25.0,81.75,2025-07-19,12,0.0934,58.648590087890625,112.99637603759766,175.85079956054688,121.92117309570312,2.2452230539976017,33.527047293526785,0.4248,0.4252,0.8727,0.8859,0.6198,0
24.384217341589085,84.8772204243056,24.5,85.0,2025-07-03,12,0.11,0.0,38.41707992553711,78.07579040527344,47.76068878173828,8.227957644183231e-06,-11.153684343610491,0.204,0.3071,0.5979,0.6398,0.0,0
29.25,68.75,29.25,68.75,2025-06-06,12,0.0,0.0,0.0,0.0,0.0,0.0001,0.0,0.05,0.05,0.0,0.1042,0.0,0
22.22498410617712,85.34151259041646,22.25,85.25,2025-08-26,12,0.0972,3.7230379581451416,116.5074234008789,140.0718536376953,97.284423828125,0.17720566554643716,-16.287226847239904,0.281,0.3966,0.806,0.8262,0.4208,0
26.25,68.25,26.25,68.25,2025-10-08,12,0.0,0.0,0.0,0.0,0.0,0.0001,0.0,0.05,0.05,0.0,0.1042,0.0,0
13.0,79.25,13.0,79.25,2025-02-27,12,0.0,0.0,0.0,0.0,0.0,0.0001,0.0,0.05,0.05,0.0,0.1042,0.0,0
27.296928,93.088111,27.25,93.0,2025-06-17,12,0.5966,47.66904830932617,1.680285096168518,2.2833120822906494,1.6695291996002197,35.94450291096397,47.34286086899893,0.3989,0.0599,0.023,0.1248,0.0,1
17.0,82.5,17.0,82.5,2025-02-01,12,0.0,0.0,0.0,0.0,0.0,0.0001,0.0,0.05,0.05,0.0,0.1042,0.0,0
23.134009,92.746247,23.25,92.75,2025-12-18,12,0.8145,0.0,0.0,0.0,0.0,0.0001,0.0,0.05,0.05,0.0,0.1042,0.0,0
32.07001944,76.69208333,32.0,76.75,2025-03-14,12,0.6631,0.0,0.0,0.0,0.0,0.0001,0.0,0.05,0.05,0.0,0.1042,0.0,0
23.305939,92.857538,23.25,92.75,2025-11-14,12,0.8145,0.0,0.0,26.621688842773438,8.746379852294922,2.081989406521012e-05,-3.803098406110491,0.087,0.1466,0.2246,0.3054,0.0,0
30.0864,78.5788,30.0,78.5,2025-02-02,12,0.659,0.0,0.0,0.0,0.0,0.0001,0.0,0.05,0.05,0.0,0.1042,0.0,0
18.39956,73.496392,18.5,73.5,2025-01-01,12,0.5345,0.0,0.0,0.0,0.0,0.0001,0.0,0.05,0.05,0.0,0.1042,0.0,1
18.75,96.5,18.75,96.5,2025-06-18,12,0.0,0.0,0.0,0.0,0.0,0.0001,0.0,0.05,0.05,0.0,0.1042,0.0,0
26.739317209995342,78.69304506018749,26.75,78.75,2025-07-23,12,0.0533,0.0,11.026021957397461,79.97602081298828,39.25663757324219,8.048195277927314e-06,-11.425145830426898,0.184,0.3132,0.6121,0.6525,0.0,0
27.09592868,88.60962756,27.0,88.5,2025-01-01,12,1.0,0.0,0.0,0.0,0.0,0.0001,0.0,0.05,0.05,0.0,0.1042,0.0,0
15.25,70.75,15.25,70.75,2025-03-06,12,0.0,0.0,0.0,0.0,0.0,0.0001,0.0,0.05,0.05,0.0,0.1042,0.0,0
30.081207,78.436585,30.0,78.5,2025-12-27,12,0.659,0.0,0.0,0.0,0.0,0.0001,0.0,0.05,0.05,0.0,0.1042,0.0,0
24.838636589655273,83.79314466661938,24.75,83.75,2025-08-14,12,0.1038,40.760353088378906,5.329344749450684,59.650184631347656,26.964326858520508,4.280905944924509,32.23889814104353,0.3767,0.2659,0.502,0.5539,0.0,0
22.31554516539575,79.17649028473559,22.25,79.25,2025-07-18,12,0.0644,5.227648735046387,29.650646209716797,50.632850646972656,33.13096618652344,0.6349545568981313,-2.005615643092564,0.1679,0.2435,0.45,0.5073,0.0,0
23.502513,92.697754,23.5,92.75,2025-12-09,12,0.8923,0.0,0.0,0.0,0.0,0.0001,0.0,0.05,0.05,0.0,0.1042,0.0,0
26.91508333,88.14927778,27.0,88.25,2025-03-01,12,1.0,0.3334188759326935,3.732957124710083,6.299920082092285,3.2606313228607178,0.17553730527090355,-0.5665697072233472,0.0644,0.0737,0.0551,0.1535,0.0,0
27.07980556,88.094,27.0,88.0,2025-11-10,12,0.7464,0.0,0.6139014363288879,38.117061614990234,12.951770782470703,1.5515194805315592e-05,-5.445294516427176,0.1031,0.1836,0.3107,0.3825,0.0,0
23.203903,92.576807,23.25,92.5,2025-03-16,12,0.6729,0.0,0.0,0.0,0.0,0.0001,0.0,0.05,0.05,0.0,0.1042,0.0,0
25.5,98.0,25.5,98.0,2025-01-08,12,0.0,0.0,0.0,0.0,0.0,0.0001,0.0,0.05,0.05,0.0,0.1042,0.0,0
23.162706658104277,80.26033196788651,23.25,80.25,2025-08-10,12,0.0881,1.2472277879714966,0.1800345629453659,35.00334930419922,11.653807640075684,0.2078713878878125,-3.7532506840569635,0.0983,0.1949,0.3369,0.406,0.0,0
23.099615,92.752199,23.0,92.75,2025-06-06,12,0.9053,30.677488327026367,104.93778228759766,401.1127624511719,197.16380310058594,0.5261857458203778,-26.624334880283904,0.3354,0.4696,0.9759,0.9784,0.9279,1
23.173606,92.739793,23.25,92.75,2025-05-31,12,0.9588,58.45155715942383,51.10498046875,134.1341552734375,75.67455291748047,2.8990969572407543,39.28953497750419,0.4244,0.3535,0.7059,0.7365,0.1217,1
33.23600556,75.24382222,33.25,75.25,2025-04-20,12,0.8917,14.507017135620117,16.975112915039062,36.83643341064453,18.63160514831543,2.316562093408861,9.24466950552804,0.2212,0.175,0.2907,0.3646,0.0,1
23.09459,92.753733,23.0,92.75,2025-09-13,12,0.8588,54.93779373168945,59.591880798339844,118.08342742919922,66.90628051757812,3.0744700878899494,38.06873267037528,0.4171,0.3387,0.6714,0.7056,0.0186,1
11.72976111,75.81385278,11.75,75.75,2025-07-16,12,0.6376,19.229467391967773,33.40065383911133,110.6709976196289,56.367984771728516,1.1439264939258098,3.4193248748779297,0.2606,0.3392,0.6725,0.7066,0.0221,1
25.825317156827822,87.47917078934498,25.75,87.5,2025-07-08,12,0.0837,0.0,5.453100681304932,18.7127742767334,9.26531982421875,2.722382238751288e-05,-2.6732534681047713,0.0891,0.1349,0.1974,0.281,0.0,0
23.186501,92.735632,23.25,92.75,2025-09-13,12,0.8739,22.96000862121582,22.547996520996094,73.77017974853516,37.22731018066406,1.9898527011935436,12.421411514282227,0.2875,0.2647,0.4993,0.5515,0.0,1
26.366219728706604,81.72870330680861,26.25,81.75,2025-07-11,12,0.076,3.841367721557617,86.96617889404297,107.92095947265625,83.07745361328125,0.2339892929392176,-11.575912203107562,0.2644,0.3593,0.7193,0.7485,0.1618,0
26.621860231799815,84.61720672392728,26.5,84.5,2025-08-11,12,0.1132,5.331255912780762,25.302244186401367,102.75431060791016,50.60422897338867,0.34002756869191847,-9.34793131692069,0.2101,0.3502,0.6982,0.7297,0.0989,0
33.75,97.25,33.75,97.25,2025-03-07,12,0.0,0.0,0.0,0.0,0.0,0.0001,0.0,0.05,0.05,0.0,0.1042,0.0,0
15.75,91.5,15.75,91.5,2025-04-02,12,0.0,0.0,0.0,0.0,0.0,0.0001,0.0,0.05,0.05,0.0,0.1042,0.0,0
32.83436944,75.14602222,32.75,75.25,2025-01-19,12,0.5618,0.0,7.028128623962402,7.246854305267334,6.05640172958374,4.913365329644711e-05,-1.0352649007524763,0.0761,0.081,0.072,0.1687,0.0,0
25.65443889,91.63345833,25.75,91.75,2025-05-30,12,0.6395,3.4502739906311035,17.7239933013916,45.65434646606445,24.102140426635742,0.4587013144296455,-3.0717755045209616,0.1413,0.2086,0.3689,0.4346,0.0,1
24.5,86.0,24.5,86.0,2025-07-01,12,0.0,1.2895481586456299,20.166278839111328,64.30361938476562,32.80527114868164,0.12660699678939702,-7.896683182035174,0.167,0.2812,0.5377,0.5859,0.0,0
30.9913537,78.4567104,31.0,78.5,2025-06-23,12,0.6351,0.3553388714790344,17.486270904541016,35.18613815307617,21.749088287353516,0.058978427731996914,-4.671252293246133,0.1338,0.1786,0.299,0.372,0.0,1
11.3556,76.771,11.25,76.75,2025-10-16,12,0.7742,31.0712833404541,8.614789962768555,18.8555850982666,10.46860122680664,8.412096750336554,28.377628326416016,0.3351,0.1217,0.1668,0.2536,0.0,1
26.4231373,94.3822611,26.5,94.5,2025-02-13,12,0.476,4.028141975402832,1.5493594408035278,1.5493594408035278,1.31695556640625,3.298222986536359,3.8068049124308994,0.1065,0.057,0.0162,0.1187,0.0,0
23.1139248210498,79.2805513849688,23.0,79.25,2025-07-07,12,0.1354,63.531375885009766,59.85602569580078,101.25525665283203,69.23683166503906,4.108071468725618,49.06633922031948,0.4335,0.3471,0.6909,0.7231,0.0768,0
25.449443661192017,87.06097449643784,25.5,87.0,2025-07-27,12,0.0943,0.6901775598526001,11.986539840698242,68.40443420410156,32.65851974487305,0.06408035508746475,-9.081884469304766,0.1666,0.2871,0.5513,0.5981,0.0,0
26.25,74.0,26.25,74.0,2025-04-07,12,0.0,0.0,0.0,0.0,0.0,0.0001,0.0,0.05,0.05,0.0,0.1042,0.0,0
10.0842,77.0608,10.0,77.0,2025-06-20,12,1.0,26.97364044189453,172.81845092773438,299.42633056640625,176.72769165039062,0.6161878541711773,-15.80154963902065,0.3298,0.451,0.9324,0.9395,0.7983,1
27.372611,88.541022,27.25,88.5,2025-02-03,12,0.9541,0.0,1.0834037065505981,1.8519840240478516,1.100601315498352,7.907831714317788e-05,-0.26456914629255024,0.0549,0.0572,0.0168,0.1192,0.0,0
31.5,84.0,31.5,84.0,2025-08-05,12,0.0,0.0,0.0,0.0,0.0,0.0001,0.0,0.05,0.05,0.0,0.1042,0.0,0
23.527592,92.984969,23.5,93.0,2025-05-31,12,0.9487,55.45463943481445,42.19953155517578,113.69184112548828,65.69821166992188,3.2163166327050323,39.212947845458984,0.4183,0.3281,0.6468,0.6836,0.0,1
25.65443889,91.62390833,25.75,91.5,2025-02-08,12,0.4632,0.0,0.0,0.0,0.0,0.0001,0.0,0.05,0.05,0.0,0.1042,0.0,0
15.75,69.75,15.75,69.75,2025-08-27,12,0.0,0.0,0.0,0.0,0.0,0.0001,0.0,0.05,0.05,0.0,0.1042,0.0,0
23.119344,92.742996,23.0,92.75,2025-03-15,12,0.6896,0.0,0.0,0.0,0.0,0.0001,0.0,0.05,0.05,0.0,0.1042,0.0,0
15.0,86.75,15.0,86.75,2025-05-14,12,0.0,0.0,0.0,0.0,0.0,0.0001,0.0,0.05,0.05,0.0,0.1042,0.0,0
17.0,68.0,17.0,68.0,2025-12-19,12,0.0,0.0,0.0,0.0,0.0,0.0001,0.0,0.05,0.05,0.0,0.1042,0.0,0
27.06511111,88.09119444,27.0,88.0,2025-09-24,12,0.8941,4.611817836761475,43.27058410644531,139.36666870117188,67.47084045410156,0.2205654138596368,-15.297706263405935,0.2416,0.3626,0.7271,0.7555,0.185,1
33.0,78.5,33.0,78.5,2025-07-26,12,0.0222,0.0,0.0,9.139512062072754,3.18635892868042,4.337181925375388e-05,-1.3056445802961076,0.064,0.0944,0.1033,0.1967,0.0,0
26.5,66.75,26.5,66.75,2025-09-13,12,0.0,0.0,0.0,0.0,0.0,0.0001,0.0,0.05,0.05,0.0,0.1042,0.0,0
23.300787,92.853572,23.25,92.75,2025-11-25,12,0.8145,0.0,0.0,0.0,0.0,0.0001,0.0,0.05,0.05,0.0,0.1042,0.0,0
18.0,90.0,18.0,90.0,2025-01-13,12,0.0,0.0,0.0,0.0,0.0,0.0001,0.0,0.05,0.05,0.0,0.1042,0.0,0
10.0552,77.1071,10.0,77.0,2025-06-04,12,1.0,2.198784589767456,29.548856735229492,337.0386962890625,147.2325897216797,0.04473971182427578,-45.94960059438433,0.3179,0.4593,0.9518,0.9569,0.8562,1
17.5,69.5,17.5,69.5,2025-11-24,12,0.0,0.0,0.0,0.0,0.0,0.0001,0.0,0.05,0.05,0.0,0.1042,0.0,0
34.25,92.0,34.25,92.0,2025-12-14,12,0.0,0.0,0.0,0.0,0.0,0.0001,0.0,0.05,0.05,0.0,0.1042,0.0,0
27.03598244,88.42802062,27.0,88.5,2025-07-23,12,1.0,50.23615646362305,143.90228271484375,302.9165344238281,160.13168334960938,1.1346725849884964,6.9623658316476025,0.4059,0.4519,0.9345,0.9414,0.8045,1
33.010825,75.22598056,33.0,75.25,2025-01-18,12,0.6474,9.991958618164062,0.0,0.0,0.0,9.992058618164062,9.991958618164062,0.1769,0.05,0.0,0.1042,0.0,0
21.25,88.75,21.25,88.75,2025-04-08,12,0.0,0.0,0.0,0.0,0.0,0.0001,0.0,0.05,0.05,0.0,0.1042,0.0,0
25.918861945086245,82.2898493184089,26.0,82.25,2025-08-27,12,0.0868,7.583286285400391,27.97906494140625,33.419891357421875,22.80377769470215,1.313306449252876,2.80901609148298,0.1502,0.1895,0.3245,0.3949,0.0,0
23.26034943425086,82.54167470167764,23.25,82.5,2025-08-09,12,0.1477,5.415820121765137,4.585240840911865,74.13150787353516,33.567100524902344,0.46728381914768463,-5.174395288739886,0.1691,0.2974,0.5755,0.6197,0.0,0
26.45278,94.37526,26.5,94.5,2025-07-08,12,0.6103,0.3123943507671356,102.99995422363281,229.4612579345703,135.9024658203125,0.009250819666937691,-32.46778535417148,0.3118,0.4383,0.903,0.9131,0.7105,1
11.3494,76.7872,11.25,76.75,2025-02-17,12,0.6801,0.0,0.0,0.0,0.0,0.0001,0.0,0.05,0.05,0.0,0.1042,0.0,0
26.658768597164084,81.97015041237192,26.75,82.0,2025-07-17,12,0.1002,4.567458629608154,38.82642364501953,144.8861083984375,62.73551940917969,0.2105058240308828,-16.13055685588292,0.2335,0.4011,0.8164,0.8355,0.4518,0
33.387824,74.44095,33.5,74.5,2025-02-02,12,0.4169,4.353060722351074,0.0,0.0,0.0,4.353160722351074,4.353060722351074,0.1108,0.05,0.0,0.1042,0.0,0
23.18351,92.735641,23.25,92.75,2025-01-09,12,0.8145,0.0,0.0,0.0,0.0,0.0001,0.0,0.05,0.05,0.0,0.1042,0.0,0
27.074239,88.473046,27.0,88.5,2025-12-15,12,1.0,0.0,0.0,0.0,0.0,0.0001,0.0,0.05,0.05,0.0,0.1042,0.0,1
25.341478,93.133718,25.25,93.25,2025-05-31,12,0.763,46.36695861816406,24.148666381835938,50.61186218261719,32.574951171875,5.63372538277505,39.136692592075896,0.3951,0.217,0.3883,0.452,0.0,1
23.113126,92.74564,23.0,92.75,2025-02-04,12,0.6896,0.0,0.0,0.0,0.0,0.0001,0.0,0.05,0.05,0.0,0.1042,0.0,0
22.97583258609325,82.89392537406589,23.0,83.0,2025-08-09,12,0.084,17.577003479003906,0.0,64.9762191772461,30.29209327697754,1.7094496732321278,8.294686453683036,0.2476,0.2796,0.5339,0.5824,0.0,0
22.688472,92.842907,22.75,92.75,2025-05-31,12,0.7109,55.93308639526367,77.14723205566406,181.53414916992188,103.7266616821289,2.076718231103936,29.999636513846262,0.4193,0.4083,0.8332,0.8506,0.5021,1
19.25,96.75,19.25,96.75,2025-07-26,12,0.0,0.0,0.0,0.0,0.0,0.0001,0.0,0.05,0.05,0.0,0.1042,0.0,0
18.33571,73.67774,18.25,73.75,2025-11-27,12,0.4514,0.0,0.0,0.0,0.0,0.0001,0.0,0.05,0.05,0.0,0.1042,0.0,0
23.237356,92.744978,23.25,92.75,2025-06-05,12,0.8924,5.669178009033203,173.9884490966797,360.62884521484375,209.63592529296875,0.10794840116542101,-45.84922845023019,0.338,0.4651,0.9653,0.9689,0.8965,1
13.75,80.75,13.75,80.75,2025-09-25,12,0.0,0.0,0.0,0.0,0.0,0.0001,0.0,0.05,0.05,0.0,0.1042,0.0,0
22.404215,92.951647,22.5,93.0,2025-03-12,12,0.4923,0.0,0.0,0.0,0.0,0.0001,0.0,0.05,0.05,0.0,0.1042,0.0,0
23.480122757603052,86.70891790467806,23.5,86.75,2025-07-14,12,0.0227,2.4929158687591553,55.2593879699707,124.3008804321289,64.46673583984375,0.13290932264795277,-15.264352764402116,0.2366,0.3824,0.7731,0.7967,0.3224,0
30.142473,78.595303,30.25,78.5,2025-03-14,12,0.7335,0.0,0.0,0.0,0.0,0.0001,0.0,0.05,0.05,0.0,0.1042,0.0,0
30.06472222,79.51305556,30.0,79.5,2025-08-23,12,0.7505,2.6254043579101562,23.894840240478516,101.09667205810547,52.052425384521484,0.17001939241470856,-11.816977364676339,0.2131,0.3195,0.6268,0.6656,0.0,1
22.50292828298312,81.96606125350972,22.5,82.0,2025-07-05,12,0.1495,60.72584533691406,50.70846939086914,52.844818115234375,40.501625061035156,7.10306473886981,53.17658560616629,0.4287,0.2465,0.4569,0.5135,0.0,0
25.75,87.25,25.75,87.25,2025-01-25,12,0.0,0.0,0.0,0.0,0.0,0.0001,0.0,0.05,0.05,0.0,0.1042,0.0,0
14.0,89.5,14.0,89.5,2025-05-20,12,0.0,0.0,0.0,0.0,0.0,0.0001,0.0,0.05,0.05,0.0,0.1042,0.0,0
26.84530556,88.19261111,26.75,88.25,2025-01-04,12,0.815,0.0,0.0,0.0,0.0,0.0001,0.0,0.05,0.05,0.0,0.1042,0.0,0
23.170376,92.739585,23.25,92.75,2025-02-22,12,0.8145,0.0,0.0,0.0,0.0,0.0001,0.0,0.05,0.05,0.0,0.1042,0.0,0
26.0,83.0,26.0,83.0,2025-07-02,12,0.0,7.198485851287842,54.66521072387695,65.51322174072266,50.779991149902344,0.6949091455236824,-2.160545825958252,0.2105,0.2841,0.5444,0.5919,0.0,0
26.944378560687717,87.49069393645422,27.0,87.5,2025-07-26,12,0.1413,0.0,0.0,0.0,0.0,0.0001,0.0,0.05,0.05,0.0,0.1042,0.0,0
18.40485,73.51162,18.5,73.5,2025-07-26,12,0.5239,19.145713806152344,18.587730407714844,20.740928649902344,15.429544448852539,4.831153936281012,16.182723999023438,0.26,0.1336,0.1945,0.2784,0.0,1
22.322025580075216,78.55037708892716,22.25,78.5,2025-07-13,12,0.1382,8.346138000488281,29.910160064697266,193.98704528808594,92.19586181640625,0.2906837399379451,-19.366297040666854,0.2755,0.4346,0.8943,0.9053,0.6844,0
26.88116667,88.18944444,27.0,88.25,2025-07-14,12,1.0,0.0,56.766357421875,202.81842041015625,106.43920135498047,3.3362180433521013e-06,-28.97406005859375,0.29,0.4107,0.8388,0.8556,0.5188,1
32.75,79.25,32.75,79.25,2025-04-26,12,0.0091,0.0,3.4000003337860107,61.0,31.419559478759766,1.0294117647058824e-05,-8.714285714285714,0.1631,0.2728,0.5183,0.5684,0.0,0
9.911175,77.217249,10.0,77.25,2025-12-08,12,0.8526,0.0,4.119203090667725,39.5799560546875,15.548307418823242,1.5027923151712734e-05,-5.654279436383929,0.1126,0.1841,0.3118,0.3835,0.0,0
18.4095,73.85817,18.5,73.75,2025-03-22,12,0.4299,0.0,0.0,0.0,0.0,0.0001,0.0,0.05,0.05,0.0,0.1042,0.0,0
11.0,83.25,11.0,83.25,2025-10-06,12,0.0,0.0,0.0,0.0,0.0,0.0001,0.0,0.05,0.05,0.0,0.1042,0.0,0
24.633118986344797,80.46069658797998,24.75,80.5,2025-08-15,12,0.0713,0.0,27.64140510559082,78.31769561767578,41.19427490234375,8.204628534938734e-06,-11.18824223109654,0.1887,0.3092,0.6027,0.6441,0.0,0
23.326937045940973,79.77766387851248,23.25,79.75,2025-08-01,12,0.0862,23.606327056884766,62.417938232421875,115.55953979492188,75.01653289794922,1.3482833704719908,7.097821371895925,0.2918,0.3693,0.7425,0.7693,0.2311,0
30.61863889,77.36361111,30.5,77.25,2025-07-01,12,0.8474,33.380672454833984,61.86491775512695,149.95970153808594,88.31507873535156,1.488696811309491,11.957857949393137,0.3463,0.3759,0.7579,0.7831,0.277,1
22.815176684657956,85.86205652261057,22.75,85.75,2025-08-04,12,0.07,0.0,28.095256805419922,80.1012191772461,43.05491256713867,8.036626887799806e-06,-11.443031311035156,0.1932,0.3128,0.6111,0.6516,0.0,0
23.71710308065337,82.59851080900432,23.75,82.5,2025-08-08,12,0.0492,0.0,4.806387901306152,49.92405700683594,23.79882049560547,1.2297085569918848e-05,-7.132008143833706,0.1404,0.242,0.4466,0.5043,0.0,0
24.270008105980573,84.88274235780237,24.25,85.0,2025-07-18,12,0.0831,31.577064514160156,93.44493103027344,134.10321044921875,89.24600219726562,1.5665139786360187,12.419463021414622,0.3376,0.3911,0.7932,0.8147,0.3823,0
10.0,80.5,10.0,80.5,2025-11-02,12,0.0,0.0,0.0,0.0,0.0,0.0001,0.0,0.05,0.05,0.0,0.1042,0.0,0
30.13972222,78.59416667,30.25,78.5,2025-06-16,12,0.8818,0.0,2.964538335800171,2.964538335800171,2.51985764503479,7.024911505283388e-05,-0.42350547654288156,0.0612,0.0618,0.0274,0.1287,0.0,1
32.442188,75.531513,32.5,75.5,2025-08-17,12,0.6153,24.13433074951172,71.98213958740234,295.2789001464844,170.02113342285156,0.5588911934134774,-18.04836927141462,0.3275,0.4586,0.9501,0.9553,0.8511,1
16.5,66.75,16.5,66.75,2025-09-10,12,0.0,0.0,0.0,0.0,0.0,0.0001,0.0,0.05,0.05,0.0,0.1042,0.0,0
12.407845,75.741754,12.5,75.75,2025-12-05,12,0.4483,2.9647324085235596,0.0,0.0,0.0,2.96483240852356,2.9647324085235596,0.0924,0.05,0.0,0.1042,0.0,0
15.25,79.25,15.25,79.25,2025-01-13,12,0.0,0.0,0.0,0.0,0.0,0.0001,0.0,0.05,0.05,0.0,0.1042,0.0,0
11.3375,76.7769,11.25,76.75,2025-10-22,12,0.8668,3.2365293502807617,22.973480224609375,62.4788703918457,31.56708526611328,0.3260905844350684,-5.6890235628400525,0.1635,0.241,0.4442,0.5021,0.0,1
12.0,92.5,12.0,92.5,2025-03-03,12,0.0,0.0,0.0,0.0,0.0,0.0001,0.0,0.05,0.05,0.0,0.1042,0.0,0
23.367366,92.767304,23.25,92.75,2025-01-13,12,0.8145,0.0,0.0,0.0,0.0,0.0001,0.0,0.05,0.05,0.0,0.1042,0.0,0
9.882615,77.187536,10.0,77.25,2025-01-01,12,1.0,0.0,0.0,0.0,0.0,0.0001,0.0,0.05,0.05,0.0,0.1042,0.0,1
17.75,90.25,17.75,90.25,2025-05-06,12,0.0,0.0,0.0,0.0,0.0,0.0001,0.0,0.05,0.05,0.0,0.1042,0.0,0
23.362788744077,86.71545680708127,23.25,86.75,2025-07-04,12,0.0597,1.710679054260254,28.877599716186523,154.33396911621094,79.3896713256836,0.07422772430024147,-20.337030819484166,0.2595,0.4106,0.8387,0.8555,0.5183,0
23.176777,92.738013,23.25,92.75,2025-12-16,12,0.8145,0.0,0.0,0.0,0.0,0.0001,0.0,0.05,0.05,0.0,0.1042,0.0,0
24.0,95.75,24.0,95.75,2025-09-22,12,0.0,0.0,0.0,0.0,0.0,0.0001,0.0,0.05,0.05,0.0,0.1042,0.0,0
23.4785,92.7041,23.5,92.75,2025-12-15,12,0.8923,0.0,0.0,0.0,0.0,0.0001,0.0,0.05,0.05,0.0,0.1042,0.0,0
26.90558333,88.15791667,27.0,88.25,2025-01-11,12,1.0,0.0,0.6239730715751648,0.6239730715751648,0.45082056522369385,9.181564434033018e-05,-0.08913901022502355,0.052,0.0524,0.0056,0.1092,0.0,0
23.95863881815589,83.89271761237087,24.0,84.0,2025-08-03,12,0.0428,0.0,9.289606094360352,70.16805267333984,29.910438537597656,9.071111369923647e-06,-10.024007524762835,0.1588,0.2931,0.5653,0.6105,0.0,0
12.75,95.75,12.75,95.75,2025-01-19,12,0.0,0.0,0.0,0.0,0.0,0.0001,0.0,0.05,0.05,0.0,0.1042,0.0,0
35.75,99.0,35.75,99.0,2025-11-06,12,0.0,0.0,0.0,0.0,0.0,0.0001,0.0,0.05,0.05,0.0,0.1042,0.0,0
28.25,77.25,28.25,77.25,2025-06-11,12,0.0,0.0,0.0,0.0,0.0,0.0001,0.0,0.05,0.05,0.0,0.1042,0.0,0
26.238016,91.945953,26.25,92.0,2025-03-12,12,0.4132,0.0,0.0,0.0,0.0,0.0001,0.0,0.05,0.05,0.0,0.1042,0.0,0
12.797322,74.917082,12.75,75.0,2025-08-14,12,0.6373,10.87136459350586,6.608831405639648,52.18854904174805,20.907129287719727,1.2857259281835827,3.4158575875418524,0.1861,0.226,0.4093,0.4708,0.0,1
22.437107,92.946912,22.5,93.0,2025-05-31,12,0.6753,54.579010009765625,73.99465942382812,179.4389190673828,101.87033081054688,2.0492168265054005,28.944878714425222,0.4163,0.4082,0.833,0.8504,0.5013,1
18.39979,73.37968,18.5,73.5,2025-02-12,12,0.4481,0.0,0.0,0.0,0.0,0.0001,0.0,0.05,0.05,0.0,0.1042,0.0,0
25.00940794818161,83.82422658207247,25.0,83.75,2025-07-16,12,0.1255,7.436370372772217,7.210897445678711,14.285901069641113,8.778172492980957,2.445529199778583,5.395527362823486,0.1485,0.1158,0.153,0.2412,0.0,0
27.09236784,88.15408578,27.0,88.25,2025-01-26,12,1.0,0.12994466722011566,0.1949170082807541,0.1949170082807541,0.1656794548034668,0.12652163596788052,0.10209938032286509,0.052,0.0508,0.0018,0.1057,0.0,0
27.06844444,88.09144444,27.0,88.0,2025-12-04,12,0.7464,0.0,0.0,0.0,0.0,0.0001,0.0,0.05,0.05,0.0,0.1042,0.0,0
23.223594,92.914767,23.25,93.0,2025-12-13,12,0.7561,0.0,0.0,0.0,0.0,0.0001,0.0,0.05,0.05,0.0,0.1042,0.0,0
32.32277778,77.155,32.25,77.25,2025-01-06,12,0.4903,0.0,0.0,0.0,0.0,0.0001,0.0,0.05,0.05,0.0,0.1042,0.0,0
30.136504,78.389354,30.25,78.5,2025-07-23,12,0.9708,9.27356243133545,48.04444122314453,72.39729309082031,51.7389030456543,0.8176051662755428,-1.0689080102103095,0.2125,0.2573,0.4821,0.536,0.0,1
22.727577413936796,86.77127561898502,22.75,86.75,2025-08-13,12,0.0807,3.7995240688323975,11.065750122070312,67.22319793701172,29.421512603759766,0.35834306821969863,-5.803789922169276,0.1574,0.2849,0.5463,0.5936,0.0,0
14.810244,74.141481,14.75,74.25,2025-06-15,12,0.6349,31.986236572265625,185.88458251953125,215.3038330078125,155.15948486328125,1.007199709408477,1.228546142578125,0.3396,0.4311,0.8862,0.8981,0.6603,1
25.816538076061054,83.86459512374797,25.75,83.75,2025-08-20,12,0.1476,0.0,0.5831401944160461,47.401519775390625,17.906696319580078,1.286728758479751e-05,-6.771645682198661,0.1209,0.2314,0.4218,0.482,0.0,0
29.75,70.0,29.75,70.0,2025-11-03,12,0.0,0.0,0.0,0.0,0.0,0.0001,0.0,0.05,0.05,0.0,0.1042,0.0,0
27.07670833,88.09208333,27.0,88.0,2025-07-03,12,0.8866,3.5872504711151123,42.70578384399414,96.68498229980469,51.49367141723633,0.2421898788119202,-10.224889857428414,0.212,0.3057,0.5947,0.6369,0.0,1
24.249019953522144,85.56356054743634,24.25,85.5,2025-07-11,12,0.0843,24.942750930786133,24.8599910736084,82.49654388427734,42.6529541015625,1.9509128390618942,13.157530375889369,0.3004,0.3168,0.6206,0.6601,0.0,0
18.51905,72.961793,18.5,73.0,2025-02-11,12,0.3924,0.0,0.0,0.0,0.0,0.0001,0.0,0.05,0.05,0.0,0.1042,0.0,0
28.0,68.25,28.0,68.25,2025-05-16,12,0.0,0.0,0.0,0.0,0.0,0.0001,0.0,0.05,0.05,0.0,0.1042,0.0,0
24.548677550019686,82.22445790030879,24.5,82.25,2025-07-13,12,0.0234,46.427391052246094,94.74585723876953,127.88204193115234,93.19776916503906,2.409456683133609,28.15852791922433,0.3953,0.3865,0.7825,0.8052,0.3505,0
23.205193,92.574684,23.25,92.5,2025-06-01,12,0.8277,89.12710571289062,83.58097076416016,163.79278564453125,103.04899597167969,3.652908626297186,65.72813633510044,0.461,0.3895,0.7896,0.8115,0.3717,1
26.652646338370094,85.99678413653601,26.75,86.0,2025-08-05,12,0.0841,20.264402389526367,86.6561050415039,100.11415100097656,78.25883483886719,1.324302301806895,5.962380817958287,0.2684,0.3474,0.6915,0.7237,0.0789,0
23.25,76.25,23.25,76.25,2025-11-16,12,0.0,0.0,0.0,0.0,0.0,0.0001,0.0,0.05,0.05,0.0,0.1042,0.0,0
22.507872721176906,81.28352073810719,22.5,81.25,2025-08-15,12,0.0295,10.913535118103027,4.277199745178223,19.374086380004883,10.206962585449219,2.896610131854245,8.145808492388044,0.1865,0.1386,0.2061,0.2888,0.0,0
23.755925,92.726753,23.75,92.75,2025-01-27,12,0.8587,0.0,0.0,0.0,0.0,0.0001,0.0,0.05,0.05,0.0,0.1042,0.0,0
15.0,68.25,15.0,68.25,2025-08-19,12,0.0,0.0,0.0,0.0,0.0,0.0001,0.0,0.05,0.05,0.0,0.1042,0.0,0
25.25,80.5,25.25,80.5,2025-06-09,12,0.0,0.0,1.4936530590057373,1.4936530590057373,0.9172897338867188,8.241447998135466e-05,-0.21337900842939103,0.0541,0.0576,0.0178,0.1201,0.0,0
23.53025731761394,83.51877136421186,23.5,83.5,2025-08-18,12,0.0741,0.0,3.073028564453125,89.47413635253906,43.667598724365234,7.255830696861968e-06,-12.782019478934151,0.1947,0.3301,0.6514,0.6877,0.0,0
23.125271,92.740646,23.25,92.75,2025-11-22,12,0.8145,0.0,0.0,0.0,0.0,0.0001,0.0,0.05,0.05,0.0,0.1042,0.0,0
7.0,68.0,7.0,68.0,2025-01-26,12,0.0,0.0,0.0,0.0,0.0,0.0001,0.0,0.05,0.05,0.0,0.1042,0.0,0
22.1104292265059,81.57961194532764,22.0,81.5,2025-07-23,12,0.0704,1.1595351696014404,17.21112823486328,108.67383575439453,51.91938018798828,0.0701753005272992,-14.365298509597778,0.2129,0.3606,0.7223,0.7512,0.1707,0
32.67499167,75.16107778,32.75,75.25,2025-11-04,12,0.5618,0.0,0.0,0.0,0.0,0.0001,0.0,0.05,0.05,0.0,0.1042,0.0,0
30.5,72.5,30.5,72.5,2025-04-02,12,0.0,0.0,0.0,0.0,0.0,0.0001,0.0,0.05,0.05,0.0,0.1042,0.0,0
23.00631894067236,86.9023662179577,23.0,87.0,2025-07-04,12,0.1438,5.183791637420654,35.285308837890625,137.4990234375,72.18727111816406,0.2511244754373019,-14.458925996507919,0.2491,0.3924,0.7962,0.8174,0.3915,0
23.243855,92.905242,23.25,93.0,2025-05-31,12,0.8171,57.51850509643555,57.59139633178711,152.9855194091797,86.28556060791016,2.516666740602191,35.663430895124165,0.4226,0.3802,0.768,0.7921,0.3071,1
10.25,79.5,10.25,79.5,2025-08-04,12,0.0,0.0,0.0,0.0,0.0,0.0001,0.0,0.05,0.05,0.0,0.1042,0.0,0
36.0,72.5,36.0,72.5,2025-02-03,12,0.0,0.0,0.0,0.0,0.0,0.0001,0.0,0.05,0.05,0.0,0.1042,0.0,0
13.26724722,75.39658444,13.25,75.5,2025-02-16,12,0.4503,0.0,0.0,0.0,0.0,0.0001,0.0,0.05,0.05,0.0,0.1042,0.0,0
23.38450844870469,80.48898385193192,23.5,80.5,2025-07-11,12,0.0451,6.392696380615234,109.48343658447266,370.109375,173.45510864257812,0.11866471011044645,-46.48007147652762,0.3287,0.4747,0.9876,0.9889,0.963,0
33.047327,74.644605,33.0,74.75,2025-02-27,12,0.4731,3.3098483085632324,0.0,41.31179428100586,17.466136932373047,0.4795855443740359,-2.591836588723319,0.1194,0.2023,0.3541,0.4214,0.0,0
11.52475,76.24763889,11.5,76.25,2025-05-26,12,0.8897,78.73112487792969,73.33707427978516,169.56076049804688,102.36564636230469,3.1214102872625786,54.508159092494424,0.4527,0.3916,0.7945,0.8159,0.3863,1
27.13738442,88.51408081,27.25,88.5,2025-02-25,12,0.9541,5.663539409637451,14.810748100280762,20.904926300048828,12.886519432067871,1.4207339392755458,2.6771213667733327,0.1273,0.1248,0.1739,0.2599,0.0,0
11.21705556,76.60447222,11.25,76.5,2025-03-15,12,0.6887,0.0,96.77364349365234,96.77364349365234,74.87712097167969,6.745450737140378e-06,-13.824806213378906,0.2531,0.3156,0.6176,0.6575,0.0,0
19.0,80.25,19.0,80.25,2025-09-15,12,0.0,26.78432273864746,61.02248764038086,92.72041320800781,56.87896728515625,1.8801662883149406,13.538549423217773,0.3116,0.3387,0.6713,0.7055,0.0185,0
12.821309,74.895136,12.75,75.0,2025-07-24,12,0.6264,30.87407112121582,101.2330093383789,414.1181640625,196.25271606445312,0.5132032201214564,-28.285666601998464,0.3351,0.4735,0.9849,0.9864,0.9548,1
23.206239,92.491221,23.25,92.5,2025-06-01,12,0.8517,89.12710571289062,83.58097076416016,163.79278564453125,103.04899597167969,3.652908626297186,65.72813633510044,0.461,0.3885,0.7871,0.8093,0.3643,1
22.46258310591547,79.00941625556399,22.5,79.0,2025-08-02,12,0.15,6.16036319732666,92.56997680664062,196.63685607910156,100.59837341308594,0.21176541030733476,-21.930616242544993,0.2844,0.4356,0.8968,0.9076,0.6919,0
13.54903861,75.75878833,13.5,75.75,2025-08-18,12,0.589,3.1140966415405273,19.98516082763672,46.69075393676758,26.293081283569336,0.40601732872772006,-3.556011063711984,0.1481,0.2133,0.3798,0.4444,0.0,1
23.214239,92.740856,23.25,92.75,2025-05-31,12,0.9319,58.45155715942383,51.10498046875,134.1341552734375,75.67455291748047,2.8990969572407543,39.28953497750419,0.4244,0.3549,0.7091,0.7394,0.1312,1
19.5,84.75,19.5,84.75,2025-05-06,12,0.0,0.0,11.53160572052002,43.380699157714844,21.10247039794922,1.3894209721240209e-05,-6.197242736816406,0.1317,0.2245,0.4058,0.4677,0.0,0
12.833031,74.904777,12.75,75.0,2025-03-23,12,0.3899,0.0,0.0,0.0,0.0,0.0001,0.0,0.05,0.05,0.0,0.1042,0.0,0
25.070931221595057,80.36609782707507,25.0,80.25,2025-08-01,12,0.0758,17.9257755279541,2.3851561546325684,85.71961212158203,42.18893051147461,1.3533396637934263,5.680116653442383,0.2504,0.3233,0.6355,0.6734,0.0,0
18.63087,73.41815,18.75,73.5,2025-01-04,12,0.4188,0.0,0.0,0.0,0.0,0.0001,0.0,0.05,0.05,0.0,0.1042,0.0,0
36.5,69.5,36.5,69.5,2025-11-08,12,0.0,0.0,0.0,0.0,0.0,0.0001,0.0,0.05,0.05,0.0,0.1042,0.0,0
20.0,93.5,20.0,93.5,2025-02-21,12,0.0,0.0,0.0,0.0,0.0,0.0001,0.0,0.05,0.05,0.0,0.1042,0.0,0
14.25,86.75,14.25,86.75,2025-10-01,12,0.0,0.0,0.0,0.0,0.0,0.0001,0.0,0.05,0.05,0.0,0.1042,0.0,0
17.75,70.0,17.75,70.0,2025-02-19,12,0.0,0.0,0.0,0.0,0.0,0.0001,0.0,0.05,0.05,0.0,0.1042,0.0,0
24.314206,92.225824,24.25,92.25,2025-07-01,12,0.6315,15.70492172241211,40.01176452636719,99.12039947509766,54.73629379272461,1.035947401259852,1.5448646545410156,0.2318,0.3221,0.6327,0.671,0.0,1
22.973735,92.725975,23.0,92.75,2025-11-05,12,0.6896,0.0,3.4713611602783203,5.369637966156006,3.150287628173828,5.659017684391715e-05,-0.7670911380222866,0.0639,0.0723,0.0519,0.1507,0.0,0
10.5,85.25,10.5,85.25,2025-01-24,12,0.0,0.0,0.0,0.0,0.0,0.0001,0.0,0.05,0.05,0.0,0.1042,0.0,0
32.25,67.5,32.25,67.5,2025-10-26,12,0.0,0.0,0.0,0.0,0.0,0.0001,0.0,0.05,0.05,0.0,0.1042,0.0,0
22.922528,92.752404,23.0,92.75,2025-06-01,12,0.8163,171.4090118408203,91.12442016601562,194.12319946289062,119.84480285644531,5.96581491389376,143.67712620326452,0.4789,0.4127,0.8434,0.8597,0.5324,1
24.868139289714538,86.21535577889686,24.75,86.25,2025-08-03,12,0.102,88.47148132324219,51.66255187988281,86.70068359375,55.025535583496094,6.609354868185869,76.0856693812779,0.4606,0.324,0.6372,0.675,0.0,0
35.25,93.5,35.25,93.5,2025-09-01,12,0.0,0.0,0.0,0.0,0.0,0.0001,0.0,0.05,0.05,0.0,0.1042,0.0,0
17.930656,73.437399,18.0,73.5,2025-01-01,12,0.634,0.0,0.0,0.0,0.0,0.0001,0.0,0.05,0.05,0.0,0.1042,0.0,1
16.0,79.0,16.0,79.0,2025-04-25,12,0.0,0.0,0.0,0.0,0.0,0.0001,0.0,0.05,0.05,0.0,0.1042,0.0,0
6.75,96.25,6.75,96.25,2025-06-19,12,0.0,0.0,0.0,0.0,0.0,0.0001,0.0,0.05,0.05,0.0,0.1042,0.0,0
31.3626538,76.7744273,31.25,76.75,2025-02-07,12,0.7752,0.0,7.210565567016602,7.210565567016602,6.128981113433838,4.925912319948288e-05,-1.030080795288086,0.0764,0.079,0.0674,0.1645,0.0,0
32.63833333,76.85222222,32.75,76.75,2025-03-17,12,0.4404,9.117143630981445,6.8421244621276855,20.204566955566406,11.037591934204102,2.345955571397602,6.230776923043387,0.1675,0.1335,0.1941,0.278,0.0,0
14.491747,74.497642,14.5,74.5,2025-02-25,12,0.4585,4.902035236358643,0.0,0.0,0.0,4.902135236358642,4.902035236358643,0.1178,0.05,0.0,0.1042,0.0,0
19.335403,73.783893,19.25,73.75,2025-07-27,12,0.5014,15.711638450622559,10.521071434020996,11.420475006103516,8.426774978637695,5.970647831715304,14.0801420211792,0.2319,0.0986,0.113,0.2054,0.0,1
30.754834,78.561414,30.75,78.5,2025-01-18,12,0.698,2.4135191440582275,0.0,3.2314014434814453,1.5535564422607422,1.6513215810891502,1.951890366418021,0.0848,0.0635,0.0315,0.1324,0.0,0
36.75,93.0,36.75,93.0,2025-06-05,12,0.0,0.0,0.0,0.0,0.0,0.0001,0.0,0.05,0.05,0.0,0.1042,0.0,0
9.75,78.25,9.75,78.25,2025-07-21,12,0.003,0.0,0.0,0.0,0.0,0.0001,0.0,0.05,0.05,0.0,0.1042,0.0,0
27.0718085,88.2007865,27.0,88.25,2025-09-07,12,1.0,4.916702747344971,12.434998512268066,41.088897705078125,22.38589096069336,0.7157082169463065,-0.9531397819519043,0.1359,0.1829,0.3091,0.3811,0.0,1
22.56277253682758,84.79740557856371,22.5,84.75,2025-07-01,12,0.0818,29.439332962036133,50.23955535888672,96.81582641601562,57.94127655029297,1.9850155592698886,15.608500616891044,0.3265,0.3422,0.6795,0.7129,0.0431,0
24.41655724348647,81.35970307380512,24.5,81.25,2025-07-06,12,0.072,11.57430648803711,20.95785903930664,51.13987350463867,27.32855987548828,1.3935504247320996,4.268610273088727,0.1932,0.2446,0.4526,0.5096,0.0,0
23.793306815132297,80.67792474522633,23.75,80.75,2025-07-08,12,0.0319,109.8995361328125,103.7423095703125,167.92977905273438,106.02960205078125,4.397750097756512,85.9095676967076,0.4708,0.4218,0.8645,0.8787,0.5955,0
30.1463,78.5967,30.25,78.5,2025-01-12,12,0.7335,0.0,0.0,0.0,0.0,0.0001,0.0,0.05,0.05,0.0,0.1042,0.0,0
26.721044191730538,87.95510968015867,26.75,88.0,2025-07-16,12,0.0528,17.30052947998047,20.01995849609375,49.90626525878906,29.091602325439453,2.1281383659448454,10.171063014439174,0.2453,0.2419,0.4462,0.5039,0.0,0
23.319412,92.855415,23.25,92.75,2025-05-31,12,0.89,58.45155715942383,51.10498046875,134.1341552734375,75.67455291748047,2.8990969572407543,39.28953497750419,0.4244,0.357,0.7139,0.7437,0.1457,1
21.75,73.0,21.75,73.0,2025-05-13,12,0.0,0.0,1.0201314687728882,23.33797264099121,11.393266677856445,2.3073394134919672e-05,-3.333996091570173,0.0973,0.155,0.2443,0.323,0.0,0
23.199961,92.488796,23.25,92.5,2025-06-01,12,0.7673,89.12710571289062,83.58097076416016,163.79278564453125,103.04899597167969,3.652908626297186,65.72813633510044,0.461,0.3922,0.7958,0.817,0.3901,1
25.15585322978353,78.49842027782941,25.25,78.5,2025-07-18,12,0.1382,22.29090690612793,12.980388641357422,263.3532409667969,129.41000366210938,0.5771598956420834,-15.330984660557341,0.3078,0.4597,0.9527,0.9576,0.8587,0
33.276141,75.769053,33.25,75.75,2025-06-07,12,0.8605,0.0,12.027688026428223,36.32656478881836,19.13236427307129,1.6156369733255537e-05,-5.18950925554548,0.1251,0.1746,0.2897,0.3637,0.0,1
18.75,73.25,18.75,73.25,2025-03-04,12,0.0746,0.0,0.0,0.0,0.0,0.0001,0.0,0.05,0.05,0.0,0.1042,0.0,0
27.09993663,88.23805144,27.0,88.25,2025-03-10,12,1.0,0.4304322302341461,0.0,0.0,0.0,0.4305322302341461,0.4304322302341461,0.0564,0.05,0.0,0.1042,0.0,0
28.5,69.5,28.5,69.5,2025-08-24,12,0.0,0.0,0.0,0.0,0.0,0.0001,0.0,0.05,0.05,0.0,0.1042,0.0,0
23.25540051832584,84.50425248823865,23.25,84.5,2025-07-22,12,0.0359,1.8368021249771118,16.486196517944336,58.58976364135742,28.549400329589844,0.19604148819850314,-6.53316410950252,0.1549,0.2658,0.5018,0.5537,0.0,0
24.361409020814907,86.80156737921484,24.25,86.75,2025-07-04,12,0.1081,19.264202117919922,31.390195846557617,49.50880432128906,29.52311897277832,2.3863558333092563,12.1915157863072,0.2609,0.2388,0.439,0.4974,0.0,0
33.30953889,74.94223056,33.25,75.0,2025-01-24,12,0.5742,0.0,0.5663470029830933,6.894931793212891,2.868217706680298,5.0378081045487505e-05,-0.9849902561732701,0.0627,0.0794,0.0684,0.1655,0.0,0
18.26614,73.59632,18.25,73.5,2025-02-09,12,0.4745,0.0,0.0,0.0,0.0,0.0001,0.0,0.05,0.05,0.0,0.1042,0.0,0
22.18143811306751,80.75719853095552,22.25,80.75,2025-07-14,12,0.0524,2.7957887649536133,49.868995666503906,247.9098663330078,118.16969299316406,0.07677702568447446,-32.619906425476074,0.2999,0.4572,0.9469,0.9524,0.8415,0
25.872387096379917,78.33789150948249,25.75,78.25,2025-07-19,12,0.0474,53.96660232543945,28.857440948486328,167.89663696289062,79.1436767578125,2.159943855056689,29.981368473597936,0.415,0.4213,0.8634,0.8777,0.5922,0
23.198272,92.589291,23.25,92.5,2025-06-01,12,0.7363,89.12710571289062,83.58097076416016,163.79278564453125,103.04899597167969,3.652908626297186,65.72813633510044,0.461,0.3935,0.7989,0.8198,0.3994,1
24.288014,92.946017,24.25,93.0,2025-03-26,12,0.5878,0.0,1.3841360807418823,3.731963634490967,1.8122705221176147,6.522571486827462e-05,-0.5331376620701381,0.0581,0.0661,0.0375,0.1377,0.0,0
24.25,99.5,24.25,99.5,2025-10-07,12,0.0,0.0,0.0,0.0,0.0,0.0001,0.0,0.05,0.05,0.0,0.1042,0.0,0
27.00472222,88.11619444,27.0,88.0,2025-06-05,12,0.9463,7.329970359802246,8.012086868286133,70.88153076171875,33.78590393066406,0.6588274783093563,-2.795962606157575,0.1697,0.2554,0.4776,0.532,0.0,1
25.43687208848899,79.11582313133242,25.5,79.0,2025-08-26,12,0.0757,8.369318962097168,14.84244441986084,15.66934871673584,12.97582721710205,2.584367705783652,6.130840573992048,0.1592,0.1224,0.1685,0.2551,0.0,0
31.78138889,77.33666667,31.75,77.25,2025-02-06,12,0.6856,21.19252586364746,0.0,0.0,0.0,21.19262586364746,21.19252586364746,0.2752,0.05,0.0,0.1042,0.0,0
25.340415,91.774142,25.25,91.75,2025-05-31,12,0.6639,142.35092163085938,33.61418151855469,71.69831085205078,42.82623291015625,12.661734929601087,132.10830579485213,0.4771,0.2702,0.5121,0.5629,0.0,1
13.26724722,75.39658444,13.25,75.5,2025-11-26,12,0.4503,0.0,13.53166675567627,13.53166675567627,9.776629447937012,3.409367628697145e-05,-1.9330952508108956,0.0911,0.1077,0.1342,0.2244,0.0,0
23.092076,92.752286,23.0,92.75,2025-11-27,12,0.6896,0.0,0.0,0.0,0.0,0.0001,0.0,0.05,0.05,0.0,0.1042,0.0,0
23.306409,92.706083,23.25,92.75,2025-03-17,12,0.8145,0.0,0.0,0.0,0.0,0.0001,0.0,0.05,0.05,0.0,0.1042,0.0,0
33.642519,74.435408,33.75,74.5,2025-07-20,12,0.6239,0.0,17.19685173034668,26.80582618713379,16.667142868041992,2.0706489944221923e-05,-3.829403741019113,0.1166,0.1522,0.2378,0.3172,0.0,1
25.69463611,91.64577778,25.75,91.75,2025-11-02,12,0.4898,3.7761523723602295,41.19674301147461,41.19674301147461,33.134521484375,0.5484554547644079,-2.1090966292790005,0.1679,0.2013,0.352,0.4195,0.0,0
23.223807,92.944448,23.25,93.0,2025-11-12,12,0.7561,0.0,0.0,53.275550842285156,21.64537239074707,1.1613332275164018e-05,-7.610792977469308,0.1334,0.224,0.4046,0.4666,0.0,0
11.4723,76.8408,11.5,76.75,2025-10-19,12,0.8369,23.531282424926758,56.87363815307617,79.29508972167969,47.37805938720703,1.9087954773063434,12.203412464686803,0.2913,0.2774,0.5288,0.5779,0.0,1
18.3619,73.77245,18.25,73.75,2025-08-27,12,0.5962,3.852602958679199,25.711353302001953,129.4109649658203,60.41145324707031,0.19770346700143818,-14.634677750723704,0.2294,0.3653,0.7333,0.761,0.2035,1
22.640478731831,81.38267505994499,22.75,81.5,2025-08-18,12,0.0492,1.1202173233032227,25.824872970581055,30.123090744018555,20.20668601989746,0.211249147254425,-3.183081354413714,0.1287,0.1791,0.3002,0.3731,0.0,0
26.198122479307806,82.2600081050241,26.25,82.25,2025-07-01,12,0.043,14.998138427734375,3.549724817276001,6.988908767700195,4.319427967071533,7.505064958072553,13.99972288949149,0.2256,0.0842,0.0796,0.1755,0.0,0
23.97709135121189,84.87189996468676,24.0,84.75,2025-08-18,12,0.0743,0.0,8.191171646118164,26.835124969482422,12.111968994140625,2.0688559614642026e-05,-3.8335892813546315,0.1,0.1665,0.271,0.3469,0.0,0
23.367366,92.767304,23.25,92.75,2025-06-01,12,0.9205,99.3125228881836,87.32789611816406,173.41844177246094,108.7843017578125,3.853200112957625,74.53845977783203,0.4667,0.3934,0.7985,0.8195,0.3984,1
29.25,91.25,29.25,91.25,2025-05-03,12,0.0,0.0,0.0,0.0,0.0,0.0001,0.0,0.05,0.05,0.0,0.1042,0.0,0
23.1378,92.749869,23.25,92.75,2025-06-01,12,0.8919,99.3125228881836,87.32789611816406,173.41844177246094,108.7843017578125,3.853200112957625,74.53845977783203,0.4667,0.3946,0.8015,0.8222,0.4073,1
26.224311637448164,80.23982545865081,26.25,80.25,2025-08-23,12,0.0866,4.976363658905029,0.9632002115249634,2.101815700531006,1.356709361076355,3.8272853195986922,4.676104273114886,0.1187,0.0605,0.0244,0.126,0.0,0
26.084916904045347,79.1050135122769,26.0,79.0,2025-08-11,12,0.0984,2.9048912525177,8.667364120483398,57.17652130126953,27.394380569458008,0.31685947376555046,-5.263183219092232,0.1514,0.2598,0.4879,0.5412,0.0,0
9.911175,77.217249,10.0,77.25,2025-01-01,12,1.0,0.0,0.0,0.0,0.0,0.0001,0.0,0.05,0.05,0.0,0.1042,0.0,1
23.311335,92.858026,23.25,92.75,2025-05-31,12,0.9818,58.45155715942383,51.10498046875,134.1341552734375,75.67455291748047,2.8990969572407543,39.28953497750419,0.4244,0.3524,0.7032,0.7341,0.1136,1
15.5,67.5,15.5,67.5,2025-07-09,12,0.0,0.0,0.0,0.0,0.0,0.0001,0.0,0.05,0.05,0.0,0.1042,0.0,0
19.0,79.75,19.0,79.75,2025-11-26,12,0.0,0.0,0.0,0.0,0.0,0.0001,0.0,0.05,0.05,0.0,0.1042,0.0,0
9.872884,77.2112,9.75,77.25,2025-01-01,12,0.942,0.0,0.0,0.0,0.0,0.0001,0.0,0.05,0.05,0.0,0.1042,0.0,1
12.25,82.5,12.25,82.5,2025-02-12,12,0.0,0.0,0.0,0.0,0.0,0.0001,0.0,0.05,0.05,0.0,0.1042,0.0,0
23.204595,92.73861,23.25,92.75,2025-06-03,12,1.0,74.10578155517578,231.1013946533203,327.7077941894531,207.78814697265625,1.5498329584539337,27.290382385253906,0.4479,0.4575,0.9476,0.9531,0.8436,1
32.25,66.5,32.25,66.5,2025-11-20,12,0.0,0.0,0.0,0.0,0.0,0.0001,0.0,0.05,0.05,0.0,0.1042,0.0,0
22.91406694269613,87.56291881513361,23.0,87.5,2025-07-19,12,0.1224,2.044019937515259,27.19121742248535,86.80966186523438,45.308204650878906,0.15253055259022985,-10.357360328946795,0.1985,0.3234,0.6357,0.6737,0.0,0
22.23699288965582,84.12722051941756,22.25,84.25,2025-07-22,12,0.1376,4.518862724304199,50.593711853027344,247.70285034179688,101.13488006591797,0.12419468030169288,-30.867258753095356,0.285,0.4556,0.9433,0.9492,0.8307,0
23.143591,92.749751,23.25,92.75,2025-09-01,12,0.919,25.983552932739258,38.46104049682617,100.78411865234375,58.40301513671875,1.6874987966997652,11.58582169669015,0.3068,0.3106,0.6061,0.6471,0.0,1
11.51527778,76.89536111,11.5,77.0,2025-02-09,12,0.517,0.0,0.0,0.0,0.0,0.0001,0.0,0.05,0.05,0.0,0.1042,0.0,0
23.3466,92.854847,23.25,92.75,2025-12-19,12,0.8145,0.0,0.0,0.0,0.0,0.0001,0.0,0.05,0.05,0.0,0.1042,0.0,0
32.75,97.5,32.75,97.5,2025-12-23,12,0.0,0.0,0.0,0.0,0.0,0.0001,0.0,0.05,0.05,0.0,0.1042,0.0,0
9.872884,77.2112,9.75,77.25,2025-02-07,12,0.7376,0.0,0.0,0.570214569568634,0.2530072331428528,9.246765644053434e-05,-0.08145922422409058,0.0511,0.0524,0.0056,0.1092,0.0,0
26.333041144645794,85.94729340736279,26.25,86.0,2025-07-02,12,0.0293,0.0,0.0,36.86116409301758,12.136013984680176,1.5959448739561285e-05,-5.265880584716797,0.1001,0.2028,0.3554,0.4225,0.0,0
27.06247222,88.09280556,27.0,88.0,2025-08-25,12,0.9553,12.7399263381958,33.94718933105469,44.72142791748047,29.034770965576172,1.7242405702652703,6.351150921412876,0.2047,0.1942,0.3353,0.4046,0.0,1
26.184324,91.855395,26.25,91.75,2025-05-31,12,0.656,46.6163215637207,25.202701568603516,40.160362243652344,27.459131240844727,6.9192630298331945,40.87912695748465,0.3959,0.1926,0.3316,0.4012,0.0,1
11.3669,76.7992,11.25,76.75,2025-10-22,12,0.7484,3.2365293502807617,22.973480224609375,62.4788703918457,31.56708526611328,0.3260905844350684,-5.6890235628400525,0.1635,0.2462,0.4564,0.513,0.0,1
23.04345,92.772408,23.0,92.75,2025-06-05,12,0.8453,15.036873817443848,130.44754028320312,392.9809875488281,219.1341552734375,0.2631595500755079,-41.10326726096017,0.3398,0.4696,0.9757,0.9783,0.9276,1
23.170678,92.899334,23.25,93.0,2025-06-01,12,0.9128,132.071044921875,89.81504821777344,186.56716918945312,115.71089172363281,4.77610959712014,105.41859218052456,0.4758,0.4036,0.8223,0.8408,0.4695,1
22.892426,92.822937,23.0,92.75,2025-01-23,12,0.6896,0.0,0.0,0.0,0.0,0.0001,0.0,0.05,0.05,0.0,0.1042,0.0,0
25.67032222,91.90487222,25.75,92.0,2025-05-30,12,0.6516,8.124890327453613,24.262802124023438,39.01264953613281,21.76595687866211,1.2360716643259708,2.55165467943464,0.1564,0.1894,0.3242,0.3946,0.0,1
23.069585,92.765797,23.0,92.75,2025-12-06,12,0.6896,0.0,0.0,0.0,0.0,0.0001,0.0,0.05,0.05,0.0,0.1042,0.0,0
34.75,85.0,34.75,85.0,2025-01-02,12,0.0,0.0,0.0,0.0,0.0,0.0001,0.0,0.05,0.05,0.0,0.1042,0.0,0
33.681475,74.17433333,33.75,74.25,2025-09-07,12,0.5823,0.0,7.961694717407227,21.248516082763672,10.89217472076416,2.4780062710165413e-05,-3.0355022975376675,0.0954,0.1342,0.1958,0.2795,0.0,1
24.48974296291132,81.1003402401245,24.5,81.0,2025-08-09,12,0.1327,33.3598747253418,7.430588722229004,75.55513763427734,36.74551773071289,2.8286528224553997,22.56628363473075,0.3462,0.301,0.5838,0.6271,0.0,0
23.235716,92.744499,23.25,92.75,2025-05-31,12,0.8749,58.45155715942383,51.10498046875,134.1341552734375,75.67455291748047,2.8990969572407543,39.28953497750419,0.4244,0.3577,0.7156,0.7453,0.1509,1
23.299806,92.694901,23.25,92.75,2025-03-05,12,0.8145,0.0,0.0,0.0,0.0,0.0001,0.0,0.05,0.05,0.0,0.1042,0.0,0
23.200757980110073,81.23524613737038,23.25,81.25,2025-07-02,12,0.095,0.0,10.789376258850098,107.68528747558594,45.62773132324219,6.103659984712644e-06,-15.383612496512276,0.1992,0.3582,0.7168,0.7463,0.1543,0
23.173606,92.739793,23.25,92.75,2025-02-26,12,0.8145,0.0,0.0,0.0,0.0,0.0001,0.0,0.05,0.05,0.0,0.1042,0.0,0
25.741981781048715,85.58794142704313,25.75,85.5,2025-07-18,12,0.027,13.76651382446289,92.29319763183594,93.78984069824219,75.17094421386719,0.9561112122376924,0.3679651532854358,0.2535,0.3394,0.673,0.7071,0.0236,0
27.309745,93.047722,27.25,93.0,2025-11-13,12,0.4062,0.0,0.0,0.0,0.0,0.0001,0.0,0.05,0.05,0.0,0.1042,0.0,0
11.2818,76.65,11.25,76.75,2025-12-21,12,0.6801,0.0,6.851799964904785,6.851799964904785,4.20786190032959,5.053494865458171e-05,-0.9788285664149693,0.0684,0.0784,0.066,0.1633,0.0,0
34.75,94.0,34.75,94.0,2025-09-23,12,0.0,0.0,0.0,0.0,0.0,0.0001,0.0,0.05,0.05,0.0,0.1042,0.0,0
26.86575,88.19522222,26.75,88.25,2025-11-17,12,0.815,0.0,0.0,0.0,0.0,0.0001,0.0,0.05,0.05,0.0,0.1042,0.0,0
27.14063392,88.51740516,27.25,88.5,2025-11-02,12,0.9541,43.41926956176758,43.205955505371094,43.205955505371094,36.212764739990234,6.0537755705069225,37.24699020385742,0.3859,0.1903,0.3262,0.3964,0.0,0
27.5,71.5,27.5,71.5,2025-05-11,12,0.0,0.0,1.248760461807251,16.449796676635742,7.152105331420898,2.985100509197364e-05,-2.349970953805106,0.0806,0.127,0.1791,0.2646,0.0,0
23.307524,92.857678,23.25,92.75,2025-06-01,12,1.0,99.3125228881836,87.32789611816406,173.41844177246094,108.7843017578125,3.853200112957625,74.53845977783203,0.4667,0.3897,0.79,0.8119,0.373,1
25.17212072643292,85.70780618263879,25.25,85.75,2025-07-07,12,0.1198,0.5479578375816345,15.994476318359375,19.213939666748047,13.132065773010254,0.14634980135923095,-2.1968906862395152,0.1038,0.1362,0.2004,0.2837,0.0,0
27.09236784,88.15408578,27.0,88.25,2025-03-22,12,1.0,0.0,0.0,0.0,0.0,0.0001,0.0,0.05,0.05,0.0,0.1042,0.0,0
35.5,68.75,35.5,68.75,2025-12-02,12,0.0,0.0,0.0,0.0,0.0,0.0001,0.0,0.05,0.05,0.0,0.1042,0.0,0
22.993158069309345,85.83387219995838,23.0,85.75,2025-08-09,12,0.0681,4.692469596862793,48.364784240722656,61.756893157958984,40.65244674682617,0.4777410041285034,-4.129943711417061,0.1874,0.2725,0.5173,0.5676,0.0,0
23.209857,92.500587,23.25,92.5,2025-06-01,12,0.8546,89.12710571289062,83.58097076416016,163.79278564453125,103.04899597167969,3.652908626297186,65.72813633510044,0.461,0.3883,0.7868,0.809,0.3634,1
32.45266667,75.93528611,32.5,76.0,2025-03-09,12,0.7313,0.0,1.388434648513794,59.105167388916016,21.73938751220703,1.058918731544382e-05,-8.443595341273717,0.1338,0.2391,0.4399,0.4982,0.0,0
9.854678,77.234769,9.75,77.25,2025-01-01,12,0.9116,0.0,0.0,0.0,0.0,0.0001,0.0,0.05,0.05,0.0,0.1042,0.0,1
30.5,75.0,30.5,75.0,2025-05-03,12,0.0001,14.509361267089844,0.0,0.0,0.0,14.509461267089844,14.509361267089844,0.2212,0.05,0.0,0.1042,0.0,0
24.552575466943242,79.59296092471097,24.5,79.5,2025-08-23,12,0.1075,0.5615193247795105,23.92206382751465,31.57757568359375,23.754505157470703,0.101907266171951,-3.9495629157338827,0.1402,0.1826,0.3084,0.3804,0.0,0
26.59038276099575,80.8003732955049,26.5,80.75,2025-08-25,12,0.058,4.818805694580078,2.207467794418335,3.8693716526031494,2.19755220413208,3.1034305330779492,4.266038315636771,0.1167,0.0692,0.0447,0.1442,0.0,0
25.69007,91.67085,25.75,91.75,2025-06-11,12,0.5745,0.0,13.864860534667969,46.14295959472656,23.68651580810547,1.3172017616976339e-05,-6.591851370675223,0.14,0.2124,0.3776,0.4424,0.0,1
23.313996,92.863984,23.25,92.75,2025-02-23,12,0.8145,0.0,0.0,0.0,0.0,0.0001,0.0,0.05,0.05,0.0,0.1042,0.0,0
32.22763611,76.32045,32.25,76.25,2025-09-19,12,0.8014,8.165754318237305,28.115278244018555,302.1819763183594,157.2046661376953,0.18487811258701398,-35.00309944152832,0.3225,0.4563,0.945,0.9507,0.8356,1
33.15333889,75.30680556,33.25,75.25,2025-04-20,12,0.8769,14.507017135620117,16.975112915039062,36.83643341064453,18.63160514831543,2.316562093408861,9.24466950552804,0.2212,0.1755,0.2919,0.3656,0.0,1
27.13738442,88.51408081,27.25,88.5,2025-02-07,12,0.9541,0.11824313551187515,0.0,1.0834037065505981,0.4086051881313324,0.10248182308546694,-0.03652882256678172,0.0518,0.0542,0.0099,0.113,0.0,0
20.25,82.0,20.25,82.0,2025-08-16,12,0.0,43.303314208984375,35.81455612182617,136.06399536132812,66.1283950805664,2.1187993435896213,23.8656005859375,0.3855,0.396,0.8046,0.825,0.4165,0
23.905546630041414,84.13712181854228,24.0,84.25,2025-08-13,12,0.1287,0.0,14.990203857421875,140.42440795898438,71.91397857666016,4.748196107355236e-06,-20.06062970842634,0.2486,0.3958,0.8042,0.8246,0.4154,0
20.0,98.75,20.0,98.75,2025-06-09,12,0.0,0.0,0.0,0.0,0.0,0.0001,0.0,0.05,0.05,0.0,0.1042,0.0,0
26.158926500925794,87.80470797783072,26.25,87.75,2025-08-12,12,0.0213,1.7058095932006836,58.912391662597656,188.8118896484375,91.18563079833984,0.060983871683402004,-25.267317499433243,0.2743,0.4348,0.895,0.9059,0.6864,0
26.033867848243837,80.51806766050882,26.0,80.5,2025-08-06,12,0.0311,24.704870223999023,53.642112731933594,76.19601440429688,51.926692962646484,2.0786427427593392,13.81972530909947,0.2989,0.3064,0.5964,0.6384,0.0,0
23.136964,92.74724,23.25,92.75,2025-03-05,12,0.8145,0.0,0.0,0.0,0.0,0.0001,0.0,0.05,0.05,0.0,0.1042,0.0,0
26.289775454575285,85.31157344454917,26.25,85.25,2025-08-06,12,0.1216,7.308444499969482,54.921058654785156,69.08304595947266,48.515037536621094,0.6724206537030313,-2.560562065669469,0.2056,0.2875,0.5524,0.599,0.0,0
22.207799241361293,80.06797676044144,22.25,80.0,2025-07-11,12,0.0676,0.48218485713005066,307.216064453125,399.1961364746094,260.2687683105469,0.00831124104037701,-56.54583463924272,0.3449,0.4761,0.991,0.9919,0.9731,0
24.96756,92.74392,25.0,92.75,2025-03-01,12,0.5299,0.0,0.0,1.905220866203308,0.8550417423248291,7.86055742487655e-05,-0.27217440945761545,0.0538,0.0584,0.0196,0.1218,0.0,1
26.40742909794455,82.15913654297509,26.5,82.25,2025-08-05,12,0.1394,34.70079803466797,2.849966049194336,21.14232063293457,10.255224227905273,8.631352382447307,31.680466515677317,0.3524,0.1434,0.2172,0.2987,0.0,0
23.149163,92.750431,23.25,92.75,2025-03-05,12,0.8145,0.0,0.0,0.0,0.0,0.0001,0.0,0.05,0.05,0.0,0.1042,0.0,0
26.654120374950573,84.6079852969091,26.75,84.5,2025-08-06,12,0.0605,26.616600036621094,58.926612854003906,112.03182983398438,64.31330871582031,1.565269562907727,10.612052917480469,0.3106,0.3656,0.7339,0.7617,0.2055,0
23.038879,92.773703,23.0,92.75,2025-03-13,12,0.6896,0.0,0.0,0.0,0.0,0.0001,0.0,0.05,0.05,0.0,0.1042,0.0,0
11.0,89.0,11.0,89.0,2025-09-05,12,0.0,0.0,0.0,0.0,0.0,0.0001,0.0,0.05,0.05,0.0,0.1042,0.0,0
24.236364840785612,78.72376393194122,24.25,78.75,2025-07-23,12,0.049,0.0,0.8431928157806396,44.327667236328125,22.009143829345703,1.3637868964061585e-05,-6.332523890904018,0.1346,0.2257,0.4087,0.4703,0.0,0
22.89841554435121,80.37543324923878,23.0,80.5,2025-08-02,12,0.0435,2.14829158782959,27.59638214111328,98.7972183227539,48.621742248535156,0.14214684802892152,-11.965596743992396,0.2058,0.3469,0.6905,0.7227,0.0757,0
31.64027778,77.40055556,31.75,77.5,2025-03-12,12,0.587,0.0,0.0,13.463244438171387,4.316007614135742,3.4207674257863314e-05,-1.9233206340244837,0.0689,0.1054,0.1288,0.2195,0.0,0
23.30374,92.672816,23.25,92.75,2025-06-01,12,0.9642,99.3125228881836,87.32789611816406,173.41844177246094,108.7843017578125,3.853200112957625,74.53845977783203,0.4667,0.3914,0.7939,0.8154,0.3846,1
25.386965649444363,83.65781554840996,25.5,83.75,2025-07-24,12,0.0704,0.0,0.0,37.45721435546875,13.603015899658203,1.574547596264074e-05,-5.351030622209821,0.1056,0.2035,0.357,0.424,0.0,0
25.494168352230165,86.53865993525204,25.5,86.5,2025-08-10,12,0.0907,34.872802734375,15.575407028198242,125.22203063964844,56.12903594970703,1.8462151727642993,16.983941214425222,0.3531,0.381,0.7697,0.7937,0.3124,0
25.62083,94.11572,25.5,94.0,2025-01-06,12,0.6405,0.0,0.0,0.0,0.0,0.0001,0.0,0.05,0.05,0.0,0.1042,0.0,0
24.554024435887737,86.14294519347553,24.5,86.25,2025-07-24,12,0.1283,1.563093662261963,1.9809061288833618,78.66703033447266,28.54076385498047,0.12773123561201005,-9.675053528376989,0.1548,0.3076,0.599,0.6407,0.0,0
32.98865,74.92065556,33.0,75.0,2025-08-26,12,0.6017,18.71971893310547,82.98553466796875,111.02809143066406,81.46533966064453,1.1102334278506685,2.8585630144391736,0.2623,0.3414,0.6776,0.7112,0.0372,1
23.11239,92.745417,23.0,92.75,2025-06-01,12,0.799,171.4090118408203,91.12442016601562,194.12319946289062,119.84480285644531,5.96581491389376,143.67712620326452,0.4789,0.4133,0.845,0.8611,0.5371,1
26.228131500575095,87.11234310314671,26.25,87.0,2025-08-03,12,0.0678,0.6640571355819702,28.241798400878906,50.83129119873047,32.97004699707031,0.08039073402490192,-6.597555892808097,0.1674,0.2439,0.451,0.5082,0.0,0
31.16997222,76.76130555,31.25,76.75,2025-12-18,12,0.7752,0.0,0.0,0.0,0.0,0.0001,0.0,0.05,0.05,0.0,0.1042,0.0,0
38.5,75.75,38.5,75.75,2025-06-12,12,0.0,0.0,0.0,0.0,0.0,0.0001,0.0,0.05,0.05,0.0,0.1042,0.0,0
25.50976766985163,82.96121694141445,25.5,83.0,2025-07-19,12,0.1441,1.0042741298675537,51.8897705078125,95.43433380126953,63.11586380004883,0.06863537495848625,-12.629202127456665,0.2342,0.3374,0.6684,0.703,0.0099,0
23.132516,92.746085,23.25,92.75,2025-03-23,12,0.8145,0.0,0.9832902550697327,0.9832902550697327,0.6038631200790405,8.768314537423589e-05,-0.14047003643853323,0.0527,0.054,0.0094,0.1125,0.0,0
23.105869,92.746616,23.0,92.75,2025-02-14,12,0.6896,0.0,0.0,0.0,0.0,0.0001,0.0,0.05,0.05,0.0,0.1042,0.0,0
24.51315621315065,78.56176077347439,24.5,78.5,2025-08-24,12,0.1405,10.125962257385254,27.25151824951172,57.42509460449219,30.988792419433594,1.1002302167633036,1.9223773138863702,0.1783,0.2588,0.4857,0.5392,0.0,0
8.5,75.25,8.5,75.25,2025-05-08,12,0.0,0.0,0.0,0.0,0.0,0.0001,0.0,0.05,0.05,0.0,0.1042,0.0,0
26.201681191105415,79.48301734807747,26.25,79.5,2025-07-20,12,0.1078,15.602469444274902,47.6396484375,99.50901794433594,57.110435485839844,1.0254341671519696,1.386895452226911,0.2309,0.3455,0.6871,0.7197,0.0657,0
23.18675,92.735178,23.25,92.75,2025-03-20,12,0.8145,0.9832902550697327,0.0,0.0,0.0,0.9833902550697327,0.9832902550697327,0.0645,0.05,0.0,0.1042,0.0,0
33.15333889,75.30680556,33.25,75.25,2025-02-10,12,0.6662,0.0,0.0,20.460346221923828,10.468571662902832,2.5491302780484723e-05,-2.9229066031319753,0.0937,0.1296,0.1851,0.2699,0.0,0
33.070198,74.744972,33.0,74.75,2025-11-23,12,0.4731,0.0,0.0,0.0,0.0,0.0001,0.0,0.05,0.05,0.0,0.1042,0.0,0
23.194007,92.734654,23.25,92.75,2025-02-08,12,0.8145,0.0,0.0,0.0,0.0,0.0001,0.0,0.05,0.05,0.0,0.1042,0.0,0
12.833031,74.904777,12.75,75.0,2025-08-01,12,0.5152,12.4268798828125,33.67151641845703,278.6074523925781,125.7260513305664,0.3045748927451587,-27.37418474469866,0.3053,0.4566,0.9457,0.9513,0.8378,1
31.484232,76.388595,31.5,76.5,2025-09-01,12,0.8331,12.38310718536377,62.103370666503906,237.46255493164062,110.89205169677734,0.3545837534169006,-21.54011494772775,0.294,0.435,0.8952,0.9061,0.6872,1
30.129487,78.594203,30.25,78.5,2025-08-05,12,0.8946,9.917208671569824,25.226049423217773,64.63858795166016,36.25581359863281,0.9690470273902154,0.6831246784755169,0.1763,0.2445,0.4524,0.5094,0.0,1
25.465167,91.824944,25.5,91.75,2025-05-30,12,0.6139,7.953780174255371,44.805442810058594,52.67681884765625,32.16598892211914,0.9329780356074435,0.4285203388759067,0.1652,0.2282,0.4144,0.4754,0.0,1
23.30265,92.742945,23.25,92.75,2025-06-01,12,0.9338,99.3125228881836,87.32789611816406,173.41844177246094,108.7843017578125,3.853200112957625,74.53845977783203,0.4667,0.3928,0.7971,0.8183,0.3942,1
35.5,66.75,35.5,66.75,2025-06-03,12,0.0,0.0,0.0,0.0,0.0,0.0001,0.0,0.05,0.05,0.0,0.1042,0.0,0
22.14400685284667,82.14830671888954,22.25,82.25,2025-08-17,12,0.0807,8.62181568145752,13.226763725280762,18.498003005981445,11.067419052124023,2.3669857500622555,5.97924382346017,0.162,0.1341,0.1955,0.2793,0.0,0
28.0,94.0,28.0,94.0,2025-01-14,12,0.0304,0.0,0.0,30.58358383178711,13.594264030456543,1.862515302247361e-05,-4.369083404541016,0.1055,0.1813,0.3053,0.3776,0.0,0
12.854286,74.917758,12.75,75.0,2025-03-15,12,0.3899,0.0,19.89553451538086,19.89553451538086,16.911205291748047,2.6026625334391038e-05,-2.84221921648298,0.1174,0.1334,0.1938,0.2778,0.0,0
6.75,82.5,6.75,82.5,2025-12-16,12,0.0,0.0,0.0,0.0,0.0,0.0001,0.0,0.05,0.05,0.0,0.1042,0.0,0
33.15333889,75.30680556,33.25,75.25,2025-02-26,12,0.6662,0.0,0.0,54.65865707397461,27.576087951660156,1.1352825916402609e-05,-7.808379581996372,0.152,0.2311,0.4211,0.4814,0.0,0
15.25,94.25,15.25,94.25,2025-03-17,12,0.0,0.0,0.0,0.0,0.0,0.0001,0.0,0.05,0.05,0.0,0.1042,0.0,0
23.432736992769087,87.72259801741711,23.5,87.75,2025-08-26,12,0.0685,3.053598165512085,105.35846710205078,145.05450439453125,80.64679718017578,0.1405804270232023,-17.668473890849523,0.2612,0.4023,0.8193,0.8381,0.4604,0
31.96222222,76.80194444,32.0,76.75,2025-02-10,12,0.6631,0.0,0.15959692001342773,16.18678855895996,8.464306831359863,3.0189605525578587e-05,-2.3123983655657088,0.0859,0.1143,0.1496,0.2382,0.0,0
33.075314,74.728768,33.0,74.75,2025-01-15,12,0.4731,0.0,0.0,0.0,0.0,0.0001,0.0,0.05,0.05,0.0,0.1042,0.0,0
22.973735,92.725975,23.0,92.75,2025-02-20,12,0.6896,0.0,0.0,0.0,0.0,0.0001,0.0,0.05,0.05,0.0,0.1042,0.0,0
32.553589,75.817359,32.5,75.75,2025-01-03,12,0.6685,0.0,0.0,0.0,0.0,0.0001,0.0,0.05,0.05,0.0,0.1042,0.0,0
22.037315702086097,82.22686619657426,22.0,82.25,2025-07-01,12,0.0776,0.3721613883972168,20.591999053955078,131.8192596435547,67.42289733886719,0.01877138464411559,-18.45916141782488,0.2415,0.3888,0.788,0.8101,0.3669,0
23.317543,92.858683,23.25,92.75,2025-05-31,12,1.0,58.45155715942383,51.10498046875,134.1341552734375,75.67455291748047,2.8990969572407543,39.28953497750419,0.4244,0.3514,0.701,0.7321,0.1071,1
18.51037,73.125529,18.5,73.25,2025-08-19,12,0.5139,90.87364959716797,147.47604370117188,183.93186950683594,131.5786590576172,3.3316399657281988,64.59766823904855,0.4621,0.4172,0.8539,0.8691,0.5638,1
22.0,85.5,22.0,85.5,2025-08-14,12,0.0,1.288301944732666,34.323081970214844,76.67758178710938,39.86720275878906,0.10778052401268151,-9.665638310568673,0.1855,0.3087,0.6015,0.643,0.0,0
22.434697803461273,80.22950008557754,22.5,80.25,2025-08-01,12,0.0756,2.9981534481048584,15.303295135498047,148.3563995361328,69.32809448242188,0.13509436495310045,-18.19561791419983,0.2446,0.405,0.8256,0.8438,0.4793,0
22.049553477455767,85.78046306483199,22.0,85.75,2025-08-04,12,0.1485,0.0,90.02277374267578,114.45159912109375,72.69049072265625,5.763612871840927e-06,-16.350228445870535,0.2498,0.3654,0.7335,0.7613,0.2042,0
23.241722,93.098254,23.25,93.0,2025-11-18,12,0.7561,0.0,0.0,0.0,0.0,0.0001,0.0,0.05,0.05,0.0,0.1042,0.0,0
18.41068,73.50163,18.5,73.5,2025-08-21,12,0.6263,82.55400848388672,62.8630485534668,68.08854675292969,52.31052017211914,7.695964090084888,72.8270732334682,0.4561,0.2641,0.498,0.5503,0.0,1
25.581845275570217,82.54409751281464,25.5,82.5,2025-07-05,12,0.0808,1.0885109901428223,11.083431243896484,34.16639709472656,18.04086685180664,0.18510915379514514,-3.792402880532401,0.1214,0.1923,0.3308,0.4005,0.0,0
25.981953613098543,83.95414801620109,26.0,84.0,2025-08-12,12,0.0734,1.8276617527008057,19.729764938354492,72.71664428710938,31.72577476501465,0.16049762735653128,-8.56043028831482,0.164,0.2974,0.5754,0.6196,0.0,0
27.08728357,88.65465234,27.0,88.75,2025-01-06,12,0.8018,0.0,0.0,0.0,0.0,0.0001,0.0,0.05,0.05,0.0,0.1042,0.0,0
12.854286,74.917758,12.75,75.0,2025-03-12,12,0.3899,0.0,0.0,0.0,0.0,0.0001,0.0,0.05,0.05,0.0,0.1042,0.0,0
30.109722,79.429167,30.0,79.5,2025-07-04,12,0.8649,14.835066795349121,38.79483413696289,130.5457000732422,62.06858444213867,0.7549939221084079,-3.8143189293997644,0.2324,0.354,0.7071,0.7376,0.1253,1
23.297521,92.689449,23.25,92.75,2025-06-01,12,0.8998,99.3125228881836,87.32789611816406,173.41844177246094,108.7843017578125,3.853200112957625,74.53845977783203,0.4667,0.3943,0.8007,0.8215,0.4048,1
23.193401,92.900218,23.25,93.0,2025-05-29,12,0.8558,3.9872963428497314,95.95359802246094,172.21258544921875,99.36091613769531,0.1557467313469295,-20.614501578467234,0.2832,0.3953,0.803,0.8235,0.4116,1
13.75,71.75,13.75,71.75,2025-09-22,12,0.0,0.0,0.0,0.0,0.0,0.0001,0.0,0.05,0.05,0.0,0.1042,0.0,0
12.25,88.25,12.25,88.25,2025-01-08,12,0.0,0.0,0.0,0.0,0.0,0.0001,0.0,0.05,0.05,0.0,0.1042,0.0,0
23.131999,92.744413,23.25,92.75,2025-03-24,12,0.8145,0.0,0.0,0.9832902550697327,0.5132836699485779,8.768314537423589e-05,-0.14047003643853323,0.0523,0.054,0.0094,0.1125,0.0,0
30.145247,78.596294,30.25,78.5,2025-09-16,12,0.8199,47.9261474609375,0.0,0.9077351093292236,0.3563176393508911,42.424755962143,47.79647101674761,0.3997,0.0537,0.0086,0.1119,0.0,1
28.25,68.0,28.25,68.0,2025-10-13,12,0.0,0.0,0.0,0.0,0.0,0.0001,0.0,0.05,0.05,0.0,0.1042,0.0,0
22.35719191504414,85.2628646401812,22.25,85.25,2025-07-27,12,0.1113,90.76762390136719,45.11330795288086,87.44361877441406,54.493019104003906,6.727548939301138,78.27567836216518,0.4621,0.325,0.6395,0.677,0.0,0
30.25,71.5,30.25,71.5,2025-02-18,12,0.0,0.0,0.0,0.0,0.0,0.0001,0.0,0.05,0.05,0.0,0.1042,0.0,0
23.718315963045516,80.82430898686512,23.75,80.75,2025-08-20,12,0.1238,0.2808564305305481,53.30859375,84.17667388916016,49.923583984375,0.021570155280117687,-11.744382696492332,0.2087,0.3184,0.6243,0.6634,0.0,0
26.5,88.0,26.5,88.0,2025-07-14,12,0.1604,0.0,11.460744857788086,22.985551834106445,12.512584686279297,2.334457621032672e-05,-3.2836502620152066,0.1015,0.15,0.2326,0.3126,0.0,0
23.089822,92.751916,23.0,92.75,2025-09-01,12,0.755,25.21285629272461,33.8304443359375,63.63282012939453,40.634788513183594,2.4987066030459113,16.12245341709682,0.3021,0.2486,0.4618,0.5178,0.0,1
23.08373,92.757679,23.0,92.75,2025-09-01,12,0.8788,25.21285629272461,33.8304443359375,63.63282012939453,40.634788513183594,2.4987066030459113,16.12245341709682,0.3021,0.243,0.4489,0.5063,0.0,1
10.25,69.5,10.25,69.5,2025-04-02,12,0.0,0.0,0.0,0.0,0.0,0.0001,0.0,0.05,0.05,0.0,0.1042,0.0,0
23.315355,92.790619,23.25,92.75,2025-03-02,12,0.8145,0.0,0.0,0.0,0.0,0.0001,0.0,0.05,0.05,0.0,0.1042,0.0,0
33.24198611,75.23667778,33.25,75.25,2025-12-26,12,0.6662,0.0,7.624327182769775,9.513998985290527,5.72509765625,4.238827921834737e-05,-1.3591427121843611,0.0748,0.089,0.0908,0.1855,0.0,0
20.5,88.75,20.5,88.75,2025-04-23,12,0.0,0.0,0.0,0.0,0.0,0.0001,0.0,0.05,0.05,0.0,0.1042,0.0,0
23.187383,92.89826,23.25,93.0,2025-01-14,12,0.7561,0.0,0.0,0.0,0.0,0.0001,0.0,0.05,0.05,0.0,0.1042,0.0,0
13.75,80.5,13.75,80.5,2025-03-19,12,0.0,0.0,0.0,0.0,0.0,0.0001,0.0,0.05,0.05,0.0,0.1042,0.0,0
23.346456,92.851511,23.25,92.75,2025-02-11,12,0.8145,0.0,0.0,0.0,0.0,0.0001,0.0,0.05,0.05,0.0,0.1042,0.0,0
18.5,93.25,18.5,93.25,2025-04-21,12,0.0,0.0,0.0,0.0,0.0,0.0001,0.0,0.05,0.05,0.0,0.1042,0.0,0
31.31508,76.631323,31.25,76.75,2025-08-01,12,0.9361,1.9508756399154663,22.632991790771484,34.65478515625,21.843013763427734,0.327857398091973,-2.9998079538345337,0.1341,0.1673,0.2728,0.3485,0.0,1
13.0,69.5,13.0,69.5,2025-04-27,12,0.0,0.0,0.0,0.0,0.0,0.0001,0.0,0.05,0.05,0.0,0.1042,0.0,0
24.001649342053792,83.4987692115621,24.0,83.5,2025-07-21,12,0.1075,21.11103630065918,39.32353591918945,184.49371337890625,95.09811401367188,0.7717117784029173,-5.245208467755997,0.2787,0.4301,0.884,0.8961,0.6537,0
27.313874,93.045623,27.25,93.0,2025-08-08,12,0.5599,1.169542908668518,15.710367202758789,114.5195541381836,53.894351959228516,0.06737599079214338,-15.19039339678628,0.2169,0.3481,0.6933,0.7252,0.0842,1
30.148542,78.597015,30.25,78.5,2025-11-10,12,0.7335,0.0,0.0,0.0,0.0,0.0001,0.0,0.05,0.05,0.0,0.1042,0.0,0
13.38036639,75.27595111,13.5,75.25,2025-01-01,12,0.4707,0.0,0.0,0.0,0.0,0.0001,0.0,0.05,0.05,0.0,0.1042,0.0,0
26.97408333,88.12683333,27.0,88.25,2025-07-02,12,1.0,22.064937591552734,24.4024658203125,193.8098907470703,80.60829162597656,0.7691616312635365,-5.622189658028738,0.2814,0.4048,0.8252,0.8434,0.4781,1
33.629118,74.273238,33.75,74.25,2025-02-20,12,0.3768,0.0,0.11256050318479538,2.1465253829956055,0.7333674430847168,7.65317943906193e-05,-0.3066464832850865,0.0533,0.0599,0.0231,0.1248,0.0,0
23.293453,92.858089,23.25,92.75,2025-12-25,12,0.8145,0.0,0.0,0.0,0.0,0.0001,0.0,0.05,0.05,0.0,0.1042,0.0,0
30.655784,79.028259,30.75,79.0,2025-06-06,12,0.7183,7.959672927856445,8.99388313293457,20.722946166992188,11.977136611938477,2.0098300577207486,4.999252046857562,0.1546,0.1294,0.1846,0.2695,0.0,1
25.87275163736846,80.0908484215873,25.75,80.0,2025-07-05,12,0.0403,21.601299285888672,34.49414825439453,57.727142333984375,32.77799606323242,2.3361110895487416,13.354564666748047,0.2781,0.2634,0.4963,0.5488,0.0,0
11.3359,76.7345,11.25,76.75,2025-10-22,12,0.7821,3.2365293502807617,22.973480224609375,62.4788703918457,31.56708526611328,0.3260905844350684,-5.6890235628400525,0.1635,0.2448,0.4529,0.5099,0.0,1
37.75,84.25,37.75,84.25,2025-06-04,12,0.0,0.0,0.0,0.0,0.0,0.0001,0.0,0.05,0.05,0.0,0.1042,0.0,0
23.201335,92.734857,23.25,92.75,2025-11-15,12,0.8145,0.0,0.0,3.7487552165985107,1.2017650604248047,6.512382000466822e-05,-0.5355364595140729,0.0554,0.0651,0.0352,0.1357,0.0,0
27.296928,93.088111,27.25,93.0,2025-03-12,12,0.4062,0.0,1.6645824909210205,6.4979963302612305,3.2760133743286133,5.185954884508794e-05,-0.9282851900373187,0.0644,0.0791,0.0677,0.1648,0.0,0
31.75,70.0,31.75,70.0,2025-07-11,12,0.0,0.0,0.0,0.0,0.0,0.0001,0.0,0.05,0.05,0.0,0.1042,0.0,0
23.157803,92.743652,23.25,92.75,2025-08-01,12,0.9314,1.392492413520813,31.539926528930664,89.17615509033203,44.02175521850586,0.10135721151973572,-11.346958313669477,0.1955,0.2908,0.56,0.6058,0.0,1
14.5,80.0,14.5,80.0,2025-10-07,12,0.0,2.775505304336548,0.0,9.116454124450684,3.1128125190734863,1.205552845577815,1.4731547151293074,0.0898,0.0946,0.1036,0.197,0.0,0
27.03598244,88.42802062,27.0,88.5,2025-12-22,12,1.0,0.0,0.0,0.0,0.0,0.0001,0.0,0.05,0.05,0.0,0.1042,0.0,0
23.25,91.5,23.25,91.5,2025-01-06,12,0.0029,0.0,0.0,0.0,0.0,0.0001,0.0,0.05,0.05,0.0,0.1042,0.0,0
25.726207430862207,83.1445243440154,25.75,83.25,2025-08-19,12,0.1289,0.0,0.0,47.64171600341797,23.470705032348633,1.2810725050366525e-05,-6.80595942905971,0.1393,0.2327,0.4249,0.4848,0.0,0
13.0,93.5,13.0,93.5,2025-12-20,12,0.0,0.0,0.0,0.0,0.0,0.0001,0.0,0.05,0.05,0.0,0.1042,0.0,0
27.0759255,88.2033356,27.0,88.25,2025-06-20,12,1.0,116.84827423095703,40.37456512451172,100.77935028076172,59.04519271850586,7.5890104875005795,102.45122419084821,0.4728,0.3064,0.5963,0.6383,0.0,1
12.769354,74.867392,12.75,74.75,2025-12-01,12,0.3672,0.0,0.0,26.84769058227539,8.996526718139648,2.068087919612928e-05,-3.8353843688964844,0.088,0.1591,0.2537,0.3314,0.0,0
27.25,77.25,27.25,77.25,2025-07-08,12,0.0,6.354379653930664,6.897560119628906,115.50701141357422,45.64194869995117,0.36309234111792194,-10.14662197657994,0.1992,0.3725,0.7499,0.776,0.2533,0
23.25,83.75,23.25,83.75,2025-04-26,12,0.0,0.0,0.0,0.0,0.0,0.0001,0.0,0.05,0.05,0.0,0.1042,0.0,0
23.184091,92.738895,23.25,92.75,2025-03-17,12,0.8145,0.0,0.0,0.0,0.0,0.0001,0.0,0.05,0.05,0.0,0.1042,0.0,0
27.010117,88.200912,27.0,88.25,2025-08-10,12,1.0,44.493812561035156,60.04163360595703,138.2704315185547,78.80404663085938,2.143983360354135,24.7408937726702,0.3894,0.3561,0.7119,0.7419,0.1397,1
32.45266667,75.93528611,32.5,76.0,2025-12-16,12,0.7313,0.0,0.0,0.0,0.0,0.0001,0.0,0.05,0.05,0.0,0.1042,0.0,0
14.25,78.5,14.25,78.5,2025-09-21,12,0.0,47.17546081542969,83.28795623779297,83.28795623779297,57.996185302734375,3.6575080383731153,35.27718135288784,0.3975,0.3217,0.6319,0.6703,0.0,0
23.186296,92.7356,23.25,92.75,2025-09-13,12,0.8978,22.96000862121582,22.547996520996094,73.77017974853516,37.22731018066406,1.9898527011935436,12.421411514282227,0.2875,0.2636,0.4967,0.5491,0.0,1
33.75,91.25,33.75,91.25,2025-01-19,12,0.0,0.0,0.0,0.0,0.0,0.0001,0.0,0.05,0.05,0.0,0.1042,0.0,0
23.239287,92.74818,23.25,92.75,2025-06-02,12,0.9161,73.33731079101562,183.54595947265625,270.1734924316406,176.18540954589844,1.8521319301979065,34.741097586495535,0.447,0.4447,0.9179,0.9264,0.7548,1
23.197704,93.163019,23.25,93.25,2025-02-18,12,0.5937,0.0,0.0,0.0,0.0,0.0001,0.0,0.05,0.05,0.0,0.1042,0.0,0
22.486883645540022,81.03065761175101,22.5,81.0,2025-07-27,12,0.0655,93.16221618652344,50.046783447265625,93.76280975341797,55.348628997802734,6.471993138158228,79.7675290788923,0.4635,0.3378,0.6694,0.7038,0.0127,0
25.648512,93.121528,25.75,93.0,2025-02-21,12,0.4066,0.0,5.47987699508667,5.47987699508667,4.612818717956543,5.6090296424843784e-05,-0.7828395707266671,0.0701,0.0747,0.0574,0.1556,0.0,0
24.54501722741309,86.87818114964999,24.5,87.0,2025-07-24,12,0.0713,0.0,14.634974479675293,113.98414611816406,47.70191955566406,5.785882055292738e-06,-16.28344944545201,0.2038,0.3678,0.7391,0.7662,0.2208,0
27.311231,93.04677,27.25,93.0,2025-06-21,12,0.6317,4.267734050750732,69.89863586425781,119.24797821044922,74.32524108886719,0.2366361725449197,-12.767691407884872,0.2523,0.3511,0.7003,0.7315,0.1051,1
11.3785,76.7444,11.5,76.75,2025-10-19,12,0.7357,23.531282424926758,56.87363815307617,79.29508972167969,47.37805938720703,1.9087954773063434,12.203412464686803,0.2913,0.2822,0.54,0.5879,0.0,1
23.353485,92.780193,23.25,92.75,2025-11-16,12,0.8145,0.0,0.0,0.0,0.0,0.0001,0.0,0.05,0.05,0.0,0.1042,0.0,0
27.03866683,88.42681675,27.0,88.5,2025-06-01,12,1.0,44.2843132019043,30.030811309814453,53.162261962890625,34.848876953125,5.152580410034103,36.689704350062776,0.3887,0.2135,0.3803,0.4448,0.0,1
23.141077,92.75109,23.25,92.75,2025-02-04,12,0.8145,0.0,0.0,0.0,0.0,0.0001,0.0,0.05,0.05,0.0,0.1042,0.0,0
23.114225,92.746024,23.0,92.75,2025-03-01,12,0.6896,0.0,0.0,0.0,0.0,0.0001,0.0,0.05,0.05,0.0,0.1042,0.0,0
9.25,92.25,9.25,92.25,2025-01-05,12,0.0,0.0,0.0,0.0,0.0,0.0001,0.0,0.05,0.05,0.0,0.1042,0.0,0
33.621861,74.280183,33.5,74.25,2025-11-25,12,0.3819,0.0,0.0,0.0,0.0,0.0001,0.0,0.05,0.05,0.0,0.1042,0.0,0
12.675622,75.365427,12.75,75.25,2025-12-06,12,0.4204,3.296501398086548,33.22874450683594,33.22874450683594,27.9576358795166,0.5736249060092982,-1.4504621028900146,0.1531,0.179,0.3001,0.373,0.0,0
22.48765,92.886806,22.5,93.0,2025-05-31,12,0.5702,54.579010009765625,73.99465942382812,179.4389190673828,101.87033081054688,2.0492168265054005,28.944878714425222,0.4163,0.4121,0.8422,0.8586,0.5287,1
8.75,73.5,8.75,73.5,2025-10-13,12,0.0,0.0,0.0,0.0,0.0,0.0001,0.0,0.05,0.05,0.0,0.1042,0.0,0
25.65977222,91.63440556,25.75,91.75,2025-03-24,12,0.4898,0.0,0.0,0.0,0.0,0.0001,0.0,0.05,0.05,0.0,0.1042,0.0,0
12.769354,74.867392,12.75,74.75,2025-06-26,12,0.5361,29.257612228393555,96.50198364257812,159.5348358154297,94.47127532958984,1.2297966644392577,6.4669213976178845,0.3256,0.3981,0.8095,0.8293,0.431,1
26.88186111,88.18452778,27.0,88.25,2025-07-13,12,1.0,0.37673574686050415,158.50375366210938,226.82931518554688,132.66397094726562,0.011281092902873864,-32.02745213678905,0.3099,0.4242,0.8702,0.8837,0.6123,1
23.968775707827035,84.08211376766447,24.0,84.0,2025-07-18,12,0.1165,16.464326858520508,183.3748321533203,241.47410583496094,167.87693786621094,0.46383500454648763,-18.03197397504534,0.3267,0.4542,0.94,0.9462,0.8208,0
30.7425,78.4927,30.75,78.5,2025-12-14,12,0.698,0.0,0.0,0.0,0.0,0.0001,0.0,0.05,0.05,0.0,0.1042,0.0,0
23.807952,92.834037,23.75,92.75,2025-03-25,12,0.8587,0.0,0.0,2.805945634841919,1.2450129985809326,7.138526217326767e-05,-0.40084937640598844,0.0556,0.0612,0.0261,0.1275,0.0,0
23.272548,92.874296,23.25,92.75,2025-05-31,12,1.0,58.45155715942383,51.10498046875,134.1341552734375,75.67455291748047,2.8990969572407543,39.28953497750419,0.4244,0.3514,0.701,0.7321,0.1071,1
12.0,69.5,12.0,69.5,2025-05-01,12,0.0,0.0,0.0,0.0,0.0,0.0001,0.0,0.05,0.05,0.0,0.1042,0.0,0
26.90530556,88.15780556,27.0,88.25,2025-09-15,12,1.0,40.89405059814453,21.194000244140625,82.875732421875,40.82218551635742,3.185053923603283,29.05466025216239,0.3772,0.276,0.5257,0.5751,0.0,1
19.778579,73.784894,19.75,73.75,2025-12-17,12,0.3704,0.0,0.0,0.0,0.0,0.0001,0.0,0.05,0.05,0.0,0.1042,0.0,0
27.0646461,88.1787662,27.0,88.25,2025-12-09,12,1.0,0.0,0.0,0.0,0.0,0.0001,0.0,0.05,0.05,0.0,0.1042,0.0,0
23.306409,92.706083,23.25,92.75,2025-05-31,12,1.0,58.45155715942383,51.10498046875,134.1341552734375,75.67455291748047,2.8990969572407543,39.28953497750419,0.4244,0.3514,0.701,0.7321,0.1071,1
26.5,94.75,26.5,94.75,2025-08-24,12,0.1965,22.739187240600586,25.455307006835938,36.558189392089844,23.854938507080078,3.654307327868643,17.516588756016322,0.286,0.1967,0.3411,0.4097,0.0,0
27.5,81.0,27.5,81.0,2025-09-16,12,0.0,8.840840339660645,0.0,3.0237557888031006,1.2696688175201416,6.173991434104377,8.408875226974487,0.1644,0.0653,0.0356,0.1361,0.0,0
23.139887,92.751646,23.25,92.75,2025-03-08,12,0.8145,0.0,0.0,0.0,0.0,0.0001,0.0,0.05,0.05,0.0,0.1042,0.0,0
30.07611111,78.52072222,30.0,78.5,2025-07-01,12,0.8684,93.71284484863281,82.00567626953125,86.78180694580078,68.96807861328125,6.994860040599832,81.31544385637555,0.4638,0.2897,0.5575,0.6036,0.0,1
23.2029,92.7371,23.25,92.75,2025-06-01,12,1.0,99.3125228881836,87.32789611816406,173.41844177246094,108.7843017578125,3.853200112957625,74.53845977783203,0.4667,0.3897,0.79,0.8119,0.373,1
32.48638056,76.28263056,32.5,76.25,2025-01-07,12,0.7012,0.0,0.0,0.0,0.0,0.0001,0.0,0.05,0.05,0.0,0.1042,0.0,0
23.341022,92.776761,23.25,92.75,2025-05-30,12,0.9293,25.781877517700195,70.82451629638672,121.74378967285156,67.5400161743164,1.4018062003806169,8.389907564435685,0.3056,0.3399,0.6742,0.7082,0.0272,1
21.25,86.0,21.25,86.0,2025-01-18,12,0.0,0.0,0.0,0.0,0.0,0.0001,0.0,0.05,0.05,0.0,0.1042,0.0,0
22.984058747301535,78.15893393140004,23.0,78.25,2025-08-14,12,0.0929,2.0677685737609863,4.29848575592041,4.29848575592041,2.9276742935180664,1.281152211812274,1.4536991800580705,0.08,0.0711,0.0491,0.1482,0.0,0
24.5,74.25,24.5,74.25,2025-05-13,12,0.0,0.5968028903007507,0.1514609456062317,38.472381591796875,19.337963104248047,0.09188698910942934,-4.899251622813089,0.1258,0.209,0.3698,0.4354,0.0,0
22.649852183094062,82.96677273577727,22.75,83.0,2025-07-21,12,0.1109,11.545170783996582,32.189292907714844,57.322330474853516,34.29621887207031,1.256436060250818,3.3562664304460803,0.1929,0.2597,0.4877,0.541,0.0,0
26.402109514368025,82.3372370283142,26.5,82.25,2025-08-19,12,0.0246,0.0,0.0,21.155399322509766,10.09869384765625,2.4862016410485143e-05,-3.022199903215681,0.0923,0.1459,0.223,0.3039,0.0,0
24.75579980958186,82.38178613248344,24.75,82.5,2025-08-15,12,0.0409,10.16601276397705,0.8028113842010498,35.075870513916016,14.247862815856934,1.6912968995924456,5.155174119131906,0.1787,0.1965,0.3407,0.4094,0.0,0
11.0,74.0,11.0,74.0,2025-09-24,12,0.0,0.0,0.0,0.0,0.0,0.0001,0.0,0.05,0.05,0.0,0.1042,0.0,0
26.240238955653858,86.39963980282182,26.25,86.5,2025-08-17,12,0.0214,0.0,12.906895637512207,59.29401779174805,24.285234451293945,1.0559022115674706e-05,-8.47057397024972,0.1419,0.2681,0.5072,0.5586,0.0,0
25.673542851325127,84.99596533023528,25.75,85.0,2025-07-27,12,0.1432,7.679840564727783,9.03082275390625,11.372732162475586,8.142410278320312,2.926052776347162,6.0551645415169855,0.1514,0.103,0.1233,0.2146,0.0,0
13.38036639,75.27595111,13.5,75.25,2025-08-16,12,0.5702,23.557138442993164,35.31755828857422,47.864654541015625,33.255149841308594,3.0055902197958067,16.719330651419504,0.2915,0.2172,0.3889,0.4526,0.0,1
25.061290753809224,80.13085008684808,25.0,80.25,2025-07-16,12,0.0209,7.896914482116699,170.8511505126953,239.58053588867188,142.94305419921875,0.22418274490154705,-26.32887635912214,0.3157,0.4554,0.9427,0.9487,0.829,0
26.45278,94.37526,26.5,94.5,2025-01-17,12,0.476,0.0,0.19815593957901,0.19815593957901,0.1431676745414734,9.724712910858945e-05,-0.028307991368430003,0.0506,0.0509,0.0021,0.106,0.0,0
23.299806,92.694901,23.25,92.75,2025-06-01,12,0.955,99.3125228881836,87.32789611816406,173.41844177246094,108.7843017578125,3.853200112957625,74.53845977783203,0.4667,0.3918,0.7949,0.8162,0.3875,1
9.0,91.75,9.0,91.75,2025-06-27,12,0.0,0.0,0.0,0.0,0.0,0.0001,0.0,0.05,0.05,0.0,0.1042,0.0,0
22.910315644409277,83.1286287937699,23.0,83.25,2025-08-14,12,0.0303,8.941072463989258,1.3758814334869385,24.062469482421875,11.274858474731445,2.0149140841278963,5.503576823643275,0.1655,0.1571,0.2492,0.3274,0.0,0
13.581925,75.157397,13.5,75.25,2025-01-24,12,0.4707,0.0,2.1592116355895996,2.1592116355895996,1.3260258436203003,7.642579163473379e-05,-0.3084588050842285,0.0559,0.0597,0.0226,0.1244,0.0,0
12.25,72.75,12.25,72.75,2025-10-14,12,0.0,0.0,0.0,0.0,0.0,0.0001,0.0,0.05,0.05,0.0,0.1042,0.0,0
23.150939,92.748258,23.25,92.75,2025-12-04,12,0.8145,0.0,0.0,0.0,0.0,0.0001,0.0,0.05,0.05,0.0,0.1042,0.0,0
25.688833,91.653639,25.75,91.75,2025-06-25,12,0.5771,14.140462875366211,14.945058822631836,35.00778579711914,19.61634063720703,2.3563236730832817,9.139350618634905,0.2179,0.1798,0.302,0.3747,0.0,1
23.286141,92.868152,23.25,92.75,2025-02-11,12,0.8145,0.0,0.0,0.0,0.0,0.0001,0.0,0.05,0.05,0.0,0.1042,0.0,0
30.087446,79.473568,30.0,79.5,2025-08-23,12,0.748,2.6254043579101562,23.894840240478516,101.09667205810547,52.052425384521484,0.17001939241470856,-11.816977364676339,0.2131,0.3196,0.6271,0.6659,0.0,1
22.42921138810291,85.29915629512578,22.5,85.25,2025-08-03,12,0.1461,0.0,15.29888916015625,94.54743957519531,37.62200164794922,6.89332988530601e-06,-13.506777082170759,0.1798,0.3359,0.6648,0.6997,0.0,0
23.299628,92.855609,23.25,92.75,2025-05-31,12,1.0,58.45155715942383,51.10498046875,134.1341552734375,75.67455291748047,2.8990969572407543,39.28953497750419,0.4244,0.3514,0.701,0.7321,0.1071,1
18.38016,73.77685,18.5,73.75,2025-01-05,12,0.4299,0.0,0.0,0.0,0.0,0.0001,0.0,0.05,0.05,0.0,0.1042,0.0,0
23.221168501820394,83.60351974019962,23.25,83.5,2025-07-20,12,0.0877,18.96979331970215,102.785400390625,196.876708984375,104.94830322265625,0.6513213495519585,-9.155450820922852,0.2886,0.4373,0.9008,0.9111,0.7038,0
22.765512523994,85.4260132153259,22.75,85.5,2025-07-23,12,0.0956,2.8094465732574463,17.637252807617188,80.32032012939453,37.234703063964844,0.22522622436174175,-8.664884873798915,0.1788,0.3122,0.6097,0.6503,0.0,0
26.287426268681102,78.00185195295442,26.25,78.0,2025-08-21,12,0.113,0.18193654716014862,0.28284674882888794,88.28662872314453,35.723567962646484,0.013372871379712603,-12.430438984717641,0.1749,0.3264,0.6428,0.68,0.0,0
24.5,75.75,24.5,75.75,2025-12-06,12,0.0,0.0,0.0,0.0,0.0,0.0001,0.0,0.05,0.05,0.0,0.1042,0.0,0
37.0,81.75,37.0,81.75,2025-12-10,12,0.0,0.0,0.0,0.0,0.0,0.0001,0.0,0.05,0.05,0.0,0.1042,0.0,0
23.300787,92.853572,23.25,92.75,2025-11-18,12,0.8145,0.0,0.0,0.0,0.0,0.0001,0.0,0.05,0.05,0.0,0.1042,0.0,0
11.3718,76.7561,11.25,76.75,2025-12-06,12,0.6801,1.0662078857421875,3.1699647903442383,3.4286627769470215,2.549591064453125,0.7157346401779456,0.5763989176068987,0.0658,0.0644,0.0336,0.1342,0.0,0
26.575416666790375,80.9334862667009,26.5,81.0,2025-07-23,12,0.077,0.0,0.0,20.814346313476562,9.11034107208252,2.5166868640764613e-05,-2.973478044782366,0.0884,0.1434,0.2173,0.2988,0.0,0
23.131844,92.744715,23.25,92.75,2025-02-03,12,0.8145,0.0,0.0,0.0,0.0,0.0001,0.0,0.05,0.05,0.0,0.1042,0.0,0
26.95848036686226,83.41002898927663,27.0,83.5,2025-08-08,12,0.1421,0.9049813151359558,67.25138092041016,74.31529235839844,47.562965393066406,0.07791362512757832,-9.711489021778107,0.2035,0.2981,0.5769,0.621,0.0,0
24.04396508635586,81.26773098155046,24.0,81.25,2025-07-22,12,0.0304,0.18894125521183014,13.977880477905273,145.6761016845703,75.423095703125,0.00866729482795371,-20.6219304140125,0.2539,0.4041,0.8236,0.842,0.4732,0
26.909485700176226,84.91105870053852,27.0,85.0,2025-08-17,12,0.1433,0.0,34.501564025878906,54.477264404296875,30.13104248046875,1.1386323168131638e-05,-7.782466343470982,0.1595,0.2511,0.4676,0.523,0.0,0
36.0,77.5,36.0,77.5,2025-10-19,12,0.0,0.0,0.0,0.0,0.0,0.0001,0.0,0.05,0.05,0.0,0.1042,0.0,0
31.0,78.0,31.0,78.0,2025-07-07,12,0.5031,0.0,45.55632781982422,121.48926544189453,61.2666130065918,5.447925922781108e-06,-17.355609348842076,0.2309,0.3598,0.7204,0.7496,0.1652,0
33.24198611,75.23667778,33.25,75.25,2025-01-26,12,0.6662,0.0,0.6576858162879944,0.6576858162879944,0.4039013087749481,9.141142856907123e-05,-0.09395511661257062,0.0518,0.0528,0.0066,0.11,0.0,0
24.29150320764328,82.84696287130046,24.25,82.75,2025-07-05,12,0.1429,0.0,46.912723541259766,92.51988220214844,50.03132629394531,7.033770383471056e-06,-13.217126028878349,0.2089,0.3326,0.6572,0.6929,0.0,0
23.4807,92.7025,23.5,92.75,2025-03-22,12,0.8923,0.0,1.999294638633728,1.999294638633728,1.4444904327392578,7.778387397106868e-05,-0.2856135198048183,0.0565,0.0579,0.0185,0.1207,0.0,0
27.09592868,88.60962756,27.0,88.5,2025-03-05,12,1.0,0.0,4.429838180541992,6.689099311828613,3.924825668334961,5.1135577590202525e-05,-0.9555856159755162,0.0672,0.0751,0.0584,0.1565,0.0,0
7.25,72.0,7.25,72.0,2025-02-21,12,0.0,0.0,0.0,0.0,0.0,0.0001,0.0,0.05,0.05,0.0,0.1042,0.0,0
22.758714564765263,83.97808013401514,22.75,84.0,2025-08-23,12,0.0745,9.38888931274414,22.313556671142578,26.176250457763672,18.416072845458984,1.9810233007759614,5.649424961635045,0.1704,0.1641,0.2653,0.3418,0.0,0
25.261375554495253,82.59644597385737,25.25,82.5,2025-08-13,12,0.1004,0.0,51.91128158569336,120.42382049560547,63.7899055480957,5.493478356538064e-06,-17.20340292794364,0.2354,0.3749,0.7556,0.781,0.2701,0
24.539025319793897,82.19271661166022,24.5,82.25,2025-07-17,12,0.1315,6.33098840713501,42.286903381347656,183.46014404296875,96.09393310546875,0.23268710140189117,-19.877603599003383,0.2798,0.4289,0.8811,0.8935,0.6448,0
24.364485664054524,87.83840312855438,24.25,87.75,2025-08-23,12,0.0729,54.427982330322266,8.984064102172852,40.351707458496094,17.310443878173828,8.046100061886902,48.663452693394255,0.416,0.2127,0.3784,0.4431,0.0,0
22.356835069446902,85.60558115519923,22.25,85.5,2025-08-01,12,0.0646,32.692909240722656,23.71228790283203,151.33447265625,74.79998779296875,1.4453647449339901,11.073698861258372,0.3431,0.408,0.8325,0.8499,0.4998,0
27.062298,93.531487,27.0,93.5,2025-11-01,12,0.4016,0.4570394456386566,0.5238908529281616,2.444823980331421,1.1697862148284912,0.33880738551977846,0.1077788770198822,0.0568,0.0612,0.026,0.1275,0.0,0
15.5,85.0,15.5,85.0,2025-06-08,12,0.0,0.0,0.0,0.0,0.0,0.0001,0.0,0.05,0.05,0.0,0.1042,0.0,0
23.888984119547057,81.16684356016926,24.0,81.25,2025-08-13,12,0.0576,7.170817852020264,10.173860549926758,18.15861701965332,10.600790977478027,1.9951981034939075,4.576729706355504,0.1454,0.1331,0.1933,0.2773,0.0,0
20.75,73.5,20.75,73.5,2025-03-16,12,0.0,0.0,0.0,0.0,0.0,0.0001,0.0,0.05,0.05,0.0,0.1042,0.0,0
14.25,83.0,14.25,83.0,2025-04-13,12,0.0,0.0,0.0,0.0,0.0,0.0001,0.0,0.05,0.05,0.0,0.1042,0.0,0
21.25,89.5,21.25,89.5,2025-09-01,12,0.0,0.0,0.0,0.0,0.0,0.0001,0.0,0.05,0.05,0.0,0.1042,0.0,0
25.61155584161854,79.90456997030046,25.5,80.0,2025-07-15,12,0.0812,0.0,144.73117065429688,180.04852294921875,122.74427795410156,3.7423444406991706e-06,-25.721217564174108,0.3033,0.4282,0.8796,0.8921,0.6404,0
27.00483333,88.11677778,27.0,88.0,2025-09-14,12,0.8405,4.728774547576904,22.253829956054688,66.43408203125,33.33391189575195,0.45077327744019,-4.7618085997445245,0.1684,0.2509,0.4672,0.5227,0.0,1
23.07006,92.764514,23.0,92.75,2025-09-13,12,0.7526,54.93779373168945,59.591880798339844,118.08342742919922,66.90628051757812,3.0744700878899494,38.06873267037528,0.4171,0.3439,0.6835,0.7165,0.0548,1
28.0,94.25,28.0,94.25,2025-01-22,12,0.0299,0.0,0.0,1.8532172441482544,0.5940989851951599,7.906730182891217e-05,-0.26474532059260775,0.0527,0.0594,0.0218,0.1237,0.0,0
25.280748572515826,86.54925656511071,25.25,86.5,2025-08-25,12,0.0625,11.191737174987793,6.873138427734375,14.280552864074707,8.354540824890137,3.681429741290744,9.151658194405691,0.1894,0.1167,0.1552,0.2432,0.0,0
23.239637,92.748175,23.25,92.75,2025-05-30,12,0.9223,25.781877517700195,70.82451629638672,121.74378967285156,67.5400161743164,1.4018062003806169,8.389907564435685,0.3056,0.3403,0.6751,0.7089,0.0297,1
27.05923312,88.25131257,27.0,88.25,2025-06-27,12,1.0,29.8378963470459,163.8188934326172,321.942626953125,174.60348510742188,0.6349617146429767,-16.153907503400532,0.3291,0.4563,0.9448,0.9506,0.8353,1
23.198119,92.899566,23.25,93.0,2025-03-13,12,0.7561,0.0,0.0,0.0,0.0,0.0001,0.0,0.05,0.05,0.0,0.1042,0.0,0
16.25,70.5,16.25,70.5,2025-05-07,12,0.0,0.0,0.0,0.0,0.0,0.0001,0.0,0.05,0.05,0.0,0.1042,0.0,0
24.144434394305193,86.44789436286021,24.25,86.5,2025-08-12,12,0.0403,25.194364547729492,2.2865240573883057,29.8331298828125,13.515909194946289,4.788114732449119,20.93248885018485,0.302,0.1783,0.2984,0.3715,0.0,0
14.80989612,74.14158063,14.75,74.25,2025-02-13,12,0.4173,0.0,0.0,0.0,0.0,0.0001,0.0,0.05,0.05,0.0,0.1042,0.0,0
27.311571,93.046703,27.25,93.0,2025-08-10,12,0.6342,7.942898750305176,7.959485054016113,107.59774017333984,41.61917495727539,0.4851840112033144,-7.428206988743373,0.1898,0.3349,0.6626,0.6977,0.0,1
26.97097222,88.12447222,27.0,88.0,2025-07-03,12,0.9325,3.5872504711151123,42.70578384399414,96.68498229980469,51.49367141723633,0.2421898788119202,-10.224889857428414,0.212,0.3034,0.5892,0.632,0.0,1
26.84530556,88.19261111,26.75,88.25,2025-09-12,12,0.9445,13.410497665405273,141.54872131347656,178.8117218017578,113.57269287109375,0.5052113114693114,-12.13403402056013,0.2962,0.3965,0.8058,0.8261,0.4202,1
26.623313441457977,81.54246003189245,26.5,81.5,2025-07-11,12,0.1499,0.9507879614830017,4.213473320007324,16.181095123291016,8.552106857299805,0.28713983075343297,-1.3607970561300005,0.0862,0.1233,0.1705,0.2569,0.0,0
22.25113005731987,78.72901835367904,22.25,78.75,2025-07-24,12,0.0584,6.555354118347168,9.253034591674805,38.43575668334961,18.43536949157715,1.0099574031138863,1.064531735011509,0.1382,0.207,0.3652,0.4314,0.0,0
31.75,82.5,31.75,82.5,2025-07-24,12,0.0,0.0,0.0,0.0,0.0,0.0001,0.0,0.05,0.05,0.0,0.1042,0.0,0
27.216933,93.066329,27.25,93.0,2025-09-16,12,0.5314,30.961332321166992,17.746309280395508,41.93348693847656,25.75104331970215,4.4290738266958325,24.970834187098912,0.3345,0.2021,0.3536,0.4209,0.0,1
31.96222222,76.80194444,32.0,76.75,2025-12-20,12,0.6631,0.0,0.0,0.0,0.0,0.0001,0.0,0.05,0.05,0.0,0.1042,0.0,0
33.63193,74.250613,33.75,74.25,2025-02-03,12,0.3768,1.5763894319534302,7.557683944702148,7.557683944702148,6.227177619934082,0.7580481940391376,0.4967202969959803,0.0768,0.0839,0.0789,0.1748,0.0,0
33.376256,74.39121,33.5,74.5,2025-07-30,12,0.6571,0.0,1.209091305732727,64.68859100341797,22.378755569458008,9.764454708931654e-06,-9.241227286202568,0.1358,0.2552,0.4773,0.5317,0.0,1
26.4219453,94.3854377,26.5,94.5,2025-03-07,12,0.476,0.0,6.852602958679199,20.934371948242188,11.572782516479492,2.5058734139324317e-05,-2.990624564034598,0.098,0.1354,0.1985,0.282,0.0,0
33.75,70.25,33.75,70.25,2025-11-21,12,0.0,0.0,0.0,0.0,0.0,0.0001,0.0,0.05,0.05,0.0,0.1042,0.0,0
22.397358329272475,82.9408071820412,22.5,83.0,2025-07-27,12,0.1334,23.90801429748535,136.61822509765625,168.5623016357422,124.34026336669922,0.9532615972968413,-0.17231450762067624,0.3044,0.4191,0.8585,0.8732,0.5774,0
11.2653,76.7448,11.25,76.75,2025-03-19,12,0.6801,7.034432888031006,0.0,55.995513916015625,21.920284271240234,0.7816704262761495,-0.9649262428283691,0.1438,0.2338,0.4275,0.4871,0.0,0
21.5,84.0,21.5,84.0,2025-08-22,12,0.0,19.13631820678711,23.747766494750977,38.68389892578125,25.315753936767578,2.932213112220018,13.610046931675502,0.2599,0.2097,0.3714,0.4368,0.0,0
23.3228,92.862406,23.25,92.75,2025-01-04,12,0.8145,0.0,0.0,0.0,0.0,0.0001,0.0,0.05,0.05,0.0,0.1042,0.0,0
27.0718085,88.2007865,27.0,88.25,2025-12-23,12,1.0,0.0,0.0,0.0,0.0,0.0001,0.0,0.05,0.05,0.0,0.1042,0.0,0
23.65107532435749,85.56751505688635,23.75,85.5,2025-08-15,12,0.0466,7.743525981903076,7.308286666870117,33.08713150024414,14.948257446289062,1.3521890902318967,3.0167929104396274,0.1521,0.1896,0.3246,0.3949,0.0,0
27.10338612,88.63583616,27.0,88.75,2025-11-24,12,0.8018,1.9680391550064087,1.6696726083755493,1.6696726083755493,1.4192217588424683,1.5890996935380557,1.7295144966670446,0.0786,0.0568,0.0159,0.1184,0.0,0
31.3626538,76.7744273,31.25,76.75,2025-03-26,12,0.7752,0.0,0.0,0.0,0.0,0.0001,0.0,0.05,0.05,0.0,0.1042,0.0,0
23.280947,92.8367,23.25,92.75,2025-06-01,12,0.9312,99.3125228881836,87.32789611816406,173.41844177246094,108.7843017578125,3.853200112957625,74.53845977783203,0.4667,0.3929,0.7974,0.8185,0.395,1
24.596400411976358,86.57951945402337,24.5,86.5,2025-08-21,12,0.1355,8.773957252502441,5.95477294921875,9.42430591583252,5.79351806640625,3.739482269890727,7.427627835954938,0.1637,0.0945,0.1035,0.1969,0.0,0
24.4012,92.237233,24.5,92.25,2025-12-25,12,0.3996,0.0,0.0,0.0,0.0,0.0001,0.0,0.05,0.05,0.0,0.1042,0.0,0
11.3608,76.834,11.25,76.75,2025-10-16,12,0.7454,31.0712833404541,8.614789962768555,18.8555850982666,10.46860122680664,8.412096750336554,28.377628326416016,0.3351,0.1223,0.1682,0.2548,0.0,1
23.108018,92.746279,23.0,92.75,2025-05-30,12,0.9338,30.283790588378906,105.716796875,159.10182189941406,89.76313018798828,1.2762486991083397,7.554958888462611,0.331,0.3805,0.7686,0.7927,0.309,1
33.638917,74.440981,33.75,74.5,2025-01-08,12,0.5444,0.0,16.74085807800293,17.377283096313477,14.529447555541992,2.871525908914187e-05,-2.482469013759068,0.1089,0.1209,0.1649,0.2518,0.0,1
24.95794,92.73201,25.0,92.75,2025-04-01,12,0.7125,0.0,0.0,0.0,0.0,0.0001,0.0,0.05,0.05,0.0,0.1042,0.0,1
38.5,71.0,38.5,71.0,2025-03-02,12,0.0,0.0,0.0,0.0,0.0,0.0001,0.0,0.05,0.05,0.0,0.1042,0.0,0
33.25676111,75.2038,33.25,75.25,2025-02-07,12,0.6662,0.0,19.408573150634766,21.313810348510742,17.425006866455078,2.4722917593351004e-05,-3.0448300497872487,0.1192,0.1326,0.192,0.2761,0.0,0
11.33669444,76.64225,11.25,76.75,2025-05-26,12,0.8517,72.75859069824219,36.22083282470703,72.1576156616211,46.170509338378906,6.434135624610916,62.45035988943917,0.4463,0.2625,0.4942,0.5468,0.0,1
26.57332553711875,83.75112566939362,26.5,83.75,2025-08-19,12,0.0837,7.791504859924316,0.8207332491874695,30.495098114013672,13.042181015014648,1.4546230510885263,3.4350622722080777,0.1526,0.1795,0.3011,0.3739,0.0,0
25.950656868630542,80.17780801767569,26.0,80.25,2025-07-10,12,0.1244,0.0,9.487140655517578,28.776535034179688,16.535911560058594,1.9565897014097197e-05,-4.110933576311384,0.1161,0.1723,0.2844,0.3589,0.0,0
36.75,69.25,36.75,69.25,2025-05-10,12,0.0,0.0,0.0,0.0,0.0,0.0001,0.0,0.05,0.05,0.0,0.1042,0.0,0
25.733262,91.675754,25.75,91.75,2025-03-11,12,0.4898,0.0,0.0,0.0,0.0,0.0001,0.0,0.05,0.05,0.0,0.1042,0.0,0
11.0,92.75,11.0,92.75,2025-05-05,12,0.0,0.0,0.0,0.0,0.0,0.0001,0.0,0.05,0.05,0.0,0.1042,0.0,0
12.836475,74.893236,12.75,75.0,2025-03-25,12,0.3899,0.0,0.0,0.0,0.0,0.0001,0.0,0.05,0.05,0.0,0.1042,0.0,0
30.4525,79.428611,30.5,79.5,2025-07-14,12,0.6117,2.617605447769165,31.981689453125,71.40494537353516,42.80591583251953,0.23370895862608723,-7.583101034164429,0.1926,0.2719,0.5161,0.5665,0.0,1
26.82507684727236,80.50893045691103,26.75,80.5,2025-08-09,12,0.1119,12.01296329498291,15.557268142700195,113.02271270751953,56.92509460449219,0.7006294156156992,-4.133138520377024,0.2228,0.3649,0.7324,0.7603,0.201,0
26.88655556,88.18063889,27.0,88.25,2025-03-03,12,1.0,0.0,0.6973334550857544,4.430290699005127,2.2065556049346924,6.124078717096204e-05,-0.6328986712864467,0.0598,0.0668,0.0391,0.1392,0.0,0
25.48716667,91.81936111,25.5,91.75,2025-03-01,12,0.5154,0.0,0.0,0.9625396132469177,0.5024517178535461,8.791165055373057e-05,-0.13750565903527395,0.0523,0.0543,0.01,0.1131,0.0,0
31.96662778,77.11621111,32.0,77.0,2025-09-04,12,0.851,32.39234924316406,74.36168670654297,125.22500610351562,79.30532836914062,1.714858266103114,14.503062656947545,0.3416,0.3483,0.6936,0.7256,0.0852,1
24.033017,92.26034,24.0,92.25,2025-01-22,12,0.4653,0.0,0.0,0.0,0.0,0.0001,0.0,0.05,0.05,0.0,0.1042,0.0,0
23.416422017462885,82.00312836172994,23.5,82.0,2025-07-15,12,0.0704,11.569128036499023,40.7100944519043,113.31437683105469,51.33930206298828,0.6731082218811776,-4.618640082223074,0.2116,0.3669,0.7371,0.7645,0.2148,0
23.30265,92.742945,23.25,92.75,2025-03-16,12,0.8145,0.0,0.0,0.0,0.0,0.0001,0.0,0.05,0.05,0.0,0.1042,0.0,0
22.25,79.25,22.25,79.25,2025-01-06,12,0.0,0.0,0.0,0.0,0.0,0.0001,0.0,0.05,0.05,0.0,0.1042,0.0,0
30.50230556,78.01522222,30.5,78.0,2025-01-23,12,0.718,0.0,0.0,0.942972719669342,0.4184020161628723,8.812821404592968e-05,-0.13471038852419173,0.0519,0.054,0.0092,0.1124,0.0,0
22.52977955672024,79.12241071991589,22.5,79.0,2025-08-10,12,0.021,0.0,0.0,0.599424421787262,0.22607263922691345,9.211223918394748e-05,-0.08563206025532313,0.051,0.0531,0.0071,0.1106,0.0,0
23.091619,92.752299,23.0,92.75,2025-01-08,12,0.6896,0.0,0.0,0.0,0.0,0.0001,0.0,0.05,0.05,0.0,0.1042,0.0,0
26.425346,94.387013,26.5,94.5,2025-07-07,12,0.5481,34.56513977050781,147.72879028320312,194.8961181640625,125.32009887695312,1.1984216467051567,6.7228371756417395,0.3517,0.4229,0.8671,0.881,0.6032,1
30.46788889,77.38269444,30.5,77.5,2025-02-03,12,0.7529,0.0,0.0,0.0,0.0,0.0001,0.0,0.05,0.05,0.0,0.1042,0.0,0
26.42608,94.398916,26.5,94.5,2025-03-23,12,0.476,0.0,2.238826274871826,30.952625274658203,12.325384140014648,1.8444046885668415e-05,-4.4218036106654575,0.1008,0.17,0.2791,0.3542,0.0,0
19.0,80.25,19.0,80.25,2025-09-10,12,0.0,9.823856353759766,17.575485229492188,107.46575164794922,49.60920333862305,0.6007709160712126,-5.528393881661552,0.208,0.3616,0.7246,0.7533,0.1777,0
33.23699444,75.22344444,33.25,75.25,2025-12-09,12,0.6662,0.0,0.0,0.0,0.0,0.0001,0.0,0.05,0.05,0.0,0.1042,0.0,0
23.046442,92.772974,23.0,92.75,2025-02-20,12,0.6896,0.0,0.0,0.0,0.0,0.0001,0.0,0.05,0.05,0.0,0.1042,0.0,0
22.895235,92.747812,23.0,92.75,2025-01-19,12,0.6896,0.0,0.0,0.0,0.0,0.0001,0.0,0.05,0.05,0.0,0.1042,0.0,0
23.123517,92.739803,23.0,92.75,2025-06-01,12,0.8807,171.4090118408203,91.12442016601562,194.12319946289062,119.84480285644531,5.96581491389376,143.67712620326452,0.4789,0.4101,0.8374,0.8544,0.5145,1
35.75,69.75,35.75,69.75,2025-10-25,12,0.0,0.0,0.0,0.0,0.0,0.0001,0.0,0.05,0.05,0.0,0.1042,0.0,0
32.82666667,76.74638889,32.75,76.75,2025-03-02,12,0.4404,23.10223388671875,116.67990112304688,116.98637390136719,93.18709564208984,1.3043073373182021,6.3898947579520105,0.2884,0.3567,0.7133,0.7432,0.1439,0
15.75,85.5,15.75,85.5,2025-03-03,12,0.0,0.0,0.0,0.0,0.0,0.0001,0.0,0.05,0.05,0.0,0.1042,0.0,0
30.148542,78.597015,30.25,78.5,2025-09-16,12,0.9153,47.9261474609375,0.0,0.9077351093292236,0.3563176393508911,42.424755962143,47.79647101674761,0.3997,0.0536,0.0084,0.1117,0.0,1
12.0,75.75,12.0,75.75,2025-12-03,12,0.1695,0.0,0.0,0.0,0.0,0.0001,0.0,0.05,0.05,0.0,0.1042,0.0,0
25.353661559529172,83.6044063098044,25.25,83.5,2025-07-02,12,0.0781,11.012508392333984,14.358421325683594,21.70221710205078,13.157676696777344,2.6857945667489886,7.912191663469587,0.1875,0.1469,0.2253,0.306,0.0,0
23.4525225283571,82.69988268157937,23.5,82.75,2025-07-09,12,0.1097,5.081193447113037,87.9447250366211,178.7769317626953,103.9389419555664,0.19146109149453427,-20.458368233272008,0.2877,0.4266,0.8759,0.8888,0.6294,0
23.046442,92.772974,23.0,92.75,2025-09-01,12,0.7438,25.21285629272461,33.8304443359375,63.63282012939453,40.634788513183594,2.4987066030459113,16.12245341709682,0.3021,0.2491,0.4629,0.5189,0.0,1
26.25226458891895,79.45232869076344,26.25,79.5,2025-07-23,12,0.1414,4.482828140258789,15.602469444274902,70.77659606933594,35.16109085083008,0.4034696626969451,-5.628114155360631,0.1734,0.2905,0.5593,0.6052,0.0,0
9.75,81.0,9.75,81.0,2025-03-18,12,0.0,0.0,0.0,0.0,0.0,0.0001,0.0,0.05,0.05,0.0,0.1042,0.0,0
11.5,89.25,11.5,89.25,2025-08-14,12,0.0,0.0,0.0,0.0,0.0,0.0001,0.0,0.05,0.05,0.0,0.1042,0.0,0
31.0,69.75,31.0,69.75,2025-02-04,12,0.0,0.0,0.0,0.0,0.0,0.0001,0.0,0.05,0.05,0.0,0.1042,0.0,0
12.919457,74.907919,13.0,75.0,2025-01-03,12,0.4043,0.0,0.0,0.0,0.0,0.0001,0.0,0.05,0.05,0.0,0.1042,0.0,0
11.25,80.75,11.25,80.75,2025-09-25,12,0.0,0.0,0.0,0.0,0.0,0.0001,0.0,0.05,0.05,0.0,0.1042,0.0,0
27.06622222,88.08944444,27.0,88.0,2025-06-24,12,0.933,30.15544891357422,28.441001892089844,67.51726531982422,37.980499267578125,2.8327507925718587,20.510125296456472,0.3303,0.249,0.4627,0.5187,0.0,1
25.456896,91.826145,25.5,91.75,2025-05-30,12,0.6298,7.953780174255371,44.805442810058594,52.67681884765625,32.16598892211914,0.9329780356074435,0.4285203388759067,0.1652,0.2276,0.4129,0.4741,0.0,1
24.209245172388663,85.70691970760234,24.25,85.75,2025-07-23,12,0.0207,1.0401108264923096,12.10476303100586,145.2641143798828,57.29613494873047,0.04782135183395647,-19.71190551349095,0.2236,0.4041,0.8234,0.8418,0.4728,0
13.38036639,75.27595111,13.5,75.25,2025-02-13,12,0.4707,0.0,0.0,0.0,0.0,0.0001,0.0,0.05,0.05,0.0,0.1042,0.0,0
23.199924,92.73481,23.25,92.75,2025-06-02,12,1.0,73.33731079101562,183.54595947265625,270.1734924316406,176.18540954589844,1.8521319301979065,34.741097586495535,0.447,0.4422,0.9121,0.9213,0.7375,1
25.566518,91.914509,25.5,92.0,2025-08-19,12,0.6407,5.512357711791992,18.03294563293457,40.52269744873047,23.494457244873047,0.8119741945240688,-0.27659906659807465,0.1394,0.1942,0.3353,0.4045,0.0,1
13.43196028,75.25642278,13.5,75.25,2025-08-07,12,0.7097,62.60124969482422,18.47172737121582,86.61626434326172,37.318626403808594,4.680911494791031,50.227497645786826,0.4319,0.2971,0.5747,0.619,0.0,1
23.502513,92.697754,23.5,92.75,2025-12-16,12,0.8923,0.0,0.0,0.0,0.0,0.0001,0.0,0.05,0.05,0.0,0.1042,0.0,0
33.33043889,75.96503056,33.25,76.0,2025-04-18,12,0.8221,16.495763778686523,0.0,6.1083083152771,2.5329179763793945,8.80899683418567,15.623148305075508,0.2386,0.0743,0.0566,0.1548,0.0,1
24.3256179957389,87.70977191589147,24.25,87.75,2025-08-18,12,0.0213,0.6903305053710938,33.88182830810547,56.05441665649414,33.03921127319336,0.07664829513730646,-7.317443302699498,0.1676,0.2598,0.4878,0.5412,0.0,0
24.637939866360828,80.5890427479314,24.75,80.5,2025-07-10,12,0.1144,0.0,37.05611038208008,73.84184265136719,40.34364318847656,8.658882294640048e-06,-10.548834664481026,0.1867,0.2982,0.5772,0.6212,0.0,0
24.75,70.5,24.75,70.5,2025-01-17,12,0.0,0.0,0.0,0.0,0.0,0.0001,0.0,0.05,0.05,0.0,0.1042,0.0,0
30.11963889,78.36477778,30.0,78.25,2025-11-08,12,0.5394,0.0,0.0,0.0,0.0,0.0001,0.0,0.05,0.05,0.0,0.1042,0.0,0
14.0,82.25,14.0,82.25,2025-07-08,12,0.0,0.0,0.0,0.0,0.0,0.0001,0.0,0.05,0.05,0.0,0.1042,0.0,0
16.5,80.5,16.5,80.5,2025-01-16,12,0.0,0.0,0.0,0.0,0.0,0.0001,0.0,0.05,0.05,0.0,0.1042,0.0,0
26.508266933563526,87.15472987573516,26.5,87.25,2025-07-24,12,0.0497,0.0,44.20595169067383,90.40122985839844,43.763099670410156,7.1867675697489405e-06,-12.914461408342634,0.1949,0.3327,0.6575,0.6931,0.0,0
18.26927,73.60043,18.25,73.5,2025-08-20,12,0.623,38.50642013549805,57.40006637573242,72.07533264160156,46.3369140625,3.408719659393229,28.20994404384068,0.3683,0.2728,0.5182,0.5684,0.0,1
31.421993,76.416965,31.5,76.5,2025-03-15,12,0.6159,0.0,0.7857946157455444,0.7857946157455444,0.4825761318206787,8.990732925119295e-05,-0.11225637367793492,0.0522,0.0534,0.0079,0.1113,0.0,0
12.839865,75.19905,12.75,75.25,2025-06-08,12,0.6603,0.0,36.720558166503906,292.95330810546875,112.51814270019531,2.3336965490437864e-06,-41.850472586495535,0.2953,0.4572,0.9469,0.9524,0.8414,1
33.780956,74.202292,33.75,74.25,2025-12-07,12,0.3768,0.0,0.0,0.0,0.0,0.0001,0.0,0.05,0.05,0.0,0.1042,0.0,0
16.0,91.5,16.0,91.5,2025-04-08,12,0.0,0.0,0.0,0.0,0.0,0.0001,0.0,0.05,0.05,0.0,0.1042,0.0,0
34.0,96.0,34.0,96.0,2025-08-12,12,0.0,0.0,0.0,0.0,0.0,0.0001,0.0,0.05,0.05,0.0,0.1042,0.0,0
12.836475,74.893236,12.75,75.0,2025-09-08,12,0.4489,1.7586321830749512,73.3292465209961,168.6073455810547,96.11719512939453,0.0701059812776581,-22.328131471361434,0.2798,0.4087,0.8341,0.8514,0.5045,1
23.202224,92.736123,23.25,92.75,2025-07-01,12,0.9798,39.7066535949707,0.5415206551551819,49.990272521972656,23.749649047851562,4.877100299136701,32.565186091831755,0.3729,0.2066,0.3642,0.4305,0.0,1
23.147798,92.749742,23.25,92.75,2025-09-13,12,1.0,22.96000862121582,22.547996520996094,73.77017974853516,37.22731018066406,1.9898527011935436,12.421411514282227,0.2875,0.2586,0.4852,0.5388,0.0,1
13.581925,75.157397,13.5,75.25,2025-07-01,12,0.5769,10.209774017333984,62.65373229980469,251.276611328125,123.8704605102539,0.2767154089324048,-25.68688474382673,0.3041,0.4474,0.9243,0.9321,0.7738,1
9.733907,77.117741,9.75,77.0,2025-01-01,12,1.0,0.0,0.0,0.0,0.0,0.0001,0.0,0.05,0.05,0.0,0.1042,0.0,1
23.114225,92.746024,23.0,92.75,2025-05-31,12,0.8857,53.935569763183594,68.70054626464844,172.9530029296875,97.56214904785156,2.098046057557617,29.22799791608538,0.4149,0.3946,0.8013,0.822,0.4066,1
9.75,69.75,9.75,69.75,2025-10-12,12,0.0,0.0,0.0,0.0,0.0,0.0001,0.0,0.05,0.05,0.0,0.1042,0.0,0
35.25,99.0,35.25,99.0,2025-10-25,12,0.0,0.0,0.0,0.0,0.0,0.0001,0.0,0.05,0.05,0.0,0.1042,0.0,0
24.75,71.0,24.75,71.0,2025-12-17,12,0.0,0.0,0.0,0.0,0.0,0.0001,0.0,0.05,0.05,0.0,0.1042,0.0,0
23.502513,92.697754,23.5,92.75,2025-07-01,12,1.0,48.96932601928711,6.45265531539917,64.45736694335938,31.824398040771484,4.797069872539788,39.761130741664346,0.4025,0.2393,0.4402,0.4985,0.0,1
12.814024,75.217564,12.75,75.25,2025-12-20,12,0.4204,0.0,0.0,0.0,0.0,0.0001,0.0,0.05,0.05,0.0,0.1042,0.0,0
23.42067932102699,85.3292225963057,23.5,85.25,2025-08-11,12,0.1178,9.253417015075684,30.533613204956055,47.95420837402344,30.749101638793945,1.1787017049662096,2.402815818786621,0.169,0.234,0.4279,0.4875,0.0,0
22.470180522171333,81.56670974141765,22.5,81.5,2025-07-04,12,0.0559,9.182255744934082,14.390495300292969,69.2129135131836,31.85319709777832,0.8433805670402533,-0.7053033283778607,0.1682,0.2904,0.5591,0.605,0.0,0
26.001031738417897,86.63009046067226,26.0,86.75,2025-08-24,12,0.1307,0.9661114811897278,5.406940937042236,18.24121856689453,10.582868576049805,0.2679537974921239,-1.639776885509491,0.0942,0.1321,0.1908,0.2751,0.0,0
37.25,87.75,37.25,87.75,2025-11-18,12,0.0,0.0,0.0,0.0,0.0,0.0001,0.0,0.05,0.05,0.0,0.1042,0.0,0
12.77705,75.262014,12.75,75.25,2025-05-30,12,0.508,105.88834381103516,344.00714111328125,518.1517333984375,323.85882568359375,1.4114379893227473,31.866667611258364,0.4694,0.4781,0.9956,0.9961,0.9869,1
27.309745,93.047722,27.25,93.0,2025-11-23,12,0.4062,0.7283389568328857,0.0,0.0,0.0,0.7284389568328857,0.7283389568328857,0.0608,0.05,0.0,0.1042,0.0,0
23.304746,92.862109,23.25,92.75,2025-06-08,12,0.9569,7.493924617767334,16.924518585205078,290.2254943847656,117.9377670288086,0.17649284235511425,-33.96686029434204,0.2997,0.4496,0.9293,0.9367,0.7889,1
23.157418,92.744221,23.25,92.75,2025-08-01,12,1.0,1.392492413520813,31.539926528930664,89.17615509033203,44.02175521850586,0.10135721151973572,-11.346958313669477,0.1955,0.2873,0.5518,0.5985,0.0,1
9.904123,77.216173,10.0,77.25,2025-01-01,12,1.0,0.0,0.0,0.0,0.0,0.0001,0.0,0.05,0.05,0.0,0.1042,0.0,1
25.024769613452705,81.1811155361812,25.0,81.25,2025-07-09,12,0.1491,0.0,10.010662078857422,27.54677391052246,14.241863250732422,2.0262384030793392e-05,-3.935253415788923,0.1079,0.1672,0.2726,0.3483,0.0,0
31.75,70.5,31.75,70.5,2025-12-22,12,0.0,0.0,0.0,0.0,0.0,0.0001,0.0,0.05,0.05,0.0,0.1042,0.0,0
18.428571,73.109351,18.5,73.0,2025-02-08,12,0.3924,0.0,0.0,0.0,0.0,0.0001,0.0,0.05,0.05,0.0,0.1042,0.0,0
26.11956,92.052125,26.0,92.0,2025-06-05,12,0.6138,1.7658751010894775,15.907464981079102,140.9523468017578,71.36164855957031,0.08355275178020678,-18.370174442018783,0.2478,0.3773,0.7611,0.786,0.2867,1
26.702686505514738,87.05943967926265,26.75,87.0,2025-07-18,12,0.0695,7.8136444091796875,17.223373413085938,18.777015686035156,13.334659576416016,2.121898497888947,5.131213596888951,0.1529,0.1354,0.1986,0.2821,0.0,0
27.08223879,88.44592144,27.0,88.5,2025-06-12,12,1.0,4.180085182189941,41.98872375488281,84.68183898925781,42.133216857910156,0.31916131480257587,-7.917320387704033,0.191,0.2793,0.5333,0.5819,0.0,1
19.5,78.75,19.5,78.75,2025-08-27,12,0.0,0.0,11.937769889831543,80.05571746826172,31.264881134033203,8.040827419005559e-06,-11.436531066894531,0.1627,0.3155,0.6174,0.6572,0.0,0
22.155340651222282,87.46902899460517,22.25,87.5,2025-07-01,12,0.0512,3.9704318046569824,42.666343688964844,88.85227966308594,47.170066833496094,0.28996412740825644,-8.722751004355294,0.2027,0.3299,0.651,0.6873,0.0,0
10.75,75.0,10.75,75.0,2025-09-17,12,0.0001,0.0,0.0,0.0,0.0,0.0001,0.0,0.05,0.05,0.0,0.1042,0.0,0
18.71404,73.45972,18.75,73.5,2025-08-20,12,0.5101,34.448265075683594,54.76236343383789,70.17373657226562,47.143959045410156,3.124619413807735,24.423445565359934,0.3512,0.2738,0.5203,0.5703,0.0,1
32.44726,75.5187,32.5,75.5,2025-08-17,12,0.7215,24.13433074951172,71.98213958740234,295.2789001464844,170.02113342285156,0.5588911934134774,-18.04836927141462,0.3275,0.4564,0.9452,0.9509,0.8364,1
23.350187,92.778852,23.25,92.75,2025-12-11,12,0.8145,0.0,0.0,0.0,0.0,0.0001,0.0,0.05,0.05,0.0,0.1042,0.0,0
22.317678612119593,81.96247346816406,22.25,82.0,2025-07-22,12,0.0725,13.941858291625977,24.502796173095703,49.320037841796875,27.280494689941406,1.73284166313103,6.896138599940708,0.216,0.2395,0.4407,0.499,0.0,0
23.303906,92.853173,23.25,92.75,2025-01-05,12,0.8145,0.0,0.0,0.0,0.0,0.0001,0.0,0.05,0.05,0.0,0.1042,0.0,0
23.229731,92.73968,23.25,92.75,2025-11-10,12,0.8145,0.0,26.621688842773438,53.567176818847656,29.994089126586914,1.1557415035104786e-05,-7.6524538312639505,0.1591,0.2223,0.4006,0.4631,0.0,0
22.38397842143367,82.1370603191003,22.5,82.25,2025-07-20,12,0.1391,2.6097209453582764,32.229976654052734,52.771732330322266,28.718929290771484,0.3056419130793735,-4.929097958973476,0.1554,0.2467,0.4573,0.5139,0.0,0
33.81413,75.32346,33.75,75.25,2025-12-26,12,0.4549,0.0,6.4389848709106445,8.134031295776367,5.014805793762207,4.625337336228169e-05,-1.1620044708251953,0.0718,0.0856,0.0829,0.1784,0.0,0
20.0,67.75,20.0,67.75,2025-03-22,12,0.0,0.0,0.0,0.0,0.0,0.0001,0.0,0.05,0.05,0.0,0.1042,0.0,0
22.283523256850234,83.63803391111644,22.25,83.75,2025-08-18,12,0.1433,1.4269144535064697,4.264249801635742,12.549081802368164,6.53621768951416,0.5109754655246884,-0.3658115182604109,0.0781,0.1081,0.1351,0.2252,0.0,0
23.202247,92.57903,23.25,92.5,2025-06-01,12,0.8173,89.12710571289062,83.58097076416016,163.79278564453125,103.04899597167969,3.652908626297186,65.72813633510044,0.461,0.39,0.7907,0.8125,0.375,1
25.39810166367554,78.76239217973564,25.5,78.75,2025-08-22,12,0.1189,1.92214035987854,0.39839282631874084,3.2300527095794678,1.2858803272247314,1.3153092072096382,1.4607042585100447,0.078,0.0659,0.0369,0.1372,0.0,0
25.366201,91.767213,25.25,91.75,2025-05-31,12,0.5691,142.35092163085938,33.61418151855469,71.69831085205078,42.82623291015625,12.661734929601087,132.10830579485213,0.4771,0.2744,0.5219,0.5717,0.0,1
27.067785,88.1858798,27.0,88.25,2025-09-03,12,1.0,18.301355361938477,10.352543830871582,32.358558654785156,18.038978576660156,3.2549511951701993,13.678704125540598,0.2534,0.1586,0.2527,0.3305,0.0,1
25.5,75.5,25.5,75.5,2025-01-21,12,0.0,0.0,0.0,3.272934913635254,1.7084925174713135,6.814021561364035e-05,-0.467562130519322,0.0576,0.0666,0.0385,0.1387,0.0,0
25.132428199853788,85.95216586530383,25.25,86.0,2025-07-14,12,0.0807,0.0,1.3671793937683105,2.3690249919891357,1.2631289958953857,7.471428463458323e-05,-0.33843214171273367,0.0556,0.0618,0.0275,0.1288,0.0,0
31.93277778,76.87944444,32.0,77.0,2025-03-16,12,0.647,5.457927703857422,1.416881799697876,2.3833467960357666,1.708850383758545,4.071702214304082,5.117449590138027,0.1248,0.0602,0.0237,0.1254,0.0,0
25.739454,91.572107,25.75,91.5,2025-03-26,12,0.4632,0.0,14.864842414855957,14.864842414855957,12.635116577148438,3.201486599896044e-05,-2.123548916407994,0.102,0.1127,0.1459,0.2349,0.0,0
23.16864,92.740342,23.25,92.75,2025-08-01,12,0.9597,1.392492413520813,31.539926528930664,89.17615509033203,44.02175521850586,0.10135721151973572,-11.346958313669477,0.1955,0.2894,0.5566,0.6028,0.0,1
26.387181,94.444132,26.5,94.5,2025-08-01,12,0.5835,23.647459030151367,30.0793399810791,59.894264221191406,35.81642532348633,2.4745456899520013,15.091135569981166,0.2921,0.2473,0.4588,0.5151,0.0,1
27.0,99.75,27.0,99.75,2025-09-01,12,0.0,0.0,0.0,0.0,0.0,0.0001,0.0,0.05,0.05,0.0,0.1042,0.0,0
24.563616005367763,81.05759487143504,24.5,81.0,2025-08-21,12,0.0443,0.0,0.0,11.467547416687012,4.545055389404297,3.790432937334657e-05,-1.638221059526716,0.0698,0.1047,0.1272,0.2181,0.0,0
33.25870278,75.19678889,33.25,75.25,2025-04-20,12,0.7726,14.507017135620117,16.975112915039062,36.83643341064453,18.63160514831543,2.316562093408861,9.24466950552804,0.2212,0.179,0.3,0.3729,0.0,1
23.208823,92.53749,23.25,92.5,2025-06-01,12,0.777,89.12710571289062,83.58097076416016,163.79278564453125,103.04899597167969,3.652908626297186,65.72813633510044,0.461,0.3918,0.7948,0.8162,0.3872,1
19.338596,73.78494,19.25,73.75,2025-07-27,12,0.6313,15.711638450622559,10.521071434020996,11.420475006103516,8.426774978637695,5.970647831715304,14.0801420211792,0.2319,0.0969,0.109,0.2018,0.0,1
24.791125,93.72522,24.75,93.75,2025-10-01,12,0.6929,0.34744858741760254,8.043045997619629,8.510013580322266,5.48738956451416,0.15685609166775907,-0.868267638342721,0.0738,0.0848,0.081,0.1767,0.0,1
15.75,77.0,15.75,77.0,2025-05-21,12,0.0,2.4128427505493164,27.122398376464844,43.510032653808594,27.05526351928711,0.3344008777347646,-3.8028761999947687,0.1504,0.2249,0.4067,0.4685,0.0,0
30.25,85.0,30.25,85.0,2025-07-15,12,0.0,0.0,0.0,0.0,0.0,0.0001,0.0,0.05,0.05,0.0,0.1042,0.0,0
25.369056,91.775046,25.25,91.75,2025-08-07,12,0.6107,4.407502174377441,133.90086364746094,241.9510498046875,146.24537658691406,0.1239328584669465,-30.15693351200649,0.3174,0.4433,0.9146,0.9235,0.7449,1
23.189242,92.734475,23.25,92.75,2025-07-01,12,1.0,39.7066535949707,0.5415206551551819,49.990272521972656,23.749649047851562,4.877100299136701,32.565186091831755,0.3729,0.2058,0.3623,0.4287,0.0,1
30.8683,78.6542,30.75,78.75,2025-06-29,12,0.8063,22.62633514404297,16.03151512145996,35.794368743896484,18.597599029541016,3.701072142368973,17.512853894914898,0.2852,0.1748,0.2903,0.3642,0.0,1
24.40769723848287,83.31391793138438,24.5,83.25,2025-07-17,12,0.0843,75.28968048095703,25.754444122314453,74.98906707763672,44.83506393432617,6.428033421427369,64.57695661272321,0.4492,0.3018,0.5856,0.6288,0.0,0
27.296928,93.088111,27.25,93.0,2025-06-09,12,0.5744,0.0,14.784378051757812,82.94699096679688,36.28396987915039,7.782361505104698e-06,-11.849570138113839,0.1763,0.2967,0.5736,0.618,0.0,1
8.25,84.5,8.25,84.5,2025-06-11,12,0.0,0.0,0.0,0.0,0.0,0.0001,0.0,0.05,0.05,0.0,0.1042,0.0,0
24.5,84.0,24.5,84.0,2025-05-18,12,0.0,0.0,0.0,10.863561630249023,4.097187042236328,3.918591457230256e-05,-1.5519373757498605,0.0679,0.1026,0.1222,0.2137,0.0,0
26.75,80.5,26.75,80.5,2025-07-16,12,0.0,10.076498985290527,73.68334197998047,105.89912414550781,66.59109497070312,0.6247718344220677,-5.051947321210589,0.2401,0.3593,0.7194,0.7486,0.1621,0
22.47630753977313,84.52123245530439,22.5,84.5,2025-07-25,12,0.0719,9.566965103149414,32.42177200317383,48.020084381103516,28.863065719604492,1.2171819886384319,2.7069530487060547,0.1724,0.2358,0.4321,0.4913,0.0,0
23.531993991809788,79.52290247067656,23.5,79.5,2025-07-03,12,0.0756,26.0863037109375,23.840801239013672,88.56739044189453,46.42497634887695,1.9107440846947388,13.433819362095424,0.3074,0.3284,0.6475,0.6842,0.0,0
23.121323,92.741086,23.0,92.75,2025-02-06,12,0.6896,0.0,0.0,0.0,0.0,0.0001,0.0,0.05,0.05,0.0,0.1042,0.0,0
31.230587,76.677044,31.25,76.75,2025-02-08,12,0.7752,0.0,7.210565567016602,7.210565567016602,5.209633827209473,4.925912319948288e-05,-1.030080795288086,0.0726,0.079,0.0674,0.1645,0.0,0
23.186501,92.735632,23.25,92.75,2025-12-26,12,0.8145,0.0,0.0,0.0,0.0,0.0001,0.0,0.05,0.05,0.0,0.1042,0.0,0
23.965976005139613,83.90637833994637,24.0,84.0,2025-07-16,12,0.0302,56.88540267944336,42.769657135009766,100.17031860351562,52.79930877685547,3.715567182638207,42.575357164655415,0.4213,0.3496,0.6967,0.7283,0.0943,0
23.185722329888556,79.07614184759859,23.25,79.0,2025-07-23,12,0.0851,2.859231472015381,0.0,14.14843463897705,7.170207977294922,0.9464208886278028,0.8380265235900879,0.0909,0.1158,0.1531,0.2413,0.0,0
21.5,99.5,21.5,99.5,2025-02-04,12,0.0,0.0,0.0,0.0,0.0,0.0001,0.0,0.05,0.05,0.0,0.1042,0.0,0
23.300291,92.69577,23.25,92.75,2025-02-09,12,0.8145,0.0,0.0,0.0,0.0,0.0001,0.0,0.05,0.05,0.0,0.1042,0.0,0
18.26855,73.59893,18.25,73.5,2025-08-20,12,0.7205,38.50642013549805,57.40006637573242,72.07533264160156,46.3369140625,3.408719659393229,28.20994404384068,0.3683,0.2684,0.5079,0.5592,0.0,1
32.67499167,75.16107778,32.75,75.25,2025-08-27,12,0.6231,82.84996795654297,98.8916015625,115.99009704589844,82.58794403076172,4.715424165242915,66.27995409284318,0.4563,0.3472,0.6912,0.7234,0.0779,1
25.25,85.25,25.25,85.25,2025-09-19,12,0.0,10.908759117126465,26.796329498291016,38.57959747314453,24.888103485107422,1.6753551600554986,5.397388049534389,0.1865,0.2093,0.3706,0.4361,0.0,0
11.25,84.25,11.25,84.25,2025-12-09,12,0.0,0.0,0.0,0.0,0.0,0.0001,0.0,0.05,0.05,0.0,0.1042,0.0,0
25.518498898145253,87.70257109726057,25.5,87.75,2025-07-23,12,0.0505,2.4142544269561768,9.35476303100586,49.76923751831055,23.63808822631836,0.29770491427231344,-4.695636647088187,0.1399,0.2416,0.4455,0.5033,0.0,0
23.189242,92.734475,23.25,92.75,2025-02-20,12,0.8145,0.0,0.0,0.0,0.0,0.0001,0.0,0.05,0.05,0.0,0.1042,0.0,0
11.3339,76.7981,11.25,76.75,2025-03-07,12,0.6801,0.0,0.0,0.0,0.0,0.0001,0.0,0.05,0.05,0.0,0.1042,0.0,0
27.0,89.5,27.0,89.5,2025-05-10,12,0.108,19.545854568481445,34.035308837890625,63.97264862060547,38.48427200317383,1.9278085944174093,10.406904765537806,0.263,0.2763,0.5262,0.5755,0.0,0
31.725,76.7725,31.75,76.75,2025-02-15,12,0.7398,0.0,0.0,0.0,0.0,0.0001,0.0,0.05,0.05,0.0,0.1042,0.0,0
23.730243,92.75603,23.75,92.75,2025-02-14,12,0.8587,0.0,0.0,0.0,0.0,0.0001,0.0,0.05,0.05,0.0,0.1042,0.0,0
28.25,69.0,28.25,69.0,2025-11-22,12,0.0,0.0,0.0,0.0,0.0,0.0001,0.0,0.05,0.05,0.0,0.1042,0.0,0
24.25,70.75,24.25,70.75,2025-08-19,12,0.0,1.9183536767959595,16.593711853027344,16.593711853027344,13.666468620300293,0.5691845276922206,-0.45217658792223236,0.1058,0.1276,0.1806,0.2659,0.0,0
32.015,76.44056944,32.0,76.5,2025-07-01,12,0.7719,32.57141876220703,96.56897735595703,236.2057342529297,134.74996948242188,0.9374804917154321,-1.172257559640066,0.3425,0.4363,0.8985,0.9091,0.6968,1
25.5,69.25,25.5,69.25,2025-06-02,12,0.0,0.0,0.0,0.0,0.0,0.0001,0.0,0.05,0.05,0.0,0.1042,0.0,0
33.37578,74.414689,33.5,74.5,2025-07-20,12,0.5933,0.0,44.11798858642578,54.51018524169922,36.814395904541016,1.1380229099447635e-05,-7.787169320242746,0.1777,0.2337,0.4271,0.4868,0.0,1
32.02631389,77.34464722,32.0,77.25,2025-03-20,12,0.7313,0.0,53.268653869628906,57.98887634277344,35.88808059692383,1.0771074057473498e-05,-8.284125191824776,0.1753,0.2365,0.4337,0.4927,0.0,1
9.836942,77.111808,9.75,77.0,2025-01-10,12,0.8443,0.0,0.0,0.0,0.0,0.0001,0.0,0.05,0.05,0.0,0.1042,0.0,0
20.25,92.5,20.25,92.5,2025-08-19,12,0.0,0.0,0.0,0.0,0.0,0.0001,0.0,0.05,0.05,0.0,0.1042,0.0,0
23.293453,92.858089,23.25,92.75,2025-12-15,12,0.8145,0.0,0.0,0.0,0.0,0.0001,0.0,0.05,0.05,0.0,0.1042,0.0,0
9.902112,77.215001,10.0,77.25,2025-01-20,12,0.8526,1.794075846672058,0.0,6.4179534912109375,3.1357152462005615,0.9360019719051036,0.8772253479276385,0.0762,0.0753,0.0588,0.1568,0.0,0
23.09397175788361,83.21934964064577,23.0,83.25,2025-08-16,12,0.0464,0.9000166058540344,13.304861068725586,36.341365814208984,17.443161010742188,0.14537650400746227,-4.291607081890106,0.1193,0.2006,0.3502,0.4179,0.0,0
27.068621,88.479162,27.0,88.5,2025-03-05,12,1.0,0.0,4.429838180541992,6.689099311828613,3.924825668334961,5.1135577590202525e-05,-0.9555856159755162,0.0672,0.0751,0.0584,0.1565,0.0,0
18.27354,73.602259,18.25,73.5,2025-12-20,12,0.4745,0.0,0.0,0.0,0.0,0.0001,0.0,0.05,0.05,0.0,0.1042,0.0,0
35.25,67.25,35.25,67.25,2025-06-04,12,0.0,0.0,0.0,0.0,0.0,0.0001,0.0,0.05,0.05,0.0,0.1042,0.0,0
22.964009513332297,84.27375504435362,23.0,84.25,2025-07-13,12,0.0804,2.012059450149536,64.4199447631836,118.08372497558594,72.04393005371094,0.1126055060624067,-14.857044117791311,0.2488,0.3727,0.7506,0.7765,0.2551,0
19.25,72.25,19.25,72.25,2025-01-25,12,0.0003,0.0,0.0,0.0,0.0,0.0001,0.0,0.05,0.05,0.0,0.1042,0.0,0
30.742292,78.364053,30.75,78.25,2025-06-29,12,0.7833,32.51778030395508,60.02823257446289,71.26493835449219,52.10063934326172,2.9083925307228014,22.337074824741908,0.3422,0.2638,0.4973,0.5496,0.0,1
25.37702218567647,81.2362912458048,25.5,81.25,2025-07-25,12,0.0958,1.7552272081375122,0.5317903161048889,33.69078063964844,12.406465530395508,0.3019674300617877,-3.057741454669407,0.1011,0.1902,0.3261,0.3963,0.0,0
25.16236101205739,80.88295804554257,25.25,81.0,2025-08-15,12,0.1428,1.4640638828277588,9.104548454284668,50.41986083984375,23.747314453125,0.17849481050435442,-5.738773380007062,0.1402,0.2401,0.442,0.5001,0.0,0
25.68698889,91.64812222,25.75,91.75,2025-12-04,12,0.4898,0.0,0.0,0.0,0.0,0.0001,0.0,0.05,0.05,0.0,0.1042,0.0,0
24.763535378592728,81.96553681989963,24.75,82.0,2025-07-11,12,0.1325,0.733976423740387,3.989823818206787,117.68740844726562,51.327938079833984,0.04121133825919529,-16.07851049729756,0.2116,0.3702,0.7447,0.7713,0.2378,0
11.2774,76.6898,11.25,76.75,2025-12-18,12,0.6801,6.851799964904785,0.0,0.0,0.0,6.851899964904785,6.851799964904785,0.1417,0.05,0.0,0.1042,0.0,0
25.21859903162473,80.7714435187336,25.25,80.75,2025-08-18,12,0.0649,0.0,0.0,5.583641052246094,2.295145273208618,5.562777872427113e-05,-0.7976630074637276,0.0602,0.0774,0.0638,0.1613,0.0,0
22.529731,92.896699,22.5,93.0,2025-08-19,12,0.6572,0.0,93.71047973632812,98.6519775390625,64.16028594970703,6.625526718051163e-06,-14.0931396484375,0.236,0.3201,0.6282,0.6669,0.0,1
18.5,78.0,18.5,78.0,2025-08-07,12,0.0,13.60970401763916,0.0,2.4707207679748535,0.8109002113342285,10.059279589957296,13.256743907928467,0.2129,0.0626,0.0292,0.1303,0.0,0
23.85355328518892,79.84368238019694,23.75,79.75,2025-08-03,12,0.0415,4.815334320068359,28.343032836914062,74.45329284667969,38.808834075927734,0.41383275080023446,-5.820850372314453,0.1828,0.3024,0.5869,0.63,0.0,0
25.621162738059745,84.90405721911073,25.5,85.0,2025-08-23,12,0.1246,0.0,27.0405216217041,39.08498764038086,27.893680572509766,1.518932814873193e-05,-5.583569662911551,0.1529,0.207,0.3652,0.4313,0.0,0
32.447265,75.518707,32.5,75.5,2025-02-14,12,0.5616,0.0,0.0,0.0,0.0,0.0001,0.0,0.05,0.05,0.0,0.1042,0.0,0
11.4139,76.8139,11.5,76.75,2025-02-08,12,0.6111,0.0,0.0,0.0,0.0,0.0001,0.0,0.05,0.05,0.0,0.1042,0.0,0
25.464858968868338,78.05025503365312,25.5,78.0,2025-08-05,12,0.0457,15.496574401855469,2.048539400100708,72.16699981689453,32.50878143310547,1.3702264966953936,5.1870029994419635,0.23,0.2973,0.5752,0.6194,0.0,0
23.76216365769421,83.54909833825408,23.75,83.5,2025-08-22,12,0.1318,0.583182692527771,1.962963581085205,13.387370109558105,5.882241725921631,0.2002700115685934,-1.3292987516948156,0.0754,0.1119,0.1439,0.2331,0.0,0
25.65443889,91.62390833,25.75,91.5,2025-05-30,12,0.6711,3.0345802307128906,14.440524101257324,46.151702880859375,23.940662384033203,0.39966286052219846,-3.558520180838449,0.1408,0.2088,0.3693,0.435,0.0,1
23.135979,92.747589,23.25,92.75,2025-06-01,12,0.9016,99.3125228881836,87.32789611816406,173.41844177246094,108.7843017578125,3.853200112957625,74.53845977783203,0.4667,0.3942,0.8005,0.8213,0.4043,1
23.207082,92.509726,23.25,92.5,2025-02-25,12,0.6729,0.0,0.0,0.0,0.0,0.0001,0.0,0.05,0.05,0.0,0.1042,0.0,0
12.75,76.5,12.75,76.5,2025-10-03,12,0.0039,3.919977903366089,6.451891899108887,23.38623809814453,11.801019668579102,0.9030583264348943,0.5790867464882985,0.1051,0.1551,0.2445,0.3232,0.0,0
26.25,68.0,26.25,68.0,2025-07-18,12,0.0,0.0,0.0,0.0,0.0,0.0001,0.0,0.05,0.05,0.0,0.1042,0.0,0
32.45266667,75.93528611,32.5,76.0,2025-07-04,12,0.8796,8.768048286437988,58.919551849365234,98.27748107910156,54.594139099121094,0.5830025317470268,-5.271591867719378,0.2183,0.3086,0.6015,0.643,0.0,1
26.42608,94.398916,26.5,94.5,2025-03-09,12,0.476,0.0,0.0,20.934371948242188,8.361335754394531,2.5058734139324317e-05,-2.990624564034598,0.0855,0.1354,0.1985,0.282,0.0,0
23.239077,92.745631,23.25,92.75,2025-01-01,12,0.8145,0.0,0.0,0.0,0.0,0.0001,0.0,0.05,0.05,0.0,0.1042,0.0,0
20.0,85.5,20.0,85.5,2025-12-01,12,0.0,0.0,0.0,0.0,0.0,0.0001,0.0,0.05,0.05,0.0,0.1042,0.0,0
23.239637,92.748175,23.25,92.75,2025-03-24,12,0.8145,0.0,0.0,0.9832902550697327,0.5132836699485779,8.768314537423589e-05,-0.14047003643853323,0.0523,0.054,0.0094,0.1125,0.0,0
33.15098,75.46301,33.25,75.5,2025-06-24,12,0.8216,1.300622582435608,0.0,9.014911651611328,3.268005847930908,0.5685362663947732,0.012778060776846845,0.0691,0.0854,0.0824,0.178,0.0,1
23.5,68.75,23.5,68.75,2025-09-01,12,0.0,0.0,0.0,4.019733428955078,1.3071722984313965,6.352240773453774e-05,-0.5742476327078683,0.0558,0.0702,0.0471,0.1464,0.0,0
27.296928,93.088111,27.25,93.0,2025-03-14,12,0.4062,3.1242623329162598,1.946742296218872,8.092926025390625,3.935297966003418,1.4490587374258188,1.968130043574742,0.0945,0.0859,0.0836,0.179,0.0,0
19.75,82.5,19.75,82.5,2025-12-24,12,0.0,0.0,0.0,0.0,0.0,0.0001,0.0,0.05,0.05,0.0,0.1042,0.0,0
25.929002325939873,80.96255753316784,26.0,81.0,2025-07-05,12,0.0491,5.697279453277588,7.035170555114746,15.56486988067627,8.569192886352539,1.767422386383726,3.473726613180978,0.1277,0.1224,0.1685,0.2551,0.0,0
32.87978611,74.95545556,33.0,75.0,2025-07-21,12,0.682,9.593147277832031,4.957189083099365,67.50205993652344,32.37692642211914,0.901354016278732,-0.050004141671317726,0.1726,0.2604,0.4893,0.5425,0.0,1
27.302253,93.050932,27.25,93.0,2025-07-21,12,0.6183,1.4014713764190674,3.0408248901367188,12.694840431213379,6.473172187805176,0.4981507552295018,-0.41207725661141525,0.0779,0.102,0.1208,0.2124,0.0,1
15.25,84.0,15.25,84.0,2025-04-25,12,0.0,0.0,0.0,0.0,0.0,0.0001,0.0,0.05,0.05,0.0,0.1042,0.0,0
26.6570516389653,84.83336281280214,26.75,84.75,2025-07-23,12,0.1039,0.0,3.6053082942962646,45.926055908203125,21.22675323486328,1.322599970823644e-05,-6.560865129743304,0.1321,0.2286,0.4154,0.4763,0.0,0
23.225357,92.74039,23.25,92.75,2025-06-06,12,0.919,10.551135063171387,106.3203125,363.2035827636719,182.16612243652344,0.19950818652489677,-41.33509104592459,0.3314,0.465,0.9652,0.9688,0.896,1
22.098628732315877,79.3518305417143,22.0,79.25,2025-08-05,12,0.0356,0.0,2.2733261585235596,13.272019386291504,6.087740421295166,3.45303537186512e-05,-1.8960027694702148,0.0763,0.1128,0.146,0.235,0.0,0
26.13353679870744,87.84013163210464,26.25,87.75,2025-07-27,12,0.1449,3.8708832263946533,42.91788864135742,128.80152893066406,70.167236328125,0.19953297137469916,-14.529335192271642,0.2459,0.3831,0.7745,0.798,0.3267,0
23.081023,92.897247,23.0,93.0,2025-11-21,12,0.6412,0.0,0.0,0.0,0.0,0.0001,0.0,0.05,0.05,0.0,0.1042,0.0,0
24.14282306300896,85.26585765826454,24.25,85.25,2025-07-05,12,0.1009,7.444196701049805,37.985931396484375,95.97119903564453,52.551944732666016,0.5060645830618151,-6.265974589756556,0.2142,0.3401,0.6746,0.7085,0.0282,0
32.25,75.25,32.25,75.25,2025-12-20,12,0.0726,0.0,0.0,0.0,0.0,0.0001,0.0,0.05,0.05,0.0,0.1042,0.0,0
23.198272,92.589291,23.25,92.5,2025-03-20,12,0.6729,0.13677437603473663,0.0,0.0,0.0,0.13687437603473662,0.13677437603473663,0.0521,0.05,0.0,0.1042,0.0,0
23.201614,92.734453,23.25,92.75,2025-06-02,12,0.9058,73.33731079101562,183.54595947265625,270.1734924316406,176.18540954589844,1.8521319301979065,34.741097586495535,0.447,0.445,0.9186,0.927,0.7568,1
14.75,92.5,14.75,92.5,2025-09-05,12,0.0,0.0,0.0,0.0,0.0,0.0001,0.0,0.05,0.05,0.0,0.1042,0.0,0
22.885962505055957,80.94266736637114,23.0,81.0,2025-07-26,12,0.1424,7.929591178894043,55.90911102294922,66.37943267822266,48.651947021484375,0.7564495421444128,-1.5531849179949084,0.2059,0.2805,0.5362,0.5845,0.0,0
23.197704,93.163019,23.25,93.25,2025-12-03,12,0.5937,0.0,0.0,0.0,0.0,0.0001,0.0,0.05,0.05,0.0,0.1042,0.0,0
23.239077,92.745631,23.25,92.75,2025-05-31,12,0.9808,58.45155715942383,51.10498046875,134.1341552734375,75.67455291748047,2.8990969572407543,39.28953497750419,0.4244,0.3524,0.7033,0.7342,0.1139,1
37.0,75.0,37.0,75.0,2025-01-18,12,0.0,0.0,0.0,0.0,0.0,0.0001,0.0,0.05,0.05,0.0,0.1042,0.0,0
33.04161389,74.59126944,33.0,74.5,2025-11-10,12,0.4111,0.0,0.0,13.64294147491455,7.121701240539551,3.3909896070317546e-05,-1.9489916392735072,0.0805,0.1087,0.1366,0.2265,0.0,0
30.07611111,78.52072222,30.0,78.5,2025-03-27,12,0.659,0.0,0.0,0.0,0.0,0.0001,0.0,0.05,0.05,0.0,0.1042,0.0,0
22.979900923508808,87.43766382212014,23.0,87.5,2025-08-27,12,0.0689,1.894789218902588,36.8188591003418,123.89199829101562,68.11674499511719,0.10133716885296086,-15.80406767981393,0.2427,0.3802,0.768,0.7922,0.3073,0
23.199095,92.586671,23.25,92.5,2025-06-01,12,0.7648,89.12710571289062,83.58097076416016,163.79278564453125,103.04899597167969,3.652908626297186,65.72813633510044,0.461,0.3923,0.796,0.8173,0.3909,1
33.699214,74.233149,33.75,74.25,2025-07-20,12,0.4907,0.0,36.6805419921875,52.15821838378906,34.642723083496094,1.1832675478134731e-05,-7.451174054827009,0.172,0.2317,0.4225,0.4827,0.0,1
23.164443,92.742682,23.25,92.75,2025-06-01,12,0.9075,99.3125228881836,87.32789611816406,173.41844177246094,108.7843017578125,3.853200112957625,74.53845977783203,0.4667,0.394,0.7999,0.8207,0.4024,1
24.460408526942075,83.31360831695267,24.5,83.25,2025-07-23,12,0.057,0.0,9.574033737182617,152.7893524169922,61.785865783691406,4.380767488019191e-06,-21.827050345284597,0.2319,0.4094,0.8359,0.853,0.51,0
33.75,85.5,33.75,85.5,2025-07-10,12,0.0,0.0,0.0,0.0,0.0,0.0001,0.0,0.05,0.05,0.0,0.1042,0.0,0
24.494364105769407,87.89185574864783,24.5,88.0,2025-07-27,12,0.0297,3.920084238052368,35.08440017700195,42.2410888671875,27.406475067138672,0.5572843797256578,-2.114357028688703,0.1515,0.22,0.3954,0.4583,0.0,0
11.75,83.75,11.75,83.75,2025-05-03,12,0.0,0.0,0.0,0.0,0.0,0.0001,0.0,0.05,0.05,0.0,0.1042,0.0,0
23.300291,92.69577,23.25,92.75,2025-06-01,12,0.9095,99.3125228881836,87.32789611816406,173.41844177246094,108.7843017578125,3.853200112957625,74.53845977783203,0.4667,0.3939,0.7997,0.8206,0.4018,1
24.9436576106566,81.75329907919601,25.0,81.75,2025-08-11,12,0.0464,0.4102976322174072,67.92061614990234,157.90504455566406,82.74698638916016,0.017420834112519438,-22.147565875734603,0.264,0.4139,0.8463,0.8623,0.5411,0
23.478272708062427,84.19615926944923,23.5,84.25,2025-07-19,12,0.0858,1.933347225189209,38.25532150268555,75.9261245727539,41.09955596923828,0.1632070791448901,-8.913241999489921,0.1885,0.3037,0.59,0.6327,0.0,0
30.087139,79.473153,30.0,79.5,2025-02-03,12,0.677,0.0,0.0,0.0,0.0,0.0001,0.0,0.05,0.05,0.0,0.1042,0.0,0
25.371098162236983,80.2149354885964,25.25,80.25,2025-07-06,12,0.0732,25.29144287109375,21.941864013671875,69.89334869384766,35.26478576660156,2.302420210654989,15.306678771972656,0.3026,0.2913,0.5611,0.6068,0.0,0
26.11956,92.052125,26.0,92.0,2025-01-11,12,0.4498,0.0,0.6386637091636658,0.6386637091636658,0.47854459285736084,9.163906497942177e-05,-0.09123767273766654,0.0522,0.0529,0.0068,0.1102,0.0,0
37.75,78.5,37.75,78.5,2025-01-06,12,0.0,0.0,0.0,0.0,0.0,0.0001,0.0,0.05,0.05,0.0,0.1042,0.0,0
18.5,97.75,18.5,97.75,2025-08-16,12,0.0,0.0,0.0,0.0,0.0,0.0001,0.0,0.05,0.05,0.0,0.1042,0.0,0
25.483444939365985,85.25326390735879,25.5,85.25,2025-07-07,12,0.1467,0.3972223401069641,2.554644823074341,31.13106346130371,14.254327774047852,0.07293938663869766,-4.050072440079281,0.1079,0.18,0.3022,0.3749,0.0,0
23.114694,92.743931,23.0,92.75,2025-01-18,12,0.6896,0.0,0.0,0.0,0.0,0.0001,0.0,0.05,0.05,0.0,0.1042,0.0,0
25.75,75.75,25.75,75.75,2025-10-25,12,0.0,0.0,0.0,0.0,0.0,0.0001,0.0,0.05,0.05,0.0,0.1042,0.0,0
25.88165,94.19023,26.0,94.25,2025-12-23,12,0.6306,0.0,0.0,0.0,0.0,0.0001,0.0,0.05,0.05,0.0,0.1042,0.0,0
23.81805724595032,80.16814275929109,23.75,80.25,2025-08-03,12,0.1462,5.275686264038086,16.390762329101562,72.568115234375,32.332244873046875,0.46413696918023634,-5.091187340872628,0.1657,0.2942,0.5679,0.6129,0.0,0
25.212899579022704,82.5808268967573,25.25,82.5,2025-07-11,12,0.0231,0.0,0.0,6.059374809265137,2.7194535732269287,5.360134081635947e-05,-0.8656249727521624,0.062,0.08,0.0697,0.1666,0.0,0
23.755925,92.726753,23.75,92.75,2025-05-24,12,1.0,11.044801712036133,45.23114776611328,90.22527313232422,52.799251556396484,0.7952079690126214,-1.8445230211530408,0.2147,0.2891,0.556,0.6023,0.0,1
26.27172991391358,84.8676779559717,26.25,84.75,2025-07-07,12,0.1279,0.0,0.8654125332832336,11.683138847351074,5.397094249725342,3.7466937740991375e-05,-1.6690198353358678,0.0734,0.1046,0.1269,0.2179,0.0,0
12.860977,75.205525,12.75,75.25,2025-02-15,12,0.4204,0.0,0.0,0.0,0.0,0.0001,0.0,0.05,0.05,0.0,0.1042,0.0,0
22.662344770089273,84.72282652513152,22.75,84.75,2025-08-20,12,0.1137,2.1360790729522705,2.6270973682403564,3.2924728393554688,2.4359419345855713,1.4528339053263213,1.6657258101872037,0.081,0.0662,0.0377,0.1379,0.0,0
27.08242577,88.44852891,27.0,88.5,2025-11-16,12,1.0,0.0,0.0,0.0,0.0,0.0001,0.0,0.05,0.05,0.0,0.1042,0.0,0
25.670750282281773,87.50872204625428,25.75,87.5,2025-07-11,12,0.0207,0.0,0.0,6.930647373199463,2.8151509761810303,5.02489210477539e-05,-0.9900924818856376,0.0624,0.0841,0.0794,0.1753,0.0,0
23.67701,92.87895,23.75,93.0,2025-12-23,12,0.8092,0.0,0.0,0.0,0.0,0.0001,0.0,0.05,0.05,0.0,0.1042,0.0,0
12.83177222,75.71678889,12.75,75.75,2025-08-17,12,0.5938,20.09236717224121,23.189184188842773,30.160144805908203,20.457683563232422,3.784895643983781,15.783775057111468,0.2672,0.164,0.2652,0.3418,0.0,1
23.692391,92.723348,23.75,92.75,2025-02-08,12,0.8587,0.0,0.0,0.0,0.0,0.0001,0.0,0.05,0.05,0.0,0.1042,0.0,0
23.198119,92.899566,23.25,93.0,2025-05-31,12,0.9549,57.51850509643555,57.59139633178711,152.9855194091797,86.28556060791016,2.516666740602191,35.663430895124165,0.4226,0.3737,0.7528,0.7786,0.2618,1
30.742292,78.364053,30.75,78.25,2025-11-10,12,0.7314,0.0,0.0,0.0,0.0,0.0001,0.0,0.05,0.05,0.0,0.1042,0.0,0
21.25,80.25,21.25,80.25,2025-05-27,12,0.0,0.0,0.0,26.81696319580078,13.664021492004395,2.0699670634142646e-05,-3.8309947422572543,0.1058,0.1683,0.2752,0.3507,0.0,0
23.160357,92.743677,23.25,92.75,2025-08-01,12,0.9638,1.392492413520813,31.539926528930664,89.17615509033203,44.02175521850586,0.10135721151973572,-11.346958313669477,0.1955,0.2891,0.5561,0.6024,0.0,1
19.0,80.75,19.0,80.75,2025-01-21,12,0.0,0.0,0.0,0.0,0.0,0.0001,0.0,0.05,0.05,0.0,0.1042,0.0,0
23.353485,92.780193,23.25,92.75,2025-12-11,12,0.8145,0.0,0.0,0.0,0.0,0.0001,0.0,0.05,0.05,0.0,0.1042,0.0,0
23.291103,92.864843,23.25,92.75,2025-02-17,12,0.8145,0.0,0.0,0.0,0.0,0.0001,0.0,0.05,0.05,0.0,0.1042,0.0,0
23.99799255810434,86.52430417569119,24.0,86.5,2025-07-21,12,0.0956,0.14231081306934357,35.129886627197266,147.75,76.56988525390625,0.006441846148532503,-20.964832044073514,0.2556,0.4038,0.8228,0.8413,0.4709,0
23.304123,92.671521,23.25,92.75,2025-06-01,12,0.9483,99.3125228881836,87.32789611816406,173.41844177246094,108.7843017578125,3.853200112957625,74.53845977783203,0.4667,0.3921,0.7956,0.8169,0.3896,1
26.28436968037547,79.17643988159325,26.25,79.25,2025-07-14,12,0.0616,37.42122268676758,30.65234375,62.50200653076172,38.237953186035156,3.768945270543144,28.492364610944477,0.3639,0.2745,0.5222,0.5719,0.0,0
32.22934444,76.32632222,32.25,76.25,2025-11-05,12,0.6764,0.0,0.0,0.0,0.0,0.0001,0.0,0.05,0.05,0.0,0.1042,0.0,0
33.22051667,75.26956389,33.25,75.25,2025-12-26,12,0.6662,0.0,7.624327182769775,9.513998985290527,5.72509765625,4.238827921834737e-05,-1.3591427121843611,0.0748,0.089,0.0908,0.1855,0.0,0
26.212390191007824,83.96641405393736,26.25,84.0,2025-07-01,12,0.0441,12.889792442321777,0.9065803289413452,29.05416488647461,12.634542465209961,2.5026026086129405,8.73919745853969,0.2061,0.1754,0.2916,0.3654,0.0,0
24.493167532201394,78.45059581919726,24.5,78.5,2025-08-08,12,0.1415,0.0,0.0,21.208660125732422,6.954418182373047,2.481507440906235e-05,-3.029808589390346,0.0798,0.1436,0.2177,0.2992,0.0,0
27.296928,93.088111,27.25,93.0,2025-03-26,12,0.4062,0.0,7.146413326263428,7.514462947845459,6.192439556121826,4.822775754881849e-05,-1.0734947068350655,0.0767,0.0835,0.0778,0.1739,0.0,0
25.369056,91.775046,25.25,91.75,2025-12-21,12,0.4952,0.0,0.0,0.0,0.0,0.0001,0.0,0.05,0.05,0.0,0.1042,0.0,0
11.3606,76.7813,11.25,76.75,2025-10-22,12,0.8618,3.2365293502807617,22.973480224609375,62.4788703918457,31.56708526611328,0.3260905844350684,-5.6890235628400525,0.1635,0.2412,0.4447,0.5025,0.0,1
9.882615,77.187536,10.0,77.25,2025-02-08,12,0.8526,0.0,0.0,0.417131245136261,0.15732085704803467,9.437611077180558e-05,-0.05959017787660871,0.0507,0.0517,0.0039,0.1077,0.0,0
26.897754201908786,79.44965072379817,27.0,79.5,2025-07-26,12,0.0449,1.7827385663986206,1.344848394393921,8.74763011932373,3.6334424018859863,0.7924919413414748,0.5330771207809448,0.076,0.0924,0.0986,0.1925,0.0,0
11.75,80.75,11.75,80.75,2025-02-10,12,0.0,0.0,0.0,0.0,0.0,0.0001,0.0,0.05,0.05,0.0,0.1042,0.0,0
24.0,98.25,24.0,98.25,2025-05-26,12,0.0,0.0,0.0,0.0,0.0,0.0001,0.0,0.05,0.05,0.0,0.1042,0.0,0
10.25,70.25,10.25,70.25,2025-08-12,12,0.0,0.0,0.0,0.0,0.0,0.0001,0.0,0.05,0.05,0.0,0.1042,0.0,0
23.782781118441783,86.32855808617921,23.75,86.25,2025-08-08,12,0.0601,8.748434066772461,27.343730926513672,53.1300163269043,28.80474090576172,1.0184553773355023,1.1584317343575616,0.1634,0.2505,0.4663,0.5219,0.0,0
25.623946505977177,78.59526196871822,25.5,78.5,2025-07-06,12,0.0369,48.37063217163086,46.012359619140625,187.87603759765625,102.7215805053711,1.7374897877412931,21.531198229108536,0.4009,0.4339,0.8929,0.904,0.6801,0
23.105869,92.746616,23.0,92.75,2025-01-20,12,0.6896,0.0,0.0,0.0,0.0,0.0001,0.0,0.05,0.05,0.0,0.1042,0.0,0
23.196642,92.735456,23.25,92.75,2025-07-01,12,0.984,39.7066535949707,0.5415206551551819,49.990272521972656,23.749649047851562,4.877100299136701,32.565186091831755,0.3729,0.2065,0.3638,0.4301,0.0,1
27.372611,88.541022,27.25,88.5,2025-12-26,12,0.9541,0.0,0.0,0.0,0.0,0.0001,0.0,0.05,0.05,0.0,0.1042,0.0,0
23.149163,92.750431,23.25,92.75,2025-06-01,12,0.9138,99.3125228881836,87.32789611816406,173.41844177246094,108.7843017578125,3.853200112957625,74.53845977783203,0.4667,0.3937,0.7992,0.8201,0.4005,1
16.75,95.5,16.75,95.5,2025-01-18,12,0.0,0.0,0.0,0.0,0.0,0.0001,0.0,0.05,0.05,0.0,0.1042,0.0,0
24.888815337488538,78.65134501443961,25.0,78.75,2025-07-26,12,0.0376,10.880196571350098,20.589611053466797,114.80655670166016,47.91604995727539,0.6252707412622611,-5.520740100315638,0.2043,0.3702,0.7446,0.7712,0.2372,0
20.0,96.0,20.0,96.0,2025-12-25,12,0.0,0.0,0.0,0.0,0.0,0.0001,0.0,0.05,0.05,0.0,0.1042,0.0,0
23.077813,92.89844,23.0,93.0,2025-11-04,12,0.6412,0.15865200757980347,4.469459056854248,5.926427364349365,4.348535060882568,0.08596838258059235,-0.6879804730415344,0.069,0.0749,0.058,0.1561,0.0,0
23.084343,92.898597,23.0,93.0,2025-05-31,12,0.8152,55.573516845703125,73.36700439453125,177.0118865966797,100.72413635253906,2.11407711270616,30.286104474748885,0.4185,0.4008,0.8157,0.8349,0.4497,1
31.28191,76.767061,31.25,76.75,2025-08-01,12,1.0,1.9508756399154663,22.632991790771484,34.65478515625,21.843013763427734,0.327857398091973,-2.9998079538345337,0.1341,0.1652,0.2679,0.3442,0.0,1
25.595859614210624,83.62702005371068,25.5,83.75,2025-08-08,12,0.1096,0.0,26.21257781982422,67.15043640136719,39.6262092590332,9.440268108618891e-06,-9.592919485909599,0.1849,0.2836,0.5433,0.5909,0.0,0
22.397032923215146,85.31496490340362,22.5,85.25,2025-07-09,12,0.1265,2.8460164070129395,66.67528533935547,117.37498474121094,68.94287109375,0.16018345562449154,-13.921838556017196,0.244,0.3701,0.7444,0.771,0.2366,0
24.870809998047914,83.00755274740986,24.75,83.0,2025-08-02,12,0.0793,0.0,1.1000404357910156,56.4234504699707,26.221820831298828,1.1036927111548925e-05,-8.06049292428153,0.1479,0.2586,0.485,0.5387,0.0,0
26.91391191,88.46705858,27.0,88.5,2025-06-02,12,1.0,25.020959854125977,74.31512451171875,96.78450012207031,67.08280181884766,1.687606711723573,11.194602693830218,0.3009,0.3,0.5815,0.6251,0.0,1
17.25,75.25,17.25,75.25,2025-03-27,12,0.0,0.0,0.12988340854644775,0.12988340854644775,0.11040090024471283,9.817832352783275e-05,-0.018554772649492537,0.0505,0.0507,0.0016,0.1056,0.0,0
28.75,73.5,28.75,73.5,2025-03-17,12,0.0,1.5136080980300903,0.47015783190727234,0.47015783190727234,0.3996341824531555,1.4184381273648785,1.4464426934719086,0.0722,0.0524,0.0056,0.1092,0.0,0
23.119344,92.742996,23.0,92.75,2025-06-01,12,0.8531,171.4090118408203,91.12442016601562,194.12319946289062,119.84480285644531,5.96581491389376,143.67712620326452,0.4789,0.4112,0.84,0.8567,0.5222,1
11.51652778,75.89355556,11.5,76.0,2025-05-30,12,0.7367,80.77862548828125,340.34893798828125,520.5715942382812,325.2657775878906,1.0717997037622518,6.4112548828125,0.4546,0.4774,0.9939,0.9945,0.9817,1
9.896046,77.212729,10.0,77.25,2025-02-23,12,0.8526,0.0,0.0,0.0,0.0,0.0001,0.0,0.05,0.05,0.0,0.1042,0.0,0
23.028971884947108,85.4156610846683,23.0,85.5,2025-07-18,12,0.135,1.1069549322128296,131.1199493408203,199.77259826660156,114.2830581665039,0.03747781181091589,-27.43198767730168,0.2968,0.4376,0.9014,0.9116,0.7055,0
27.09236784,88.15408578,27.0,88.25,2025-07-08,12,1.0,18.32912254333496,37.23483657836914,117.07654571533203,60.27190399169922,1.0340758365220208,1.6039017268589575,0.2536,0.3301,0.6514,0.6877,0.0,1
26.423137,94.382261,26.5,94.5,2025-07-07,12,0.6735,34.56513977050781,147.72879028320312,194.8961181640625,125.32009887695312,1.1984216467051567,6.7228371756417395,0.3517,0.4185,0.857,0.8719,0.573,1
32.82666667,76.74638889,32.75,76.75,2025-02-18,12,0.4404,0.0,0.17512427270412445,0.3088160455226898,0.208175390958786,9.577474595612695e-05,-0.04411657793181283,0.0509,0.0514,0.0033,0.1071,0.0,0
27.10008347,88.23825663,27.0,88.25,2025-09-07,12,1.0,4.916702747344971,12.434998512268066,41.088897705078125,22.38589096069336,0.7157082169463065,-0.9531397819519043,0.1359,0.1829,0.3091,0.3811,0.0,1
11.51652778,75.89355556,11.5,76.0,2025-11-03,12,0.6074,0.0,7.4847540855407715,50.9404296875,24.306922912597656,1.2081373986617452e-05,-7.277204241071429,0.142,0.224,0.4046,0.4666,0.0,0
32.44476,75.533,32.5,75.5,2025-08-17,12,0.6231,24.13433074951172,71.98213958740234,295.2789001464844,170.02113342285156,0.5588911934134774,-18.04836927141462,0.3275,0.4584,0.9498,0.955,0.85,1
33.780956,74.202292,33.75,74.25,2025-07-25,12,0.429,4.066673755645752,22.38272476196289,52.96683120727539,27.486722946166992,0.47471936929804776,-3.5000164168221612,0.1517,0.2362,0.433,0.4921,0.0,1
14.845902,74.185561,14.75,74.25,2025-12-16,12,0.4173,0.0,0.0,0.0,0.0,0.0001,0.0,0.05,0.05,0.0,0.1042,0.0,0
23.315355,92.790619,23.25,92.75,2025-05-31,12,0.8875,58.45155715942383,51.10498046875,134.1341552734375,75.67455291748047,2.8990969572407543,39.28953497750419,0.4244,0.3571,0.7142,0.744,0.1466,1
23.810908013970757,84.60469721364431,23.75,84.5,2025-07-15,12,0.0459,14.92542839050293,16.58634376525879,83.33116912841797,36.42023849487305,1.1566184711391247,3.020975657871791,0.225,0.32,0.6279,0.6666,0.0,0
13.75,97.75,13.75,97.75,2025-02-05,12,0.0,0.0,0.0,0.0,0.0,0.0001,0.0,0.05,0.05,0.0,0.1042,0.0,0
25.25,73.75,25.25,73.75,2025-10-16,12,0.0,0.0,0.0,0.0,0.0,0.0001,0.0,0.05,0.05,0.0,0.1042,0.0,0
26.184324,91.855395,26.25,91.75,2025-01-20,12,0.4187,0.0,0.0,0.0,0.0,0.0001,0.0,0.05,0.05,0.0,0.1042,0.0,0
11.5,67.5,11.5,67.5,2025-03-21,12,0.0,0.0,0.0,0.0,0.0,0.0001,0.0,0.05,0.05,0.0,0.1042,0.0,0
37.5,87.75,37.5,87.75,2025-12-24,12,0.0,0.0,0.0,0.0,0.0,0.0001,0.0,0.05,0.05,0.0,0.1042,0.0,0
33.25,92.0,33.25,92.0,2025-02-23,12,0.0,0.0,0.0,0.0,0.0,0.0001,0.0,0.05,0.05,0.0,0.1042,0.0,0
36.25,77.25,36.25,77.25,2025-07-05,12,0.0,0.0,0.0,0.0,0.0,0.0001,0.0,0.05,0.05,0.0,0.1042,0.0,0
27.062298,93.531487,27.0,93.5,2025-02-25,12,0.4016,0.6506925225257874,1.1724627017974854,2.0245208740234375,1.120254635810852,0.5047966225878421,0.3614752548081534,0.0597,0.0593,0.0216,0.1235,0.0,0
11.04488889,76.53952778,11.0,76.5,2025-06-15,12,0.7683,32.3458137512207,37.89387893676758,49.67824935913086,31.118480682373047,3.994855148469198,25.24892098563058,0.3414,0.2144,0.3822,0.4466,0.0,1
23.267920584981844,82.70950058772515,23.25,82.75,2025-07-01,12,0.1048,19.867477416992188,43.027252197265625,91.12637329101562,49.241641998291016,1.4172850504368812,6.849424089704241,0.2655,0.3317,0.6552,0.6911,0.0,0
32.07001944,76.69208333,32.0,76.75,2025-02-14,12,0.6631,0.0,0.0,0.15959692001342773,0.05116311460733414,9.777086724579004e-05,-0.022799560001918247,0.0502,0.0507,0.0016,0.1056,0.0,0
24.118850599654618,81.42132600111896,24.0,81.5,2025-08-17,12,0.0778,0.5292365550994873,4.893860816955566,51.648956298828125,22.05615997314453,0.06317854774459897,-6.849185773304531,0.1348,0.2458,0.4554,0.5121,0.0,0
23.336229,92.787113,23.25,92.75,2025-01-10,12,0.8145,0.0,0.0,0.0,0.0,0.0001,0.0,0.05,0.05,0.0,0.1042,0.0,0
6.75,95.5,6.75,95.5,2025-12-22,12,0.0,0.0,0.0,0.0,0.0,0.0001,0.0,0.05,0.05,0.0,0.1042,0.0,0
20.25,66.75,20.25,66.75,2025-09-13,12,0.0,0.0,0.0,0.0,0.0,0.0001,0.0,0.05,0.05,0.0,0.1042,0.0,0
9.911175,77.217249,10.0,77.25,2025-01-01,12,0.9833,0.0,0.0,0.0,0.0,0.0001,0.0,0.05,0.05,0.0,0.1042,0.0,1
27.372611,88.541022,27.25,88.5,2025-07-19,12,1.0,12.475931167602539,77.8819351196289,101.53649139404297,63.50819778442383,0.8046346169064666,-2.0292818886893134,0.2349,0.3076,0.599,0.6408,0.0,1
33.615387,74.343672,33.5,74.25,2025-01-25,12,0.3819,0.0,0.3879263401031494,0.3879263401031494,0.2802768051624298,9.474918505890609e-05,-0.055418048586164205,0.0513,0.0518,0.0042,0.1079,0.0,0
22.0,95.25,22.0,95.25,2025-03-07,12,0.0,0.0,0.0,0.0,0.0,0.0001,0.0,0.05,0.05,0.0,0.1042,0.0,0
26.0,75.25,26.0,75.25,2025-07-12,12,0.0001,2.1166012287139893,0.0,33.07265090942383,13.805706024169922,0.3697511460993327,-2.6080631869179864,0.1063,0.1909,0.3276,0.3976,0.0,0
26.338094330945662,81.6645664633998,26.25,81.75,2025-08-09,12,0.1467,78.4940414428711,34.332862854003906,83.65503692626953,50.990989685058594,6.060986887545775,66.54332188197544,0.4524,0.3165,0.6198,0.6594,0.0,0
25.438846031828675,80.7347451537498,25.5,80.75,2025-08-06,12,0.0338,12.239129066467285,84.65607452392578,96.15690612792969,66.73504638671875,0.8305270745423668,-1.4975718089512409,0.2404,0.343,0.6815,0.7147,0.0489,0
10.0,69.0,10.0,69.0,2025-01-15,12,0.0,0.0,0.0,0.0,0.0,0.0001,0.0,0.05,0.05,0.0,0.1042,0.0,0
19.339084,73.784911,19.25,73.75,2025-11-02,12,0.396,0.16196833550930023,5.798524379730225,38.055503845214844,18.629249572753906,0.025179573009826407,-5.274532213807106,0.1234,0.195,0.3373,0.4063,0.0,0
11.75,91.5,11.75,91.5,2025-11-25,12,0.0,0.0,0.0,0.0,0.0,0.0001,0.0,0.05,0.05,0.0,0.1042,0.0,0
23.118272,92.742799,23.0,92.75,2025-06-01,12,0.879,171.4090118408203,91.12442016601562,194.12319946289062,119.84480285644531,5.96581491389376,143.67712620326452,0.4789,0.4102,0.8376,0.8545,0.515,1
23.063838,92.769004,23.0,92.75,2025-06-15,12,0.8033,13.073456764221191,44.76092529296875,119.45591735839844,67.07218170166016,0.7236901147945408,-3.9916742869785864,0.2409,0.3432,0.682,0.7151,0.0503,1
30.976711,76.978138,31.0,77.0,2025-07-26,12,0.9837,0.0,35.21034240722656,84.51155090332031,46.8902473449707,7.649307580193158e-06,-12.07307870047433,0.202,0.2799,0.5345,0.583,0.0,1
30.1252,78.5968,30.25,78.5,2025-03-15,12,0.7335,0.0,0.0,0.0,0.0,0.0001,0.0,0.05,0.05,0.0,0.1042,0.0,0
32.0,76.25,32.0,76.25,2025-07-21,12,0.3613,2.513913631439209,9.698087692260742,12.441568374633789,7.799219131469727,0.9051787942702926,0.7365467207772392,0.0862,0.1046,0.127,0.2179,0.0,0
22.681828269256208,83.89380938009174,22.75,84.0,2025-07-03,12,0.1462,10.921971321105957,37.16465759277344,80.13631439208984,47.514583587646484,0.8774125894712178,-0.5260735920497357,0.2034,0.3097,0.6041,0.6453,0.0,0
34.75,67.25,34.75,67.25,2025-05-04,12,0.0,0.0,0.0,0.0,0.0,0.0001,0.0,0.05,0.05,0.0,0.1042,0.0,0
23.38732339862477,80.81616042105632,23.5,80.75,2025-08-13,12,0.0213,2.1367599964141846,28.98746681213379,35.10885238647461,22.5875244140625,0.3552226937370494,-2.87879034451076,0.1365,0.1972,0.3423,0.4108,0.0,0
25.879386272348466,86.07957328109019,26.0,86.0,2025-08-20,12,0.0348,3.5745177268981934,7.6748785972595215,46.04881286621094,22.726179122924805,0.4716849018166276,-3.0038841111319403,0.1369,0.2314,0.4218,0.482,0.0,0
22.5,85.25,22.5,85.25,2025-10-07,12,0.0,10.275160789489746,33.49879455566406,39.50579071044922,27.231279373168945,1.546620849310003,4.631476402282715,0.1799,0.2123,0.3775,0.4424,0.0,0
26.88102778,88.18502778,27.0,88.25,2025-07-06,12,1.0,24.38764762878418,56.163307189941406,102.63070678710938,59.71363067626953,1.5571753426072248,9.726118087768555,0.2969,0.3093,0.6029,0.6443,0.0,1
26.42608,94.398916,26.5,94.5,2025-12-22,12,0.476,0.0,0.0,0.0,0.0,0.0001,0.0,0.05,0.05,0.0,0.1042,0.0,0
23.406300101902374,87.53435824757835,23.5,87.5,2025-07-21,12,0.1122,0.0,11.300138473510742,87.3507308959961,40.7109375,7.419126416430395e-06,-12.478675842285156,0.1876,0.3248,0.639,0.6766,0.0,0
27.0687049,88.1924798,27.0,88.25,2025-01-26,12,1.0,0.12994466722011566,0.1949170082807541,0.1949170082807541,0.1656794548034668,0.12652163596788052,0.10209938032286509,0.052,0.0508,0.0018,0.1057,0.0,0
30.75,70.5,30.75,70.5,2025-03-18,12,0.0,0.0,0.0,0.0,0.0,0.0001,0.0,0.05,0.05,0.0,0.1042,0.0,0
23.298137,92.857412,23.25,92.75,2025-12-10,12,0.8145,0.0,0.0,0.0,0.0,0.0001,0.0,0.05,0.05,0.0,0.1042,0.0,0
23.125686,92.740507,23.25,92.75,2025-07-01,12,1.0,39.7066535949707,0.5415206551551819,49.990272521972656,23.749649047851562,4.877100299136701,32.565186091831755,0.3729,0.2058,0.3623,0.4287,0.0,1
23.25,94.25,23.25,94.25,2025-06-24,12,0.0028,0.0,0.0,0.0,0.0,0.0001,0.0,0.05,0.05,0.0,0.1042,0.0,0
34.25,79.0,34.25,79.0,2025-02-15,12,0.0001,0.0,0.0,0.17500001192092896,0.07764843851327896,9.756097544766308e-05,-0.02500000170298985,0.0504,0.0509,0.0021,0.106,0.0,0
14.491747,74.497642,14.5,74.5,2025-05-31,12,0.5198,98.47673797607422,181.8208465576172,419.3399658203125,235.62042236328125,1.616873671475246,38.571028573172434,0.4663,0.4746,0.9875,0.9888,0.9625,1
23.17824,92.491031,23.25,92.5,2025-01-19,12,0.6729,0.0,0.0,0.0,0.0,0.0001,0.0,0.05,0.05,0.0,0.1042,0.0,0
25.733262,91.675754,25.75,91.75,2025-06-11,12,0.7192,0.0,13.864860534667969,46.14295959472656,23.68651580810547,1.3172017616976339e-05,-6.591851370675223,0.14,0.207,0.365,0.4312,0.0,1
26.5,100.0,26.5,100.0,2025-12-14,12,0.0,0.0,0.0,0.0,0.0,0.0001,0.0,0.05,0.05,0.0,0.1042,0.0,0
14.5,96.5,14.5,96.5,2025-06-18,12,0.0,0.0,0.0,0.0,0.0,0.0001,0.0,0.05,0.05,0.0,0.1042,0.0,0
33.184717,75.31306,33.25,75.25,2025-03-22,12,0.6662,0.0,1.5213332176208496,55.032073974609375,22.63222885131836,1.12844848664341e-05,-7.861724853515625,0.1366,0.232,0.4233,0.4834,0.0,0
23.174341,92.740855,23.25,92.75,2025-09-13,12,0.9357,22.96000862121582,22.547996520996094,73.77017974853516,37.22731018066406,1.9898527011935436,12.421411514282227,0.2875,0.2618,0.4925,0.5453,0.0,1
27.00041667,88.12194444,27.0,88.0,2025-06-20,12,0.8055,19.67245101928711,19.403812408447266,70.40647888183594,38.700401306152344,1.7790223651075288,9.61438260759626,0.264,0.261,0.4907,0.5438,0.0,1
23.25,67.75,23.25,67.75,2025-07-25,12,0.0,0.0,0.0,0.0,0.0,0.0001,0.0,0.05,0.05,0.0,0.1042,0.0,0
26.761320072666862,83.33055290094711,26.75,83.25,2025-07-14,12,0.0906,0.4283201992511749,13.085896492004395,15.130186080932617,9.103507995605469,0.13551360950110194,-1.7331349551677704,0.0884,0.1199,0.1626,0.2498,0.0,0
26.884928,88.183034,27.0,88.25,2025-08-22,12,1.0,30.130142211914062,32.974727630615234,145.10031127929688,60.68507766723633,1.3866618267211046,9.401526314871653,0.3302,0.3635,0.7291,0.7573,0.191,1
27.0,97.5,27.0,97.5,2025-05-15,12,0.0,0.0,0.0,0.0,0.0,0.0001,0.0,0.05,0.05,0.0,0.1042,0.0,0
25.688833,91.653639,25.75,91.75,2025-11-10,12,0.4898,0.0,4.374866485595703,19.491649627685547,7.54365348815918,2.6423420581119764e-05,-2.7845213753836497,0.0822,0.1298,0.1856,0.2704,0.0,0
11.14075,76.01466667,11.25,76.0,2025-06-26,12,0.6801,64.5492935180664,86.37965393066406,192.423095703125,110.41064453125,2.265764419278265,37.060279846191406,0.4351,0.4167,0.8529,0.8682,0.5607,1
26.475425863831575,87.72053474623488,26.5,87.75,2025-07-10,12,0.0343,0.118390753865242,1.1139811277389526,24.01625633239746,11.732932090759277,0.02674195325727698,-3.312503007905824,0.0986,0.1569,0.2485,0.3268,0.0,0
33.0,79.0,33.0,79.0,2025-02-06,12,0.0154,0.0,0.0,0.0,0.0,0.0001,0.0,0.05,0.05,0.0,0.1042,0.0,0
28.75,97.0,28.75,97.0,2025-08-22,12,0.0013,0.0,0.0,0.0,0.0,0.0001,0.0,0.05,0.05,0.0,0.1042,0.0,0
30.143104,78.595503,30.25,78.5,2025-09-15,12,0.8832,0.0,0.0,1.9074349403381348,0.7396780848503113,7.858603567565629e-05,-0.27249070576259066,0.0533,0.0576,0.0177,0.12,0.0,1
26.423137,94.382261,26.5,94.5,2025-01-17,12,0.476,0.0,0.19815593957901,0.19815593957901,0.1431676745414734,9.724712910858945e-05,-0.028307991368430003,0.0506,0.0509,0.0021,0.106,0.0,0
18.27354,73.602259,18.25,73.5,2025-08-19,12,0.6512,7.674884796142578,52.3746337890625,66.17628479003906,47.40842056274414,0.7341844933389022,-1.7788701738630017,0.2032,0.2588,0.4856,0.5392,0.0,1
32.99842778,74.94203611,33.0,75.0,2025-07-21,12,0.7976,9.593147277832031,4.957189083099365,67.50205993652344,32.37692642211914,0.901354016278732,-0.050004141671317726,0.1726,0.2552,0.4772,0.5316,0.0,1
12.861881,75.193047,12.75,75.25,2025-12-10,12,0.4204,0.0,0.0,36.525245666503906,16.31485366821289,1.6082620311060184e-05,-5.217892238071987,0.1153,0.1895,0.3245,0.3948,0.0,0
26.561816728083457,80.10662189005667,26.5,80.0,2025-07-18,12,0.1021,11.685208320617676,21.671585083007812,89.25768280029297,45.03695297241211,0.8497727751667297,-1.065889222281319,0.1978,0.3286,0.6479,0.6845,0.0,0
11.48583333,76.68605556,11.5,76.75,2025-05-26,12,0.7911,25.124223709106445,9.785455703735352,31.101669311523438,17.05243682861328,4.615815242261711,20.681128093174525,0.3015,0.1613,0.2587,0.336,0.0,1
27.08052778,88.09625,27.0,88.0,2025-09-06,12,0.9958,0.0,10.022478103637695,43.87744903564453,19.740394592285156,1.3758551446036198e-05,-6.2682070050920755,0.1271,0.1904,0.3266,0.3968,0.0,1
23.328731880933308,78.94830438844102,23.25,79.0,2025-08-18,12,0.0248,25.358421325683594,31.075448989868164,92.51970672607422,44.20100021362305,1.783663307694189,12.141320364815849,0.303,0.3373,0.6682,0.7028,0.0093,0
27.302253,93.050932,27.25,93.0,2025-01-23,12,0.4062,0.0,0.0,0.0,0.0,0.0001,0.0,0.05,0.05,0.0,0.1042,0.0,0
25.0914251050686,85.8146208875471,25.0,85.75,2025-08-18,12,0.1285,0.0,15.33566951751709,36.96257781982422,17.699390411376953,1.592263317380689e-05,-5.280368259974888,0.1202,0.2001,0.349,0.4168,0.0,0
26.42186,94.3852,26.5,94.5,2025-11-23,12,0.476,4.805853843688965,0.0,0.0,0.0,4.805953843688965,4.805853843688965,0.1166,0.05,0.0,0.1042,0.0,0
23.545766,93.147931,23.5,93.25,2025-06-14,12,0.7774,3.224508047103882,5.502952575683594,15.051791191101074,7.893542289733887,1.0236019439017785,1.0742521626608714,0.0959,0.1082,0.1354,0.2255,0.0,1
30.071759,79.502574,30.0,79.5,2025-06-10,12,0.8523,0.0,1.3416038751602173,11.006409645080566,5.323426246643066,3.8875045819655846e-05,-1.5723442350115096,0.0731,0.0924,0.0987,0.1926,0.0,1
8.75,69.5,8.75,69.5,2025-12-10,12,0.0,0.0,0.0,0.0,0.0,0.0001,0.0,0.05,0.05,0.0,0.1042,0.0,0
24.655015648714812,84.82964418688687,24.75,84.75,2025-07-11,12,0.0582,1.635120153427124,5.5399088859558105,21.790559768676758,10.357603073120117,0.39757966381894916,-1.4778169563838413,0.0933,0.1477,0.2272,0.3077,0.0,0
23.6868033,92.7251987,23.75,92.75,2025-12-10,12,0.8587,0.0,0.0,0.0,0.0,0.0001,0.0,0.05,0.05,0.0,0.1042,0.0,0
12.818121,74.956236,12.75,75.0,2025-12-05,12,0.3899,42.92247772216797,0.0,0.0,0.0,42.92257772216797,42.92247772216797,0.3843,0.05,0.0,0.1042,0.0,0
23.25,77.75,23.25,77.75,2025-09-02,12,0.0,51.12408447265625,14.129759788513184,20.176801681518555,10.9410400390625,13.168190116792182,48.24168423243931,0.4082,0.1425,0.215,0.2968,0.0,0
23.125686,92.740507,23.25,92.75,2025-11-17,12,0.8145,0.0,0.0,0.0,0.0,0.0001,0.0,0.05,0.05,0.0,0.1042,0.0,0
23.246611,92.655112,23.25,92.75,2025-12-23,12,0.8145,0.0,0.0,0.0,0.0,0.0001,0.0,0.05,0.05,0.0,0.1042,0.0,0
32.5,66.5,32.5,66.5,2025-04-06,12,0.0,0.0,0.0,0.0,0.0,0.0001,0.0,0.05,0.05,0.0,0.1042,0.0,0
27.304291,93.052835,27.25,93.0,2025-08-11,12,0.5967,8.780028343200684,15.902383804321289,45.52889633178711,23.050228118896484,1.1700397818031558,2.2759002958025247,0.1638,0.2099,0.3718,0.4372,0.0,1
23.315273,92.856524,23.25,92.75,2025-02-24,12,0.8145,0.0,0.0,0.0,0.0,0.0001,0.0,0.05,0.05,0.0,0.1042,0.0,0
18.41885,73.85771,18.5,73.75,2025-03-09,12,0.4299,0.0,0.0,0.0,0.0,0.0001,0.0,0.05,0.05,0.0,0.1042,0.0,0
18.25,88.0,18.25,88.0,2025-12-14,12,0.0,0.0,0.0,0.0,0.0,0.0001,0.0,0.05,0.05,0.0,0.1042,0.0,0
7.5,72.25,7.5,72.25,2025-02-20,12,0.0,0.0,0.0,0.0,0.0,0.0001,0.0,0.05,0.05,0.0,0.1042,0.0,0
11.337,76.7982,11.25,76.75,2025-10-21,12,0.7833,4.742228031158447,19.303176879882812,57.73664093017578,32.3955192565918,0.5127899091013123,-3.505863530295235,0.1658,0.2337,0.4272,0.4868,0.0,1
23.162899,92.744032,23.25,92.75,2025-02-11,12,0.8145,0.0,0.0,0.0,0.0,0.0001,0.0,0.05,0.05,0.0,0.1042,0.0,0
27.0687049,88.1924798,27.0,88.25,2025-08-19,12,1.0,15.740796089172363,11.08338451385498,191.58384704589844,92.73509216308594,0.554860197661189,-11.628324917384557,0.2761,0.4033,0.8217,0.8403,0.4676,1
23.123517,92.739803,23.0,92.75,2025-02-01,12,0.6896,0.0,0.0,0.0,0.0,0.0001,0.0,0.05,0.05,0.0,0.1042,0.0,0
24.810723769137926,83.5270389004554,24.75,83.5,2025-07-26,12,0.0364,14.360980033874512,16.246295928955078,20.483442306518555,15.407476425170898,3.657749968724927,11.434773990086146,0.2199,0.143,0.2162,0.2978,0.0,0
16.5,97.0,16.5,97.0,2025-06-08,12,0.0,0.0,0.0,0.0,0.0,0.0001,0.0,0.05,0.05,0.0,0.1042,0.0,0
26.691176611278163,78.44292720582092,26.75,78.5,2025-07-22,12,0.0293,0.0,18.654441833496094,102.68904113769531,50.939632415771484,6.38167671756081e-06,-14.669863019670759,0.2108,0.3535,0.7057,0.7364,0.1213,0
18.3355,73.67758,18.25,73.75,2025-08-19,12,0.5087,3.394188404083252,13.881720542907715,15.952040672302246,12.12959098815918,1.0352028897045116,1.1153254508972168,0.1001,0.1162,0.1539,0.242,0.0,1
25.91045007311805,86.12296055423481,26.0,86.0,2025-08-20,12,0.1161,3.5745177268981934,7.6748785972595215,46.04881286621094,22.726179122924805,0.4716849018166276,-3.0038841111319403,0.1369,0.2286,0.4152,0.4761,0.0,0
36.25,80.0,36.25,80.0,2025-02-03,12,0.0,0.0,0.0,0.0,0.0,0.0001,0.0,0.05,0.05,0.0,0.1042,0.0,0
24.0,68.25,24.0,68.25,2025-09-02,12,0.0,0.0,0.0,0.8389312624931335,0.2689421474933624,8.929788724507434e-05,-0.1198473232133048,0.0512,0.0543,0.01,0.1131,0.0,0
22.364492259358276,84.26832904415068,22.25,84.25,2025-07-25,12,0.1245,25.371938705444336,14.256877899169922,66.06077575683594,30.812118530273438,2.4309113761564842,15.934685025896345,0.3031,0.2805,0.5361,0.5844,0.0,0
25.69007,91.67085,25.75,91.75,2025-11-16,12,0.4898,0.0,0.0,0.0,0.0,0.0001,0.0,0.05,0.05,0.0,0.1042,0.0,0
27.0646461,88.1787662,27.0,88.25,2025-08-04,12,1.0,34.68115234375,132.3630828857422,228.3927764892578,130.56552124023438,1.0313348184553524,2.053612845284597,0.3523,0.4249,0.872,0.8853,0.6177,1
23.209857,92.500587,23.25,92.5,2025-12-04,12,0.6729,0.0,0.0,0.0,0.0,0.0001,0.0,0.05,0.05,0.0,0.1042,0.0,0
22.41628829025316,85.24557909158818,22.5,85.25,2025-08-22,12,0.1218,7.559083461761475,9.56112003326416,24.70218849182129,13.381650924682617,1.6691050917819585,4.030199391501291,0.15,0.1574,0.2498,0.3279,0.0,0
33.30013889,74.91950278,33.25,75.0,2025-09-04,12,0.7868,186.8101806640625,34.332279205322266,257.11456298828125,106.54875946044922,4.951154339438901,150.07952880859375,0.4794,0.4439,0.9161,0.9249,0.7496,1
22.601236132558377,78.68340935532261,22.5,78.75,2025-07-09,12,0.0216,91.78466033935547,79.35887145996094,187.22183227539062,101.4382095336914,3.308038621860417,65.03868430001395,0.4627,0.434,0.893,0.9041,0.6804,0
24.9519048260193,78.7011804574699,25.0,78.75,2025-07-13,12,0.0539,49.89909362792969,36.37279510498047,83.8204345703125,47.654205322265625,3.845988593294902,37.92474583217076,0.405,0.3206,0.6293,0.6679,0.0,0
23.745802,92.717053,23.75,92.75,2025-02-17,12,0.8587,0.0,0.0,0.0,0.0,0.0001,0.0,0.05,0.05,0.0,0.1042,0.0,0
23.313996,92.863984,23.25,92.75,2025-03-08,12,0.8145,0.0,0.0,0.0,0.0,0.0001,0.0,0.05,0.05,0.0,0.1042,0.0,0
27.0642597,88.1467107,27.0,88.25,2025-09-28,12,1.0,0.0,4.139289855957031,12.425045013427734,6.8315653800964355,3.60359525301547e-05,-1.7750064304896764,0.0793,0.0955,0.1058,0.1989,0.0,1
25.0,73.5,25.0,73.5,2025-02-16,12,0.0,0.0,0.0,0.0,0.0,0.0001,0.0,0.05,0.05,0.0,0.1042,0.0,0
23.321016,92.861601,23.25,92.75,2025-06-25,12,0.8872,0.9985363483428955,10.218818664550781,47.02290725708008,23.01443862915039,0.12939796825695865,-5.7190218312399725,0.1379,0.2028,0.3554,0.4225,0.0,1
26.854701248023094,79.77153523222626,26.75,79.75,2025-08-12,12,0.0252,0.0,29.091796875,59.52374267578125,31.23038101196289,1.0522558891666859e-05,-8.503391810825892,0.1626,0.2685,0.5082,0.5595,0.0,0
23.147798,92.749742,23.25,92.75,2025-03-01,12,0.8145,0.0,0.0,0.0,0.0,0.0001,0.0,0.05,0.05,0.0,0.1042,0.0,0
23.176777,92.738013,23.25,92.75,2025-02-16,12,0.8145,0.0,0.0,0.0,0.0,0.0001,0.0,0.05,0.05,0.0,0.1042,0.0,0
12.25,83.75,12.25,83.75,2025-08-08,12,0.0,0.0,0.0,0.0,0.0,0.0001,0.0,0.05,0.05,0.0,0.1042,0.0,0
23.173606,92.739793,23.25,92.75,2025-02-16,12,0.8145,0.0,0.0,0.0,0.0,0.0001,0.0,0.05,0.05,0.0,0.1042,0.0,0
25.704416033609927,84.61860312215006,25.75,84.5,2025-08-26,12,0.0697,52.12995910644531,18.574506759643555,19.691984176635742,13.57602596282959,13.671161024609544,49.31681850978306,0.4106,0.1391,0.2072,0.2898,0.0,0
25.42850271466822,87.10213034867756,25.5,87.0,2025-08-24,12,0.144,5.561254024505615,6.437299728393555,18.87591552734375,11.000804901123047,1.504467663391524,2.864694663456508,0.1261,0.1344,0.1962,0.2799,0.0,0
29.75,68.25,29.75,68.25,2025-06-25,12,0.0,0.0,0.0,0.0,0.0,0.0001,0.0,0.05,0.05,0.0,0.1042,0.0,0
24.181072085600228,79.94793802643927,24.25,80.0,2025-08-18,12,0.0459,4.556844711303711,4.16453742980957,96.15196228027344,36.970550537109375,0.3092390321422533,-9.179149900163923,0.1781,0.3426,0.6804,0.7137,0.0456,0
16.25,78.75,16.25,78.75,2025-11-11,12,0.0,0.0,0.0,18.162887573242188,7.179727077484131,2.7818746873247124e-05,-2.594698224748884,0.0807,0.1342,0.1958,0.2796,0.0,0
27.0718085,88.2007865,27.0,88.25,2025-01-11,12,1.0,0.0,0.6239730715751648,0.6239730715751648,0.45082056522369385,9.181564434033018e-05,-0.08913901022502355,0.052,0.0524,0.0056,0.1092,0.0,0
23.132516,92.746085,23.25,92.75,2025-02-26,12,0.8145,0.0,0.0,0.0,0.0,0.0001,0.0,0.05,0.05,0.0,0.1042,0.0,0
22.51037462383049,84.01410722003611,22.5,84.0,2025-08-15,12,0.0356,0.0,0.20512530207633972,46.9045524597168,17.67569351196289,1.2985916180699476e-05,-6.700650351388114,0.1201,0.2339,0.4276,0.4872,0.0,0
34.25,92.25,34.25,92.25,2025-05-18,12,0.0,0.0,0.0,0.0,0.0,0.0001,0.0,0.05,0.05,0.0,0.1042,0.0,0
30.40491111,78.13888333,30.5,78.25,2025-09-16,12,0.8149,7.1219801902771,5.131224632263184,5.131224632263184,4.236249923706055,4.109606642626227,6.3889480999537875,0.1449,0.0706,0.0478,0.147,0.0,1
24.25,86.25,24.25,86.25,2025-04-19,12,0.0,1.2025666236877441,26.235641479492188,42.69026565551758,24.30171775817871,0.16942284881665562,-4.8960427556719095,0.1419,0.2224,0.4009,0.4633,0.0,0
10.75,89.5,10.75,89.5,2025-03-20,12,0.0,0.0,0.0,0.0,0.0,0.0001,0.0,0.05,0.05,0.0,0.1042,0.0,0
28.5,90.0,28.5,90.0,2025-11-05,12,0.0,0.0,0.0,0.0,0.0,0.0001,0.0,0.05,0.05,0.0,0.1042,0.0,0
27.296928,93.088111,27.25,93.0,2025-01-07,12,0.4062,0.0,0.0,0.0,0.0,0.0001,0.0,0.05,0.05,0.0,0.1042,0.0,0
31.46222222,77.35861111,31.5,77.25,2025-06-01,12,0.8457,0.8769504427909851,18.077594757080078,34.903907775878906,20.4215145111084,0.1465102761387539,-4.1093220966202875,0.1294,0.171,0.2813,0.3562,0.0,1
13.0,89.75,13.0,89.75,2025-05-12,12,0.0,0.0,0.0,0.0,0.0,0.0001,0.0,0.05,0.05,0.0,0.1042,0.0,0
26.25,95.0,26.25,95.0,2025-06-23,12,0.173,11.30232048034668,33.45655822753906,109.50556182861328,56.22210693359375,0.6790829735563402,-4.341331209455218,0.2215,0.3577,0.7156,0.7452,0.1506,0
24.784222065672814,87.29020885716801,24.75,87.25,2025-07-14,12,0.0803,0.0,18.614049911499023,40.54855728149414,22.340225219726562,1.4721792626764713e-05,-5.792651040213449,0.1357,0.2131,0.3792,0.4439,0.0,0
23.271957904209234,81.61853093205139,23.25,81.5,2025-08-06,12,0.0259,7.957228660583496,11.115543365478516,14.398187637329102,8.170702934265137,2.603084970005294,5.900344712393625,0.1545,0.1178,0.1577,0.2455,0.0,0
24.414472182992995,83.14080695619273,24.5,83.25,2025-08-12,12,0.0777,0.33395758271217346,26.270565032958984,70.99905395507812,33.04034423828125,0.02997989027318161,-9.808764410870415,0.1676,0.2935,0.5663,0.6115,0.0,0
18.38249,73.77577,18.5,73.75,2025-07-20,12,0.5184,0.0,8.572466850280762,22.601539611816406,11.240202903747559,2.364741865387882e-05,-3.2287913731166293,0.0967,0.1404,0.2103,0.2925,0.0,1
14.5,66.5,14.5,66.5,2025-02-19,12,0.0,0.0,0.0,0.0,0.0,0.0001,0.0,0.05,0.05,0.0,0.1042,0.0,0
23.387133674004897,84.42802050162082,23.5,84.5,2025-08-10,12,0.1332,4.304304599761963,35.991920471191406,78.16111755371094,49.16486358642578,0.3538097322329088,-6.861569336482457,0.207,0.3063,0.5961,0.6382,0.0,0
26.379798,94.450751,26.5,94.5,2025-07-07,12,0.5853,34.56513977050781,147.72879028320312,194.8961181640625,125.32009887695312,1.1984216467051567,6.7228371756417395,0.3517,0.4216,0.8642,0.8783,0.5945,1
20.0,96.25,20.0,96.25,2025-07-11,12,0.0,0.0,0.0,0.0,0.0,0.0001,0.0,0.05,0.05,0.0,0.1042,0.0,0
22.621726587212052,80.1427180931026,22.5,80.25,2025-07-14,12,0.1009,8.543388366699219,57.425743103027344,279.4941101074219,135.36402893066406,0.20874571747555534,-31.38434164864676,0.3115,0.4636,0.962,0.9659,0.8864,0
26.86575,88.19522222,26.75,88.25,2025-08-19,12,0.9198,0.9641396999359131,0.8218736052513123,223.08319091796875,93.18919372558594,0.02933581489643824,-30.90488757405962,0.2766,0.4253,0.8727,0.886,0.6199,1
18.75,94.0,18.75,94.0,2025-04-20,12,0.0,0.0,0.0,0.0,0.0,0.0001,0.0,0.05,0.05,0.0,0.1042,0.0,0
9.5,96.25,9.5,96.25,2025-07-11,12,0.0,0.0,0.0,0.0,0.0,0.0001,0.0,0.05,0.05,0.0,0.1042,0.0,0
25.75,94.0,25.75,94.0,2025-08-17,12,0.4506,1.1458722352981567,48.52881622314453,62.60723876953125,40.105712890625,0.11524384229127664,-7.798019017492022,0.1861,0.2592,0.4866,0.5401,0.0,0
37.25,91.25,37.25,91.25,2025-08-12,12,0.0,0.0,0.0,0.0,0.0,0.0001,0.0,0.05,0.05,0.0,0.1042,0.0,0
18.71578,73.46041,18.75,73.5,2025-08-20,12,0.561,34.448265075683594,54.76236343383789,70.17373657226562,47.143959045410156,3.124619413807735,24.423445565359934,0.3512,0.2715,0.5152,0.5657,0.0,1
26.0,86.25,26.0,86.25,2025-11-08,12,0.0,0.0,0.0,42.245361328125,14.232439994812012,1.4214536783187662e-05,-6.035051618303571,0.1079,0.221,0.3977,0.4604,0.0,0
18.39178,73.67608,18.5,73.75,2025-07-25,12,0.5055,2.0013294219970703,4.211336135864258,4.211336135864258,3.4383859634399414,1.2496285709570774,1.399709974016462,0.0791,0.0686,0.0432,0.1429,0.0,1
24.0,76.25,24.0,76.25,2025-07-21,12,0.0,0.0,71.63190460205078,91.21837615966797,62.29169845581055,7.126975901760484e-06,-13.031196594238281,0.2328,0.3361,0.6653,0.7002,0.0006,0
23.607941321120244,78.19435155182302,23.5,78.25,2025-07-25,12,0.0378,34.53463363647461,30.064453125,52.513450622558594,33.51227951049805,4.06199158218007,27.032712118966238,0.3516,0.2497,0.4643,0.5201,0.0,0
23.188245,92.734327,23.25,92.75,2025-06-02,12,0.9483,73.33731079101562,183.54595947265625,270.1734924316406,176.18540954589844,1.8521319301979065,34.741097586495535,0.447,0.4438,0.9157,0.9245,0.7483,1
25.75,82.5,25.75,82.5,2025-06-03,12,0.0,0.0,0.4093465507030487,0.4093465507030487,0.34794458746910095,9.447526785389452e-05,-0.0584780786718641,0.0516,0.0521,0.0049,0.1086,0.0,0
27.75,82.25,27.75,82.25,2025-03-15,12,0.0,0.0,0.0,0.0,0.0,0.0001,0.0,0.05,0.05,0.0,0.1042,0.0,0
24.328159607795683,87.99669643123033,24.25,88.0,2025-07-07,12,0.0703,33.0550422668457,5.324085235595703,31.947826385498047,17.154478073120117,5.940921929190763,28.49106706891741,0.3448,0.1849,0.3138,0.3853,0.0,0
32.63833333,76.85222222,32.75,76.75,2025-03-04,12,0.4404,0.0,103.1749267578125,140.08860778808594,84.01904296875,4.759036138328991e-06,-20.012658255440847,0.2656,0.3837,0.776,0.7993,0.331,0
26.16297,91.7059,26.25,91.75,2025-06-05,12,0.5321,2.4527134895324707,19.768718719482422,173.1741180419922,87.97245788574219,0.09529501025627694,-22.286446230752126,0.2706,0.409,0.835,0.8522,0.5072,1
33.371921,74.407908,33.25,74.5,2025-11-04,12,0.4286,0.0,0.0,0.0,0.0,0.0001,0.0,0.05,0.05,0.0,0.1042,0.0,0
35.75,76.75,35.75,76.75,2025-10-27,12,0.0,0.0,0.0,0.0,0.0,0.0001,0.0,0.05,0.05,0.0,0.1042,0.0,0
17.930656,73.437399,18.0,73.5,2025-01-20,12,0.4871,0.0,0.0,0.0,0.0,0.0001,0.0,0.05,0.05,0.0,0.1042,0.0,0
23.082149,92.758285,23.0,92.75,2025-08-01,12,0.8075,4.13382625579834,78.73369598388672,195.03091430664062,93.62686920166016,0.14323294971910752,-23.727732930864608,0.2771,0.4136,0.8456,0.8616,0.5388,1
23.188245,92.734327,23.25,92.75,2025-02-23,12,0.8145,0.0,0.0,0.0,0.0,0.0001,0.0,0.05,0.05,0.0,0.1042,0.0,0
8.75,92.5,8.75,92.5,2025-09-17,12,0.0,0.0,0.0,0.0,0.0,0.0001,0.0,0.05,0.05,0.0,0.1042,0.0,0
17.25,90.5,17.25,90.5,2025-06-17,12,0.0,0.0,0.0,0.0,0.0,0.0001,0.0,0.05,0.05,0.0,0.1042,0.0,0
32.31983056,76.5655,32.25,76.5,2025-06-18,12,0.8249,11.635088920593262,30.231924057006836,31.963104248046875,22.406002044677734,2.0903448022428948,7.06893117087228,0.1938,0.1629,0.2625,0.3393,0.0,1
33.37561,74.427921,33.5,74.5,2025-08-31,12,0.4858,10.692850112915039,42.65715408325195,61.46530532836914,33.842491149902344,1.0932639594815379,1.9120922088623047,0.1842,0.2551,0.4769,0.5314,0.0,1
27.301412,93.051563,27.25,93.0,2025-12-12,12,0.4062,0.0,0.0,0.0,0.0,0.0001,0.0,0.05,0.05,0.0,0.1042,0.0,0
31.75,88.0,31.75,88.0,2025-04-20,12,0.0,0.0,0.0,0.0,0.0,0.0001,0.0,0.05,0.05,0.0,0.1042,0.0,0
24.696896590140717,85.76590895983321,24.75,85.75,2025-07-26,12,0.0663,10.761370658874512,0.0,18.261869430541992,7.717121124267578,2.9819762476108,8.152532168797084,0.185,0.1334,0.1939,0.2778,0.0,0
25.84233897832067,80.21647314617559,25.75,80.25,2025-08-19,12,0.0516,0.0,0.0,27.903047561645508,10.847126007080078,2.0055555285356247e-05,-3.986149651663644,0.0952,0.171,0.2815,0.3563,0.0,0
25.69496031578122,81.96887978224919,25.75,82.0,2025-07-23,12,0.0688,0.0,0.18277305364608765,67.43701171875,30.071083068847656,9.403923986697016e-06,-9.633858816964286,0.1593,0.2859,0.5486,0.5956,0.0,0
22.614377899470764,80.54881956411184,22.5,80.5,2025-07-18,12,0.1004,8.449151992797852,29.49751091003418,74.14561462402344,41.432823181152344,0.7288719695281592,-2.1430786677769245,0.1893,0.2994,0.58,0.6237,0.0,0
26.706295320888238,83.8879452918023,26.75,84.0,2025-08-04,12,0.0785,10.918481826782227,5.2983317375183105,29.21941375732422,14.37177848815918,2.1101962969243266,6.744279861450195,0.1866,0.1751,0.2909,0.3648,0.0,0
32.25,88.5,32.25,88.5,2025-05-09,12,0.0,0.0,0.0,0.0,0.0,0.0001,0.0,0.05,0.05,0.0,0.1042,0.0,0
24.07757031531033,87.08015089374975,24.0,87.0,2025-07-06,12,0.0319,32.905269622802734,63.309486389160156,105.06841278076172,63.11457443237305,2.0553301474004653,17.895496368408203,0.3441,0.3569,0.7137,0.7435,0.1451,0
24.139202853135266,81.30632954859541,24.25,81.25,2025-07-18,12,0.0931,112.6568603515625,21.971158981323242,303.34149169921875,133.48348999023438,2.541067641787464,69.32236153738839,0.4717,0.4677,0.9714,0.9744,0.9147,0
25.2078514778255,86.18212001370463,25.25,86.25,2025-07-04,12,0.149,8.464522361755371,5.234288215637207,5.791049003601074,4.119662761688232,4.632329726483436,7.637229646955218,0.1603,0.0778,0.0647,0.1621,0.0,0
12.25,97.5,12.25,97.5,2025-06-02,12,0.0,0.0,0.0,0.0,0.0,0.0001,0.0,0.05,0.05,0.0,0.1042,0.0,0
23.21785562932316,81.06047166228771,23.25,81.0,2025-08-03,12,0.043,4.811569690704346,2.3277339935302734,77.24068450927734,27.634775161743164,0.3998268536293896,-6.222813810620989,0.1521,0.3081,0.6003,0.6419,0.0,0
33.33043889,75.96503056,33.25,76.0,2025-02-22,12,0.6219,28.316329956054688,2.928363800048828,2.928363800048828,2.4891092777252197,19.964519198159113,27.897992270333425,0.3204,0.0626,0.0292,0.1304,0.0,0
23.760466,92.848969,23.75,92.75,2025-11-26,12,0.8587,0.0,0.0,0.0,0.0,0.0001,0.0,0.05,0.05,0.0,0.1042,0.0,0
24.90368569898676,81.88133081002249,25.0,82.0,2025-08-11,12,0.0495,2.4841997623443604,49.1314697265625,132.8095703125,68.02864074707031,0.12438417697401163,-16.488595996584213,0.2425,0.3909,0.7928,0.8144,0.3812,0
22.29793548676572,84.04359319714771,22.25,84.0,2025-08-21,12,0.088,13.536300659179688,10.57459545135498,17.490304946899414,10.701742172241211,3.869074101760183,11.037685666765485,0.2123,0.1298,0.1856,0.2704,0.0,0
32.25,93.75,32.25,93.75,2025-08-24,12,0.0,0.0,0.0,0.0,0.0,0.0001,0.0,0.05,0.05,0.0,0.1042,0.0,0
23.187383,92.89826,23.25,93.0,2025-06-01,12,0.9638,132.071044921875,89.81504821777344,186.56716918945312,115.71089172363281,4.77610959712014,105.41859218052456,0.4758,0.4014,0.8172,0.8362,0.4541,1
22.4306606953184,86.14386779268762,22.5,86.25,2025-07-11,12,0.0372,141.2771759033203,176.53823852539062,223.66307067871094,151.88357543945312,4.287383014599383,109.32530866350447,0.4769,0.4499,0.93,0.9373,0.7909,0
20.75,82.0,20.75,82.0,2025-08-01,12,0.0,0.0,34.14508819580078,124.15580749511719,61.97871780395508,5.337163587102769e-06,-17.736543927873885,0.2322,0.3831,0.7746,0.7981,0.3269,0
24.415673227827497,78.63183096860226,24.5,78.75,2025-08-24,12,0.0426,8.196660995483398,11.918407440185547,39.781639099121094,19.956645965576172,1.2264924460387656,2.5135696956089566,0.1572,0.2119,0.3764,0.4414,0.0,0
8.0,83.75,8.0,83.75,2025-02-24,12,0.0,0.0,0.0,0.0,0.0,0.0001,0.0,0.05,0.05,0.0,0.1042,0.0,0
23.807952,92.834037,23.75,92.75,2025-11-07,12,0.8587,27.13707160949707,16.790382385253906,17.31850242614746,12.869134902954102,7.811344544894041,24.662999834333146,0.3137,0.1148,0.1506,0.2391,0.0,0
26.99023,88.13027,27.0,88.25,2025-07-16,12,1.0,98.21544647216797,21.536439895629883,202.03765869140625,89.0571060180664,3.288923295491541,69.35292380196708,0.4662,0.4102,0.8377,0.8546,0.5154,1
25.595085772559674,86.00783413373892,25.5,86.0,2025-07-01,12,0.035,0.0,0.3833869993686676,9.127795219421387,4.796874523162842,4.3403328878893944e-05,-1.3039707456316267,0.0709,0.0942,0.1029,0.1963,0.0,0
32.22934444,76.32632222,32.25,76.25,2025-12-25,12,0.6764,0.0,0.0,0.0,0.0,0.0001,0.0,0.05,0.05,0.0,0.1042,0.0,0
15.0,81.0,15.0,81.0,2025-05-01,12,0.0,0.0,0.0,0.0,0.0,0.0001,0.0,0.05,0.05,0.0,0.1042,0.0,0
23.193237,92.734819,23.25,92.75,2025-02-25,12,0.8145,0.0,0.0,0.0,0.0,0.0001,0.0,0.05,0.05,0.0,0.1042,0.0,0
25.737603183732524,86.50852757322096,25.75,86.5,2025-08-20,12,0.1033,1.1661338806152344,5.566033840179443,65.64655303955078,29.111270904541016,0.11237473524534787,-8.211945125034877,0.1565,0.2804,0.5358,0.5841,0.0,0
25.69517778,91.64123611,25.75,91.75,2025-05-30,12,0.661,3.4502739906311035,17.7239933013916,45.65434646606445,24.102140426635742,0.4587013144296455,-3.0717755045209616,0.1413,0.2078,0.367,0.433,0.0,1
27.13738442,88.51408081,27.25,88.5,2025-09-23,12,1.0,6.402378082275391,29.007415771484375,124.0926742553711,60.02332305908203,0.34187529418022755,-11.32514681134905,0.2287,0.3393,0.6727,0.7068,0.0226,1
23.1351,92.748694,23.25,92.75,2025-03-04,12,0.8145,0.0,0.0,0.0,0.0,0.0001,0.0,0.05,0.05,0.0,0.1042,0.0,0
23.111824,92.745097,23.0,92.75,2025-05-31,12,0.9272,53.935569763183594,68.70054626464844,172.9530029296875,97.56214904785156,2.098046057557617,29.22799791608538,0.4149,0.3927,0.797,0.8181,0.3937,1
7.25,90.75,7.25,90.75,2025-10-21,12,0.0,0.0,0.0,0.0,0.0,0.0001,0.0,0.05,0.05,0.0,0.1042,0.0,0
25.480173661145663,87.42142482280404,25.5,87.5,2025-08-01,12,0.0334,2.3626046180725098,33.13629913330078,43.09759521484375,28.46648406982422,0.3301342560572077,-3.7941946983337402,0.1546,0.2225,0.4012,0.4636,0.0,0
26.97408333,88.12683333,27.0,88.25,2025-01-25,12,1.0,0.1949170082807541,0.0,0.0,0.0,0.19501700828075408,0.1949170082807541,0.0529,0.05,0.0,0.1042,0.0,0
27.0660382,88.1843115,27.0,88.25,2025-03-20,12,1.0,0.0,0.0,5.258624076843262,1.9832875728607178,5.71026565144706e-05,-0.7512320109776088,0.0588,0.0699,0.0462,0.1456,0.0,0
30.8683,78.6542,30.75,78.75,2025-12-02,12,0.6444,0.0,0.0,0.0,0.0,0.0001,0.0,0.05,0.05,0.0,0.1042,0.0,0
28.75,85.25,28.75,85.25,2025-11-05,12,0.0,0.0,0.0,0.0,0.0,0.0001,0.0,0.05,0.05,0.0,0.1042,0.0,0
11.3571,76.8083,11.25,76.75,2025-03-23,12,0.6801,0.0,0.0,7.034432888031006,3.672018051147461,4.9877327112874043e-05,-1.0049189840044295,0.0661,0.0791,0.0677,0.1648,0.0,0
29.25,69.75,29.25,69.75,2025-07-05,12,0.0,0.0,0.0,0.0,0.0,0.0001,0.0,0.05,0.05,0.0,0.1042,0.0,0
23.141474,92.750577,23.25,92.75,2025-03-17,12,0.8145,0.0,0.0,0.0,0.0,0.0001,0.0,0.05,0.05,0.0,0.1042,0.0,0
11.3206,76.6903,11.25,76.75,2025-01-01,12,0.6801,0.0,0.0,0.0,0.0,0.0001,0.0,0.05,0.05,0.0,0.1042,0.0,0
16.0,88.5,16.0,88.5,2025-08-13,12,0.0,0.0,0.0,0.0,0.0,0.0001,0.0,0.05,0.05,0.0,0.1042,0.0,0
36.0,68.0,36.0,68.0,2025-08-20,12,0.0,0.0,0.0,0.0,0.0,0.0001,0.0,0.05,0.05,0.0,0.1042,0.0,0
24.4647848582793,81.30155950315604,24.5,81.25,2025-08-01,12,0.1439,5.1686506271362305,0.0,43.0504264831543,19.605876922607422,0.722896025713813,-0.9814102990286688,0.1267,0.2187,0.3923,0.4556,0.0,0
31.609099,76.294201,31.5,76.25,2025-12-23,12,0.4785,0.0,0.0,0.0,0.0,0.0001,0.0,0.05,0.05,0.0,0.1042,0.0,0
23.0,83.5,23.0,83.5,2025-04-07,12,0.0,0.0,1.6717609167099,1.6717609167099,1.2078473567962646,8.072178266021462e-05,-0.23882298810141428,0.0554,0.0585,0.0199,0.122,0.0,0
26.42608,94.398916,26.5,94.5,2025-07-07,12,0.6096,34.56513977050781,147.72879028320312,194.8961181640625,125.32009887695312,1.1984216467051567,6.7228371756417395,0.3517,0.4208,0.8623,0.8766,0.5887,1
35.5,76.5,35.5,76.5,2025-08-08,12,0.0,0.0,0.0,4.876234531402588,1.563209056854248,5.894124085787398e-05,-0.6966049330575126,0.057,0.0744,0.0568,0.1551,0.0,0
25.048054,92.409245,25.0,92.5,2025-02-04,12,0.4543,0.0,2.481123685836792,2.481123685836792,1.523720145225525,7.383091110241316e-05,-0.3544462408338274,0.0568,0.0612,0.026,0.1275,0.0,0
32.25,69.75,32.25,69.75,2025-06-10,12,0.0,0.0,0.0,0.0,0.0,0.0001,0.0,0.05,0.05,0.0,0.1042,0.0,0
30.4525,79.428611,30.5,79.5,2025-03-16,12,0.5441,23.116621017456055,1.330915927886963,1.330915927886963,0.8173487782478333,19.423680243912308,22.92649017061506,0.2885,0.0559,0.0137,0.1164,0.0,0
24.246299459654196,84.52813366814243,24.25,84.5,2025-08-16,12,0.0573,2.9866809844970703,4.08461856842041,30.16863250732422,12.943634033203125,0.5625029892439437,-1.3231236594063898,0.1031,0.179,0.3001,0.373,0.0,0
10.25,86.25,10.25,86.25,2025-06-09,12,0.0,0.0,0.0,0.0,0.0,0.0001,0.0,0.05,0.05,0.0,0.1042,0.0,0
26.90563889,88.16141667,27.0,88.25,2025-06-01,12,1.0,27.78570556640625,111.13074493408203,118.62458801269531,92.57730102539062,1.5482688703041796,10.83933585030692,0.3174,0.3322,0.6562,0.692,0.0,1
23.223275273023564,82.21300881633364,23.25,82.25,2025-08-25,12,0.134,55.63608169555664,55.66880798339844,75.8172607421875,50.12046432495117,4.702561620352014,44.80504444667271,0.4187,0.3015,0.5849,0.6282,0.0,0
27.75,77.25,27.75,77.25,2025-02-26,12,0.0,0.0,0.0,0.48645082116127014,0.21584081649780273,9.350225049517105e-05,-0.06949297445161003,0.051,0.0525,0.0058,0.1094,0.0,0
30.258318,79.217921,30.25,79.25,2025-08-15,12,0.7837,30.52003288269043,38.53593444824219,85.3509521484375,46.34545135498047,2.3133592584453675,18.32703971862793,0.3322,0.2913,0.5611,0.6068,0.0,1
30.076641,78.497295,30.0,78.5,2025-02-03,12,0.659,0.0,0.0,0.0,0.0,0.0001,0.0,0.05,0.05,0.0,0.1042,0.0,0
23.059168,92.771186,23.0,92.75,2025-01-01,12,0.6896,0.0,0.0,0.0,0.0,0.0001,0.0,0.05,0.05,0.0,0.1042,0.0,0
19.75,94.25,19.75,94.25,2025-02-23,12,0.0,0.0,0.0,0.0,0.0,0.0001,0.0,0.05,0.05,0.0,0.1042,0.0,0
23.203107,92.577972,23.25,92.5,2025-06-01,12,0.8358,89.12710571289062,83.58097076416016,163.79278564453125,103.04899597167969,3.652908626297186,65.72813633510044,0.461,0.3892,0.7888,0.8108,0.3692,1
23.625520077158495,84.86327196686098,23.75,84.75,2025-08-15,12,0.0427,4.256015300750732,1.1822383403778076,34.63034439086914,13.929430961608887,0.7156512284772171,-0.6911767550877164,0.1095,0.195,0.3371,0.4061,0.0,0
12.5,87.5,12.5,87.5,2025-07-27,12,0.0,0.0,0.0,0.0,0.0,0.0001,0.0,0.05,0.05,0.0,0.1042,0.0,0
25.90341037343931,81.90238549583995,26.0,82.0,2025-07-06,12,0.1385,4.696893692016602,19.348575592041016,57.6533317565918,29.805620193481445,0.5085423279947827,-3.539296558925084,0.1585,0.2595,0.4872,0.5406,0.0,0
26.039157259133113,84.92878427696652,26.0,85.0,2025-08-18,12,0.1109,0.0,39.99555206298828,73.14041900634766,39.264060974121094,8.734668581462687e-06,-10.448631286621094,0.184,0.2968,0.574,0.6184,0.0,0
32.75,99.5,32.75,99.5,2025-12-18,12,0.0,0.0,0.0,0.0,0.0,0.0001,0.0,0.05,0.05,0.0,0.1042,0.0,0
27.75,68.75,27.75,68.75,2025-06-18,12,0.0,0.0,0.0,0.0,0.0,0.0001,0.0,0.05,0.05,0.0,0.1042,0.0,0
25.69814,93.129423,25.75,93.25,2025-12-17,12,0.4175,0.0,0.0,0.0,0.0,0.0001,0.0,0.05,0.05,0.0,0.1042,0.0,0
17.75,92.75,17.75,92.75,2025-02-05,12,0.0,0.0,0.0,0.0,0.0,0.0001,0.0,0.05,0.05,0.0,0.1042,0.0,0
33.23699444,75.22344444,33.25,75.25,2025-04-20,12,0.7305,14.507017135620117,16.975112915039062,36.83643341064453,18.63160514831543,2.316562093408861,9.24466950552804,0.2212,0.1804,0.3032,0.3758,0.0,1
22.161076802251863,82.62534943295707,22.25,82.75,2025-08-09,12,0.1065,4.971729278564453,4.758460521697998,37.943084716796875,16.057212829589844,0.7743750828243458,-0.4487113952636719,0.1187,0.2039,0.358,0.4249,0.0,0
31.3626538,76.7744273,31.25,76.75,2025-09-07,12,0.935,2.780735969543457,64.20539855957031,148.80299377441406,81.37419128417969,0.12493888156596435,-18.476834569658553,0.2622,0.3705,0.7454,0.772,0.2399,1
29.0,79.25,29.0,79.25,2025-07-25,12,0.0873,0.6282263398170471,27.986492156982422,112.90338134765625,44.73310852050781,0.03668190445744508,-15.50082813841956,0.1971,0.3657,0.7343,0.762,0.2065,0
33.194759,75.360139,33.25,75.25,2025-02-20,12,0.6662,0.0,0.0,1.8600575923919678,0.5962918400764465,7.900625844701983e-05,-0.26572251319885254,0.0527,0.0579,0.0184,0.1207,0.0,0
24.71771957324721,80.3826241333993,24.75,80.5,2025-07-23,12,0.0469,0.0,0.0,166.93800354003906,82.35855865478516,4.024422413465646e-06,-23.84828622000558,0.2635,0.4206,0.8619,0.8763,0.5876,0
23.170376,92.739585,23.25,92.75,2025-08-01,12,0.924,1.392492413520813,31.539926528930664,89.17615509033203,44.02175521850586,0.10135721151973572,-11.346958313669477,0.1955,0.2912,0.5609,0.6066,0.0,1
26.75,80.75,26.75,80.75,2025-11-25,12,0.0,0.0,0.0,0.0,0.0,0.0001,0.0,0.05,0.05,0.0,0.1042,0.0,0
17.25,69.5,17.25,69.5,2025-08-12,12,0.0,0.0,0.0,0.0,0.0,0.0001,0.0,0.05,0.05,0.0,0.1042,0.0,0
18.25,76.0,18.25,76.0,2025-09-04,12,0.0,0.0,0.0,159.01841735839844,68.88523864746094,4.21639966901292e-06,-22.71691676548549,0.2439,0.4162,0.8517,0.8671,0.557,0
25.360297513308677,78.52023755029447,25.25,78.5,2025-07-03,12,0.0698,11.053176879882812,152.4591827392578,223.03363037109375,149.20462036132812,0.3363548974746018,-20.808770315987722,0.3189,0.449,0.9279,0.9354,0.7847,0
23.645479401573798,83.33956546934934,23.75,83.25,2025-07-17,12,0.0471,88.52654266357422,96.2962646484375,194.11570739746094,119.44898986816406,3.081243661492563,60.795727321079795,0.4606,0.437,0.8999,0.9104,0.7012,0
24.158514893282096,87.69349614419825,24.25,87.75,2025-08-22,12,0.0964,2.979464292526245,6.1782546043396,40.75041198730469,18.46872901916504,0.43679099676101046,-2.8420231342315674,0.1228,0.2132,0.3795,0.4441,0.0,0
24.5,96.75,24.5,96.75,2025-12-12,12,0.0,0.0,0.0,0.0,0.0,0.0001,0.0,0.05,0.05,0.0,0.1042,0.0,0
24.34759332672817,82.22656033788958,24.25,82.25,2025-08-05,12,0.0214,22.896564483642578,54.14835739135742,68.12666320800781,50.7236328125,2.133419009196911,13.164184025355748,0.2871,0.2893,0.5565,0.6027,0.0,0
26.25,76.5,26.25,76.5,2025-06-04,12,0.0,1.866088628768921,0.0,0.0,0.0,1.8661886287689209,1.866088628768921,0.0772,0.05,0.0,0.1042,0.0,0
31.71194444,77.3125,31.75,77.25,2025-01-08,12,0.6856,9.531204223632812,0.0,0.0,0.0,9.531304223632812,9.531204223632812,0.172,0.05,0.0,0.1042,0.0,0
22.391635275746093,84.88218919407736,22.5,85.0,2025-08-17,12,0.1234,1.6354690790176392,6.041762828826904,34.24432373046875,15.87907600402832,0.27758931454283187,-3.256577168192182,0.1138,0.1913,0.3285,0.3985,0.0,0
26.5,77.75,26.5,77.75,2025-01-01,12,0.0,0.0,0.0,0.0,0.0,0.0001,0.0,0.05,0.05,0.0,0.1042,0.0,0
25.613810164198483,80.67511857353867,25.5,80.75,2025-07-22,12,0.1494,0.0,127.91725158691406,167.78936767578125,97.85389709472656,4.004820254847754e-06,-23.96990966796875,0.2816,0.4181,0.856,0.871,0.5701,0
22.72841263664684,85.26471543495832,22.75,85.25,2025-07-10,12,0.0763,18.844045639038086,34.47944259643555,105.09420013427734,56.01461410522461,1.1767693539474222,3.830588476998466,0.2577,0.3552,0.7098,0.74,0.1333,0
18.51905,72.961793,18.5,73.0,2025-08-19,12,0.6036,99.80738067626953,173.98678588867188,221.3359375,154.63507080078125,3.0597564815389027,68.18796103341239,0.4669,0.4349,0.8951,0.9061,0.6869,1
27.313874,93.045623,27.25,93.0,2025-02-06,12,0.4062,0.0,0.0,24.845836639404297,10.45896053314209,2.1980895271373034e-05,-3.5494052342006137,0.0937,0.151,0.235,0.3147,0.0,0
19.339084,73.784911,19.25,73.75,2025-07-27,12,0.4754,15.711638450622559,10.521071434020996,11.420475006103516,8.426774978637695,5.970647831715304,14.0801420211792,0.2319,0.0989,0.1138,0.2061,0.0,1
13.35143722,75.38734,13.25,75.5,2025-11-23,12,0.4503,0.0,0.0,0.0,0.0,0.0001,0.0,0.05,0.05,0.0,0.1042,0.0,0
10.25,79.75,10.25,79.75,2025-05-12,12,0.0,0.0,0.0,0.0,0.0,0.0001,0.0,0.05,0.05,0.0,0.1042,0.0,0
11.29147222,76.64566667,11.25,76.75,2025-12-10,12,0.6801,0.0,0.0,4.236172676086426,1.8275507688522339,6.22987933862735e-05,-0.6051675251552037,0.0581,0.0678,0.0413,0.1412,0.0,0
36.75,93.0,36.75,93.0,2025-11-11,12,0.0,0.0,0.0,0.0,0.0,0.0001,0.0,0.05,0.05,0.0,0.1042,0.0,0
33.25,94.75,33.25,94.75,2025-02-09,12,0.0,0.0,0.0,0.0,0.0,0.0001,0.0,0.05,0.05,0.0,0.1042,0.0,0
31.75,97.0,31.75,97.0,2025-04-18,12,0.0,0.0,0.0,0.0,0.0,0.0001,0.0,0.05,0.05,0.0,0.1042,0.0,0
22.235983508486896,87.6141661964205,22.25,87.5,2025-07-18,12,0.1021,10.173395156860352,77.35639190673828,142.20748901367188,80.32853698730469,0.4772847969547767,-10.141960416521346,0.2608,0.3985,0.8104,0.8302,0.4339,0
26.29666409861876,83.94832713887504,26.25,84.0,2025-08-06,12,0.1261,26.143146514892578,90.93089294433594,136.4864501953125,85.27978515625,1.2754007458902659,6.645082201276505,0.3078,0.392,0.7953,0.8166,0.3887,0
8.97316667,76.89913889,9.0,77.0,2025-03-01,12,0.399,0.0,0.0,0.0,0.0,0.0001,0.0,0.05,0.05,0.0,0.1042,0.0,0
23.379612765340514,81.50702327430727,23.5,81.5,2025-07-06,12,0.0961,78.93486785888672,59.351219177246094,68.24465942382812,48.63392639160156,7.343308870599124,69.18563079833984,0.4529,0.2866,0.5503,0.5972,0.0,0
18.75,99.25,18.75,99.25,2025-04-17,12,0.0,0.0,0.0,0.0,0.0,0.0001,0.0,0.05,0.05,0.0,0.1042,0.0,0
23.730243,92.75603,23.75,92.75,2025-11-25,12,0.8587,0.0,0.0,0.0,0.0,0.0001,0.0,0.05,0.05,0.0,0.1042,0.0,0
24.192144460055903,83.52215068054629,24.25,83.5,2025-08-01,12,0.0561,0.14182829856872559,13.078659057617188,58.01132583618164,28.798097610473633,0.015281923221878886,-8.145503963742938,0.1556,0.2635,0.4966,0.549,0.0,0
22.82412337673381,79.7058191155709,22.75,79.75,2025-07-19,12,0.0779,34.180389404296875,39.994049072265625,112.21820831298828,58.240753173828125,2.006936937031719,18.14921678815569,0.35,0.3652,0.733,0.7608,0.2026,0
11.520975,75.89981389,11.5,76.0,2025-07-16,12,0.6603,34.011680603027344,55.38545227050781,123.86015319824219,68.39643859863281,1.8193656235486473,16.31737300327846,0.3492,0.3557,0.7109,0.741,0.1367,1
26.97097222,88.12447222,27.0,88.0,2025-11-23,12,0.7464,0.0,0.0,0.0,0.0,0.0001,0.0,0.05,0.05,0.0,0.1042,0.0,0
9.25,95.25,9.25,95.25,2025-08-18,12,0.0,0.0,0.0,0.0,0.0,0.0001,0.0,0.05,0.05,0.0,0.1042,0.0,0
22.319398837154516,81.17388850027885,22.25,81.25,2025-07-26,12,0.087,25.908475875854492,38.180641174316406,68.10310363769531,43.930450439453125,2.414814066884371,16.179461070469447,0.3064,0.2867,0.5504,0.5973,0.0,0
26.0,90.0,26.0,90.0,2025-06-16,12,0.0076,0.0,0.3728596866130829,0.3728596866130829,0.22898246347904205,9.494280777796323e-05,-0.0532656695161547,0.051,0.0519,0.0045,0.1082,0.0,0
23.6868033,92.7251987,23.75,92.75,2025-01-18,12,0.8587,0.0,0.0,0.0,0.0,0.0001,0.0,0.05,0.05,0.0,0.1042,0.0,0
36.25,79.5,36.25,79.5,2025-03-03,12,0.0,0.0,0.0,0.0,0.0,0.0001,0.0,0.05,0.05,0.0,0.1042,0.0,0
26.75,78.75,26.75,78.75,2025-06-14,12,0.0,0.0,0.0,0.0,0.0,0.0001,0.0,0.05,0.05,0.0,0.1042,0.0,0
12.848973,75.209944,12.75,75.25,2025-05-30,12,0.6331,105.88834381103516,344.00714111328125,518.1517333984375,323.85882568359375,1.4114379893227473,31.866667611258364,0.4694,0.4777,0.9947,0.9952,0.9841,1
23.197704,93.163019,23.25,93.25,2025-11-15,12,0.5937,0.0,0.0,2.389254331588745,0.7659401893615723,7.455331118733832e-05,-0.34132204736982075,0.0534,0.0604,0.0241,0.1258,0.0,0
37.25,79.5,37.25,79.5,2025-04-10,12,0.0,0.0,0.0,0.0,0.0,0.0001,0.0,0.05,0.05,0.0,0.1042,0.0,0
23.230114,92.740067,23.25,92.75,2025-06-02,12,1.0,73.33731079101562,183.54595947265625,270.1734924316406,176.18540954589844,1.8521319301979065,34.741097586495535,0.447,0.4422,0.9121,0.9213,0.7375,1
11.3206,76.6903,11.25,76.75,2025-10-14,12,0.7835,0.0,16.83846664428711,20.26799201965332,13.404823303222656,2.5671123839829395e-05,-2.8954274313790456,0.1048,0.1264,0.1776,0.2633,0.0,1
24.414992,92.241894,24.5,92.25,2025-02-24,12,0.3996,0.0,0.0,0.20237550139427185,0.10564128309488297,9.719015620117147e-05,-0.028910785913467407,0.0505,0.0509,0.0022,0.1061,0.0,0
31.5,78.25,31.5,78.25,2025-07-27,12,0.1582,0.16465571522712708,1.4052096605300903,8.314416885375977,4.314894676208496,0.07530747107264578,-1.0231181255408697,0.0689,0.0893,0.0914,0.186,0.0,0
25.088472930942956,84.44423169629816,25.0,84.5,2025-08-18,12,0.1277,0.0,14.9285888671875,34.21410369873047,18.733474731445312,1.6984477088641927e-05,-4.887729099818638,0.1237,0.191,0.328,0.398,0.0,0
33.24725556,75.21641389,33.25,75.25,2025-04-20,12,0.8556,14.507017135620117,16.975112915039062,36.83643341064453,18.63160514831543,2.316562093408861,9.24466950552804,0.2212,0.1762,0.2935,0.3671,0.0,1
33.75,68.5,33.75,68.5,2025-05-11,12,0.0,0.0,0.0,0.0,0.0,0.0001,0.0,0.05,0.05,0.0,0.1042,0.0,0
16.75,69.0,16.75,69.0,2025-06-02,12,0.0,0.0,0.0,0.0,0.0,0.0001,0.0,0.05,0.05,0.0,0.1042,0.0,0
24.677769074398363,81.5688597517111,24.75,81.5,2025-07-26,12,0.1277,4.297704696655273,19.124412536621094,110.5811538696289,45.574684143066406,0.25586271172286684,-11.499602999006,0.1991,0.361,0.7232,0.7521,0.1736,0
11.47475,75.92625,11.5,76.0,2025-07-26,12,0.6847,52.335262298583984,65.55458068847656,137.83299255371094,75.80963134765625,2.5294480879709016,32.64483479091099,0.4111,0.3708,0.7461,0.7726,0.2419,1
23.2066,93.148665,23.25,93.25,2025-06-01,12,0.7023,132.47854614257812,94.35096740722656,190.14990234375,118.69569396972656,4.703783831356514,105.31427437918526,0.4758,0.4145,0.8476,0.8635,0.5449,1
23.547347745443005,87.74904272810235,23.5,87.75,2025-08-02,12,0.0778,27.105754852294922,57.98774337768555,91.91574096679688,57.25111389160156,1.9182081851841455,13.974934714181083,0.3135,0.3342,0.6609,0.6962,0.0,0
11.4588,76.8427,11.5,76.75,2025-01-22,12,0.6111,0.0,1.60569167137146,3.006084680557251,1.7235662937164307,6.995743313667581e-05,-0.42944066865103586,0.0577,0.0629,0.0301,0.1311,0.0,0
23.293453,92.858089,23.25,92.75,2025-05-30,12,0.895,25.781877517700195,70.82451629638672,121.74378967285156,67.5400161743164,1.4018062003806169,8.389907564435685,0.3056,0.3417,0.6783,0.7118,0.0393,1
12.861881,75.193047,12.75,75.25,2025-11-15,12,0.4204,5.990996360778809,0.0,0.0,0.0,5.991096360778808,5.990996360778809,0.1313,0.05,0.0,0.1042,0.0,0
31.33083333,77.18444444,31.25,77.25,2025-07-08,12,1.0,0.0,2.2307708263397217,139.7812042236328,54.37506866455078,4.769002977612137e-06,-19.968743460518972,0.2178,0.3578,0.7158,0.7454,0.1513,1
23.309286,92.850807,23.25,92.75,2025-05-31,12,1.0,58.45155715942383,51.10498046875,134.1341552734375,75.67455291748047,2.8990969572407543,39.28953497750419,0.4244,0.3514,0.701,0.7321,0.1071,1
33.195603,75.337746,33.25,75.25,2025-09-01,12,0.8899,0.9256163835525513,18.200523376464844,261.7947082519531,132.2744140625,0.024107672085545134,-36.473627652440754,0.3096,0.4426,0.9131,0.9221,0.7404,1
23.176777,92.738013,23.25,92.75,2025-05-01,12,1.0,0.0,3.633636951446533,3.633636951446533,3.0885915756225586,6.582884136408064e-05,-0.5190909930637905,0.0636,0.0638,0.0322,0.133,0.0,1
22.75,89.0,22.75,89.0,2025-05-05,12,0.0,1.5445818901062012,18.87530517578125,54.159889221191406,28.913589477539062,0.17679517357590094,-6.192545141492571,0.1559,0.2555,0.4779,0.5323,0.0,0
23.193401,92.900218,23.25,93.0,2025-12-24,12,0.7561,0.0,0.0,0.0,0.0,0.0001,0.0,0.05,0.05,0.0,0.1042,0.0,0
23.527592,92.984969,23.5,93.0,2025-11-05,12,0.8304,0.0,4.190453052520752,5.689028739929199,4.07266902923584,5.516576676962478e-05,-0.812718391418457,0.0678,0.0726,0.0527,0.1513,0.0,0
26.459360724053674,82.33817419576529,26.5,82.25,2025-07-06,12,0.0691,6.121342658996582,6.555776596069336,26.621837615966797,13.290558815002441,1.27447223743139,2.318222999572754,0.1329,0.1659,0.2694,0.3455,0.0,0
25.5486854240051,78.07357829625414,25.5,78.0,2025-08-07,12,0.0249,1.4670146703720093,16.70850372314453,88.06216430664062,35.5256233215332,0.10803249397391074,-11.113294516290937,0.1743,0.3296,0.6501,0.6866,0.0,0
24.098361460786343,87.81377104326195,24.0,87.75,2025-07-17,12,0.1398,3.2528345584869385,39.25847625732422,85.37796020507812,48.29004669189453,0.24649323127354406,-8.944016899381365,0.2051,0.32,0.6279,0.6667,0.0,0
26.575162117355422,86.67782044392763,26.5,86.75,2025-07-20,12,0.1214,31.077043533325195,4.310878753662109,7.533400535583496,4.143617630004883,14.968279736091539,30.000843456813268,0.3351,0.0861,0.0839,0.1794,0.0,0
32.75,66.75,32.75,66.75,2025-10-04,12,0.0,0.0,0.0,0.0,0.0,0.0001,0.0,0.05,0.05,0.0,0.1042,0.0,0
24.911043798841156,87.90208893587621,25.0,88.0,2025-07-05,12,0.089,18.835145950317383,20.337167739868164,29.7485294342041,17.062599182128906,3.5878094629142865,14.585356031145368,0.2576,0.1767,0.2946,0.3681,0.0,0
18.4095,73.85817,18.5,73.75,2025-03-01,12,0.4299,0.0,0.0,0.0,0.0,0.0001,0.0,0.05,0.05,0.0,0.1042,0.0,0
23.401672303957604,84.87406364136237,23.5,84.75,2025-07-06,12,0.0598,0.0,10.604199409484863,73.12445831298828,34.487144470214844,8.736408516680469e-06,-10.446351187569755,0.1716,0.2988,0.5787,0.6226,0.0,0
37.5,74.5,37.5,74.5,2025-04-10,12,0.0,0.0,0.0,0.0,0.0,0.0001,0.0,0.05,0.05,0.0,0.1042,0.0,0
11.38372222,76.69333333,11.5,76.75,2025-05-25,12,0.7075,9.785455703735352,2.03886079788208,25.741186141967773,11.694780349731445,2.0921322040420924,6.108143397739955,0.1747,0.1465,0.2245,0.3053,0.0,1
33.046805,74.701774,33.0,74.75,2025-08-31,12,0.5376,45.84850311279297,287.94476318359375,489.7674560546875,264.140625,0.6460572605509398,-24.118276323590962,0.3936,0.4773,0.9938,0.9945,0.9816,1
22.736515221394853,78.07841590771916,22.75,78.0,2025-08-09,12,0.0782,0.0,0.9735190868377686,11.131831169128418,4.3993730545043945,3.860613930664834e-05,-1.590261595589774,0.0692,0.1028,0.1228,0.2141,0.0,0
25.299349334145194,82.3158432911751,25.25,82.25,2025-07-01,12,0.149,0.8954731822013855,10.139938354492188,14.06124496459961,10.150155067443848,0.2976563012275318,-1.1132760984557017,0.0925,0.1145,0.1499,0.2385,0.0,0
27.005957,88.212622,27.0,88.25,2025-06-18,12,1.0,17.877304077148438,71.44330596923828,76.44428253173828,54.7935791015625,1.4997052493373766,6.956692286900111,0.25,0.2639,0.4974,0.5498,0.0,1
22.76572250041978,85.28116437336166,22.75,85.25,2025-07-23,12,0.1151,4.620648384094238,12.174201965332031,70.31977081298828,33.231300354003906,0.4183307626052387,-5.425033160618373,0.1682,0.2905,0.5594,0.6053,0.0,0
12.0,72.0,12.0,72.0,2025-11-21,12,0.0,0.0,0.0,0.0,0.0,0.0001,0.0,0.05,0.05,0.0,0.1042,0.0,0
23.108018,92.746279,23.0,92.75,2025-01-03,12,0.6896,0.0,0.0,0.0,0.0,0.0001,0.0,0.05,0.05,0.0,0.1042,0.0,0
18.38386,73.63431,18.5,73.75,2025-01-10,12,0.4299,0.0,0.0,0.0,0.0,0.0001,0.0,0.05,0.05,0.0,0.1042,0.0,0
31.69194444,77.27805556,31.75,77.25,2025-06-01,12,0.8132,0.5452247858047485,15.300046920776367,23.789920806884766,14.464506149291992,0.1239780226969496,-2.8533353294645036,0.1087,0.1375,0.2034,0.2864,0.0,1
23.223807,92.944448,23.25,93.0,2025-06-01,12,0.826,132.071044921875,89.81504821777344,186.56716918945312,115.71089172363281,4.77610959712014,105.41859218052456,0.4758,0.4072,0.8308,0.8484,0.4947,1
23.313871,92.792739,23.25,92.75,2025-12-08,12,0.8145,0.0,0.0,0.0,0.0,0.0001,0.0,0.05,0.05,0.0,0.1042,0.0,0
24.95054,92.731458,25.0,92.75,2025-06-01,12,0.6124,72.87725830078125,68.7322769165039,91.60737609863281,66.94568634033203,5.173461948680145,59.79049028669085,0.4464,0.3105,0.6058,0.6469,0.0,1
31.230401,76.689474,31.25,76.75,2025-09-18,12,0.8598,18.819272994995117,39.65391159057617,48.85540008544922,32.60574722290039,2.358511634746736,11.839930125645228,0.2575,0.2086,0.3689,0.4346,0.0,1
24.202867640061537,79.32404613496455,24.25,79.25,2025-08-16,12,0.1005,0.0,13.384028434753418,60.88340377807617,33.8189582824707,1.0311798776154976e-05,-8.69762911115374,0.1698,0.2691,0.5095,0.5606,0.0,0
23.181806,92.736868,23.25,92.75,2025-05-30,12,1.0,25.781877517700195,70.82451629638672,121.74378967285156,67.5400161743164,1.4018062003806169,8.389907564435685,0.3056,0.3362,0.6657,0.7005,0.0017,1
23.119163,92.743039,23.0,92.75,2025-12-02,12,0.6896,0.0,0.0,0.0,0.0,0.0001,0.0,0.05,0.05,0.0,0.1042,0.0,0
26.14988889,91.77394444,26.25,91.75,2025-05-01,12,0.6615,3.537365436553955,19.703489303588867,39.15512466430664,22.073278427124023,0.5365007295717955,-2.056223801204136,0.1348,0.1895,0.3244,0.3948,0.0,1
22.75,94.25,22.75,94.25,2025-09-20,12,0.0002,0.0,0.0,0.0,0.0,0.0001,0.0,0.05,0.05,0.0,0.1042,0.0,0
27.12470041,88.58828343,27.0,88.5,2025-07-02,12,1.0,1.809858798980713,15.506105422973633,82.00990295410156,35.861289978027344,0.14234047192926608,-9.905841623033796,0.1752,0.2744,0.522,0.5718,0.0,1
26.80944119362854,84.5260201521544,26.75,84.5,2025-08-12,12,0.0717,15.81427001953125,25.84268569946289,87.58872985839844,41.734619140625,1.1703359406817297,3.30159432547433,0.2328,0.3268,0.6438,0.6809,0.0,0
33.194759,75.360139,33.25,75.25,2025-08-30,12,0.9102,0.0,211.36514282226562,248.46890258789062,167.40133666992188,2.7400595254805013e-06,-35.495557512555806,0.3266,0.437,0.9001,0.9105,0.7016,1
30.132183,78.347401,30.25,78.25,2025-08-06,12,0.8302,23.01500701904297,19.314865112304688,82.36518096923828,40.484375,1.8027798677961318,11.248552594866071,0.2879,0.2835,0.5431,0.5907,0.0,1
11.3509,76.7929,11.25,76.75,2025-11-02,12,0.6801,0.0,29.11599349975586,70.63340759277344,39.40763854980469,9.016736759409747e-06,-10.090486798967634,0.1843,0.2672,0.5051,0.5567,0.0,0
12.673218,75.754767,12.75,75.75,2025-06-27,12,0.6694,42.952850341796875,123.09187316894531,147.33645629882812,101.09778594970703,1.9481505510947845,21.90478515625,0.3844,0.3813,0.7706,0.7945,0.3149,1
25.32560089056808,84.90853504339813,25.25,85.0,2025-08-17,12,0.0975,0.0,49.822853088378906,57.29214096069336,37.153385162353516,1.0887800430039543e-05,-8.184591565813337,0.1786,0.2601,0.4887,0.5419,0.0,0
18.38386,73.63431,18.5,73.75,2025-12-22,12,0.4299,0.0,0.0,0.0,0.0,0.0001,0.0,0.05,0.05,0.0,0.1042,0.0,0
24.36445982816591,83.35358101842661,24.25,83.25,2025-08-16,12,0.0606,0.0,8.640406608581543,39.89152908325195,17.25093650817871,1.4928069390895936e-05,-5.698789869035993,0.1186,0.2116,0.3759,0.4409,0.0,0
23.130578,92.743046,23.25,92.75,2025-02-19,12,0.8145,0.0,0.0,0.0,0.0,0.0001,0.0,0.05,0.05,0.0,0.1042,0.0,0
23.283708006707748,79.0088880210586,23.25,79.0,2025-07-05,12,0.1084,15.739276885986328,23.536617279052734,64.59881591796875,32.4747428894043,1.5387913443726955,6.510874611990792,0.2321,0.2777,0.5296,0.5786,0.0,0
23.243855,92.905242,23.25,93.0,2025-12-08,12,0.7561,0.0,0.0,0.0,0.0,0.0001,0.0,0.05,0.05,0.0,0.1042,0.0,0
22.3725523090932,83.10392721348707,22.25,83.0,2025-08-20,12,0.1101,1.3435002565383911,6.701900482177734,40.639591217041016,17.288009643554688,0.19742406589761902,-4.462155631610325,0.1188,0.2124,0.3776,0.4425,0.0,0
26.77810689890678,78.28631193835653,26.75,78.25,2025-08-07,12,0.0278,6.031530380249023,14.314680099487305,68.83193969726562,30.687952041625977,0.5567761134727456,-3.801603862217494,0.161,0.2907,0.5597,0.6055,0.0,0
12.0,68.5,12.0,68.5,2025-06-18,12,0.0,0.0,0.0,0.0,0.0,0.0001,0.0,0.05,0.05,0.0,0.1042,0.0,0
25.0200249886975,86.71333592340282,25.0,86.75,2025-07-23,12,0.099,0.0,58.799251556396484,199.52027893066406,97.16275787353516,3.38949764945366e-06,-28.502896990094865,0.2809,0.4384,0.9032,0.9133,0.7109,0
24.4012,92.237233,24.5,92.25,2025-03-18,12,0.3996,1.6741005182266235,13.160704612731934,13.904748916625977,9.64760971069336,0.5606096334534628,-0.312292184148516,0.0906,0.11,0.1395,0.2291,0.0,0
25.308421441999283,82.83989368179748,25.25,82.75,2025-08-02,12,0.1205,0.4859308898448944,29.32124137878418,61.47996520996094,39.59464645385742,0.049681921106165844,-8.296921283006668,0.1848,0.2698,0.5111,0.562,0.0,0
24.850602425575282,79.12903211060616,24.75,79.25,2025-08-17,12,0.0459,1.1383495330810547,30.04773712158203,54.500892639160156,29.55754280090332,0.1295777409008385,-6.6474922725132535,0.1578,0.2547,0.4761,0.5307,0.0,0
27.067785,88.1858798,27.0,88.25,2025-11-11,12,1.0,0.0,8.863222122192383,9.386411666870117,5.610848903656006,4.2718321389133236e-05,-1.3409159524100167,0.0743,0.0848,0.081,0.1767,0.0,0
26.434710554414337,86.10436585615625,26.5,86.0,2025-08-03,12,0.0501,5.054833889007568,1.2378007173538208,15.279694557189941,7.997623443603516,1.5881966932815932,2.8720203808375766,0.1197,0.1212,0.1656,0.2525,0.0,0
29.0,86.0,29.0,86.0,2025-11-07,12,0.0,0.0,0.0,0.0,0.0,0.0001,0.0,0.05,0.05,0.0,0.1042,0.0,0
31.71194444,77.3125,31.75,77.25,2025-11-24,12,0.6856,0.0,0.0,0.0,0.0,0.0001,0.0,0.05,0.05,0.0,0.1042,0.0,0
22.866131,92.772713,22.75,92.75,2025-03-11,12,0.5824,0.0,0.0,0.0,0.0,0.0001,0.0,0.05,0.05,0.0,0.1042,0.0,0
7.0,80.75,7.0,80.75,2025-02-11,12,0.0,0.0,0.0,0.0,0.0,0.0001,0.0,0.05,0.05,0.0,0.1042,0.0,0
26.799640602917506,81.35049170938483,26.75,81.25,2025-08-22,12,0.1312,0.0,0.4492029547691345,6.803349494934082,2.4035909175872803,5.071232893558947e-05,-0.9719070707048688,0.0607,0.0826,0.0759,0.1722,0.0,0
24.519565126903,78.13513642306182,24.5,78.25,2025-08-15,12,0.1251,12.828158378601074,21.632652282714844,103.06120300292969,56.74838638305664,0.8158897613341299,-1.8948706218174518,0.2225,0.3502,0.6982,0.7297,0.0988,0
11.5,70.25,11.5,70.25,2025-12-27,12,0.0,0.0,0.0,0.0,0.0,0.0001,0.0,0.05,0.05,0.0,0.1042,0.0,0
18.63087,73.41815,18.75,73.5,2025-01-10,12,0.4188,0.0,0.0,0.0,0.0,0.0001,0.0,0.05,0.05,0.0,0.1042,0.0,0
23.308778,92.858357,23.25,92.75,2025-02-15,12,0.8145,0.0,0.0,0.0,0.0,0.0001,0.0,0.05,0.05,0.0,0.1042,0.0,0
24.288014,92.946017,24.25,93.0,2025-12-02,12,0.5878,0.0,0.0,0.0,0.0,0.0001,0.0,0.05,0.05,0.0,0.1042,0.0,0
22.404215,92.951647,22.5,93.0,2025-03-23,12,0.4923,0.0,0.0,0.0,0.0,0.0001,0.0,0.05,0.05,0.0,0.1042,0.0,0
22.719709567861155,83.95359661258604,22.75,84.0,2025-07-15,12,0.1437,11.283205032348633,43.47114181518555,83.98405456542969,45.50623321533203,0.8680986531507122,-0.7145170484270373,0.1989,0.3173,0.6215,0.661,0.0,0
25.948342313902515,86.11987969045919,26.0,86.0,2025-08-26,12,0.0508,7.3803300857543945,43.9654541015625,60.187278747558594,40.590118408203125,0.7689403643566686,-1.2178525924682617,0.1873,0.2692,0.5099,0.5609,0.0,0
26.118722309561498,86.57029028330578,26.0,86.5,2025-07-06,12,0.0316,2.4629154205322266,26.756391525268555,26.756391525268555,16.904630661010742,0.5107509175208982,-1.3594262259347096,0.1174,0.1673,0.2728,0.3485,0.0,0
13.0,75.5,13.0,75.5,2025-01-03,12,0.141,0.0,0.0,0.0,0.0,0.0001,0.0,0.05,0.05,0.0,0.1042,0.0,0
25.67761389,91.89865833,25.75,92.0,2025-02-23,12,0.4842,0.0,0.0,0.1405913084745407,0.07338954508304596,9.803109711225615e-05,-0.020084472639220103,0.0503,0.0506,0.0015,0.1055,0.0,0
24.132203976462158,83.26747852430046,24.25,83.25,2025-07-08,12,0.1014,1.148645281791687,5.168008327484131,46.60723114013672,20.91307258605957,0.15000246797901118,-5.509530595370701,0.131,0.2307,0.4202,0.4806,0.0,0
23.207082,92.509726,23.25,92.5,2025-06-01,12,0.8348,89.12710571289062,83.58097076416016,163.79278564453125,103.04899597167969,3.652908626297186,65.72813633510044,0.461,0.3892,0.7889,0.8109,0.3696,1
12.818121,74.956236,12.75,75.0,2025-11-27,12,0.3899,0.0,32.76610565185547,37.75069808959961,24.41616439819336,1.5642214085654346e-05,-5.392956869942801,0.1423,0.1943,0.3356,0.4048,0.0,0
33.5,78.0,33.5,78.0,2025-07-07,12,0.0073,0.0,0.0,2.9986088275909424,0.9612852931022644,7.000973956180438e-05,-0.4283726896558489,0.0543,0.0652,0.0353,0.1358,0.0,0
31.725,76.7725,31.75,76.75,2025-08-05,12,0.8224,10.018472671508789,47.56570053100586,275.7591552734375,122.29474639892578,0.24802029357013558,-29.37569236755371,0.3029,0.449,0.9278,0.9354,0.7845,1
26.901306039082495,84.50113223419214,27.0,84.5,2025-08-25,12,0.0241,0.0,65.97714233398438,65.97714233398438,56.030216217041016,9.592044544528848e-06,-9.425306047712054,0.2211,0.2843,0.5448,0.5922,0.0,0
24.2406434973258,87.37525986759583,24.25,87.5,2025-08-04,12,0.0795,39.6539192199707,58.68135070800781,148.73687744140625,84.48793029785156,1.7823532813814742,18.40579387119838,0.3727,0.4052,0.8261,0.8442,0.4808,0
8.25,78.75,8.25,78.75,2025-03-22,12,0.0,0.0,0.0,0.0,0.0,0.0001,0.0,0.05,0.05,0.0,0.1042,0.0,0
23.71911245629376,84.1403119844865,23.75,84.25,2025-08-22,12,0.1179,0.2564087212085724,5.066484451293945,7.527193069458008,4.9332122802734375,0.12359999897261616,-0.8189045744282859,0.0715,0.0861,0.0839,0.1794,0.0,0
14.80989612,74.14158063,14.75,74.25,2025-06-12,12,0.6659,0.0,28.77562713623047,57.970069885253906,30.866661071777344,1.0774191889223707e-05,-8.281438555036273,0.1616,0.2392,0.44,0.4983,0.0,1
31.90333333,78.63166667,32.0,78.75,2025-08-12,12,0.4609,1.025059700012207,0.0,1.7865121364593506,0.7864673137664795,0.8167197391452268,0.7698436805180141,0.0652,0.0581,0.0188,0.121,0.0,1
23.5,69.25,23.5,69.25,2025-03-15,12,0.0,0.0,0.0,0.0,0.0,0.0001,0.0,0.05,0.05,0.0,0.1042,0.0,0
21.75,99.25,21.75,99.25,2025-11-20,12,0.0,0.0,0.0,0.0,0.0,0.0001,0.0,0.05,0.05,0.0,0.1042,0.0,0
12.858072,75.226282,12.75,75.25,2025-01-09,12,0.4204,0.0,0.0,0.0,0.0,0.0001,0.0,0.05,0.05,0.0,0.1042,0.0,0
23.526766067738947,82.29190581960034,23.5,82.25,2025-07-23,12,0.0533,0.0,12.777872085571289,146.0428009033203,63.11672592163086,4.57388387998859e-06,-20.863257271902903,0.2342,0.4037,0.8226,0.841,0.4702,0
27.5,71.25,27.5,71.25,2025-08-26,12,0.0,0.0,0.1407376080751419,22.961471557617188,9.18557071685791,2.3363338434624953e-05,-3.280210222516741,0.0887,0.1536,0.2408,0.3199,0.0,0
23.31637,92.854172,23.25,92.75,2025-05-31,12,0.9928,58.45155715942383,51.10498046875,134.1341552734375,75.67455291748047,2.8990969572407543,39.28953497750419,0.4244,0.3518,0.7018,0.7329,0.1097,1
30.0,94.5,30.0,94.5,2025-09-17,12,0.0,0.0,0.0,0.0,0.0,0.0001,0.0,0.05,0.05,0.0,0.1042,0.0,0
31.4825,77.44805556,31.5,77.5,2025-06-15,12,0.7846,0.0,2.7123401165008545,2.7123401165008545,2.3054890632629395,7.207325851477644e-05,-0.38747715950012207,0.0602,0.0611,0.0258,0.1273,0.0,1
26.477778704369424,87.66622220896107,26.5,87.75,2025-07-12,12,0.0409,0.0,0.8268269300460815,20.294015884399414,7.7519307136535645,2.5646647344413057e-05,-2.8991451263427734,0.083,0.1421,0.2142,0.296,0.0,0
7.25,69.75,7.25,69.75,2025-03-24,12,0.0,0.0,0.0,0.0,0.0,0.0001,0.0,0.05,0.05,0.0,0.1042,0.0,0
26.28600167162267,81.75054386885536,26.25,81.75,2025-08-15,12,0.0216,2.4247095584869385,34.840965270996094,136.2191925048828,62.383419036865234,0.11851530938376072,-17.03517508506775,0.2329,0.3954,0.8032,0.8237,0.4125,0
30.165949,78.617681,30.25,78.5,2025-02-16,12,0.7335,0.0,0.0,0.0,0.0,0.0001,0.0,0.05,0.05,0.0,0.1042,0.0,0
26.881874,88.184536,27.0,88.25,2025-02-06,12,1.0,0.0,0.281745046377182,0.281745046377182,0.2394832968711853,9.61308031991953e-05,-0.04024929233959743,0.0511,0.0511,0.0025,0.1064,0.0,0
26.131993868723168,80.61929244848228,26.25,80.5,2025-08-04,12,0.1149,5.980356693267822,33.09574508666992,68.99967193603516,39.641151428222656,0.5508339152846444,-3.8767392975943427,0.1849,0.2876,0.5526,0.5992,0.0,0
18.63087,73.41815,18.75,73.5,2025-02-14,12,0.4188,0.0,0.0,0.0,0.0,0.0001,0.0,0.05,0.05,0.0,0.1042,0.0,0
22.404215,92.951647,22.5,93.0,2025-05-31,12,0.7013,54.579010009765625,73.99465942382812,179.4389190673828,101.87033081054688,2.0492168265054005,28.944878714425222,0.4163,0.4072,0.8306,0.8483,0.4943,1
27.105007,88.234628,27.0,88.25,2025-01-10,12,1.0,0.0,0.6239730715751648,0.6239730715751648,0.5303771495819092,9.181564434033018e-05,-0.08913901022502355,0.0524,0.0524,0.0056,0.1092,0.0,0
23.186501,92.735632,23.25,92.75,2025-02-08,12,0.8145,0.0,0.0,0.0,0.0,0.0001,0.0,0.05,0.05,0.0,0.1042,0.0,0
22.53726608220943,86.46119185555112,22.5,86.5,2025-07-12,12,0.0475,5.045320987701416,84.08477783203125,138.72496032714844,82.81867980957031,0.2423603124311862,-14.772530487605504,0.2641,0.397,0.807,0.8271,0.4236,0
23.264044556491577,85.58773562253938,23.25,85.5,2025-07-12,12,0.0664,10.136701583862305,78.1095962524414,125.8436050415039,83.22148132324219,0.5341439737717677,-7.840956279209681,0.2646,0.3826,0.7735,0.7971,0.3237,0
30.65568,79.028241,30.75,79.0,2025-11-09,12,0.5757,0.0,0.0,0.0,0.0,0.0001,0.0,0.05,0.05,0.0,0.1042,0.0,0
11.3339,76.7981,11.25,76.75,2025-12-06,12,0.6801,1.0662078857421875,3.1699647903442383,3.4286627769470215,2.549591064453125,0.7157346401779456,0.5763989176068987,0.0658,0.0644,0.0336,0.1342,0.0,0
24.790670790641073,85.64093000212982,24.75,85.75,2025-07-14,12,0.0502,18.126466751098633,11.82324504852295,18.31170654296875,10.859258651733398,5.012936091143867,15.510508673531668,0.252,0.1339,0.1951,0.2789,0.0,0
31.0,99.75,31.0,99.75,2025-09-08,12,0.0,0.0,0.0,0.0,0.0,0.0001,0.0,0.05,0.05,0.0,0.1042,0.0,0
23.687271394821146,86.7068845545744,23.75,86.75,2025-08-23,12,0.0474,63.466339111328125,13.643465042114258,26.8562068939209,14.37558364868164,13.122115988104609,59.62973812648228,0.4334,0.1673,0.2727,0.3485,0.0,0
13.43196028,75.25642278,13.5,75.25,2025-11-24,12,0.4707,3.275329351425171,0.0,0.0,0.0,3.275429351425171,3.275329351425171,0.0966,0.05,0.0,0.1042,0.0,0
25.23918519304113,85.12071992247931,25.25,85.0,2025-08-22,12,0.0303,13.92712688446045,2.402770519256592,37.74422073364258,12.826582908630371,2.178842017868048,8.535095351082937,0.2159,0.2057,0.362,0.4285,0.0,0
27.14063392,88.51740516,27.25,88.5,2025-06-19,12,1.0,23.894262313842773,38.77677536010742,56.94659423828125,33.75251770019531,2.6156285286069214,15.759034565516881,0.2937,0.2224,0.401,0.4634,0.0,1
27.00483333,88.11677778,27.0,88.0,2025-02-05,12,0.7464,0.0,0.0,1.5230066776275635,0.6757661700248718,8.213064080278883e-05,-0.21757238251822336,0.053,0.0563,0.0148,0.1174,0.0,0
30.8956471,78.302375,31.0,78.25,2025-06-29,12,0.7519,21.180837631225586,40.735328674316406,46.57518005371094,33.622249603271484,2.7674487191631805,14.527240480695452,0.2751,0.2069,0.3648,0.431,0.0,1
30.8941936,78.3213772,31.0,78.25,2025-06-29,12,0.7015,21.180837631225586,40.735328674316406,46.57518005371094,33.622249603271484,2.7674487191631805,14.527240480695452,0.2751,0.2088,0.3693,0.435,0.0,1
11.4508,76.89,11.5,77.0,2025-10-16,12,0.6772,15.115616798400879,15.303007125854492,44.209354400634766,23.298730850219727,2.0662244003508583,8.79999474116734,0.2267,0.2033,0.3564,0.4235,0.0,1
25.339023416132033,83.93221570107384,25.25,84.0,2025-07-24,12,0.0441,0.0,1.0060982704162598,72.23033905029297,26.590147018432617,8.834999425607173e-06,-10.318619864327568,0.149,0.2975,0.5757,0.6199,0.0,0
22.70563059149661,78.00789511093218,22.75,78.0,2025-08-02,12,0.0314,5.018783092498779,165.27076721191406,317.3478698730469,169.3253631591797,0.10831636311113298,-40.31662688936506,0.3273,0.4702,0.9771,0.9795,0.9317,0
16.25,98.0,16.25,98.0,2025-01-04,12,0.0,0.0,0.0,0.0,0.0,0.0001,0.0,0.05,0.05,0.0,0.1042,0.0,0
25.75,82.0,25.75,82.0,2025-09-06,12,0.0,7.67421293258667,15.938668251037598,63.13847732543945,29.61751937866211,0.7659161216010916,-1.3455695424761096,0.158,0.2784,0.5312,0.5801,0.0,0
18.71317,73.46003,18.75,73.5,2025-08-20,12,0.5417,34.448265075683594,54.76236343383789,70.17373657226562,47.143959045410156,3.124619413807735,24.423445565359934,0.3512,0.2724,0.5171,0.5674,0.0,1
23.238785,92.744224,23.25,92.75,2025-01-13,12,0.8145,0.0,0.0,0.0,0.0,0.0001,0.0,0.05,0.05,0.0,0.1042,0.0,0
28.75,67.25,28.75,67.25,2025-10-04,12,0.0,0.0,0.0,0.0,0.0,0.0001,0.0,0.05,0.05,0.0,0.1042,0.0,0
38.5,86.0,38.5,86.0,2025-12-09,12,0.0,0.0,0.0,0.0,0.0,0.0001,0.0,0.05,0.05,0.0,0.1042,0.0,0
27.301468,93.053244,27.25,93.0,2025-09-03,12,0.6181,0.0,64.9583511352539,107.13155364990234,60.542945861816406,6.133273206349618e-06,-15.304507664271764,0.2296,0.335,0.6627,0.6979,0.0,1
23.134009,92.746247,23.25,92.75,2025-05-31,12,1.0,58.45155715942383,51.10498046875,134.1341552734375,75.67455291748047,2.8990969572407543,39.28953497750419,0.4244,0.3514,0.701,0.7321,0.1071,1
23.319156,92.857722,23.25,92.75,2025-05-31,12,0.933,58.45155715942383,51.10498046875,134.1341552734375,75.67455291748047,2.8990969572407543,39.28953497750419,0.4244,0.3548,0.7089,0.7392,0.1308,1
23.170205,92.73929,23.25,92.75,2025-08-01,12,0.9778,1.392492413520813,31.539926528930664,89.17615509033203,44.02175521850586,0.10135721151973572,-11.346958313669477,0.1955,0.2884,0.5545,0.6009,0.0,1
31.16436666,76.7617555,31.25,76.75,2025-08-07,12,0.9498,43.344539642333984,22.5534725189209,89.75587463378906,51.27471923828125,3.1358558707129944,30.522271837506977,0.3857,0.2909,0.5602,0.606,0.0,1
23.180969,92.488193,23.25,92.5,2025-06-01,12,0.8572,89.12710571289062,83.58097076416016,163.79278564453125,103.04899597167969,3.652908626297186,65.72813633510044,0.461,0.3882,0.7865,0.8088,0.3626,1
14.9025033,74.56196438,15.0,74.5,2025-06-15,12,0.5327,10.912813186645508,33.03582763671875,38.74037170410156,29.819055557250977,1.6700868283426866,5.378474371773856,0.1865,0.1926,0.3317,0.4013,0.0,1
23.067473,92.767201,23.0,92.75,2025-02-12,12,0.6896,0.0,0.0,0.0,0.0,0.0001,0.0,0.05,0.05,0.0,0.1042,0.0,0
23.307524,92.857678,23.25,92.75,2025-01-14,12,0.8145,0.0,0.0,0.0,0.0,0.0001,0.0,0.05,0.05,0.0,0.1042,0.0,0
33.37626944,74.39621944,33.5,74.5,2025-02-01,12,0.4169,0.0,0.0,0.0,0.0,0.0001,0.0,0.05,0.05,0.0,0.1042,0.0,0
22.295885359317708,84.32802610661507,22.25,84.25,2025-07-13,12,0.0373,3.618399143218994,47.64781951904297,148.9893341064453,77.06043243408203,0.16237965337584176,-17.66579144341605,0.2563,0.4068,0.8299,0.8476,0.492,0
23.19796,92.543304,23.25,92.5,2025-06-01,12,0.7592,89.12710571289062,83.58097076416016,163.79278564453125,103.04899597167969,3.652908626297186,65.72813633510044,0.461,0.3925,0.7966,0.8178,0.3925,1
33.24725556,75.21641389,33.25,75.25,2025-02-26,12,0.6662,0.0,0.0,54.65865707397461,27.576087951660156,1.1352825916402609e-05,-7.808379581996372,0.152,0.2311,0.4211,0.4814,0.0,0
18.41885,73.85771,18.5,73.75,2025-01-21,12,0.4299,0.0,0.0,0.0,0.0,0.0001,0.0,0.05,0.05,0.0,0.1042,0.0,0
25.891859522727458,84.08571593173974,26.0,84.0,2025-07-05,12,0.1228,0.6885663866996765,7.851949214935303,20.353307723999023,11.78884220123291,0.1762369931833955,-2.219049002443041,0.0988,0.1406,0.2108,0.293,0.0,0
30.1170879,79.4067912,30.0,79.5,2025-08-23,12,0.8406,2.6254043579101562,23.894840240478516,101.09667205810547,52.052425384521484,0.17001939241470856,-11.816977364676339,0.2131,0.3151,0.6164,0.6564,0.0,1
19.09576,73.74714,19.0,73.75,2025-08-20,12,0.5003,11.594109535217285,0.10384190082550049,1.9995180368423462,0.6959758996963501,9.018201465263951,11.308464101382665,0.1934,0.0589,0.0208,0.1228,0.0,1
27.213127,92.652213,27.25,92.75,2025-08-18,12,0.4542,0.471985787153244,30.20199966430664,148.65496826171875,71.6920166015625,0.021230292530825888,-20.76443825023515,0.2483,0.3915,0.7943,0.8157,0.3857,1
23.5,99.25,23.5,99.25,2025-06-18,12,0.0,0.0,0.0,0.0,0.0,0.0001,0.0,0.05,0.05,0.0,0.1042,0.0,0
31.09277778,77.20638889,31.0,77.25,2025-11-22,12,1.0,0.0,0.0,0.0,0.0,0.0001,0.0,0.05,0.05,0.0,0.1042,0.0,1
30.165949,78.617681,30.25,78.5,2025-11-02,12,0.7335,0.0,0.0,0.0,0.0,0.0001,0.0,0.05,0.05,0.0,0.1042,0.0,0
30.165052,78.617504,30.25,78.5,2025-09-17,12,0.9579,19.871248245239258,47.9261474609375,48.45663833618164,40.93729782104492,2.5082558534010886,12.948871340070452,0.2655,0.2037,0.3574,0.4243,0.0,1
21.5,75.75,21.5,75.75,2025-04-18,12,0.0,0.0,0.0,0.0,0.0,0.0001,0.0,0.05,0.05,0.0,0.1042,0.0,0
22.40839882433177,80.17724898798902,22.5,80.25,2025-08-06,12,0.1281,5.274878025054932,14.556124687194824,33.655635833740234,17.28430938720703,0.9082343792724668,0.4669300488063266,0.1225,0.1891,0.3236,0.394,0.0,0
11.5,93.0,11.5,93.0,2025-07-16,12,0.0,0.0,0.0,0.0,0.0,0.0001,0.0,0.05,0.05,0.0,0.1042,0.0,0
24.24675658364773,85.08579125064999,24.25,85.0,2025-08-20,12,0.1038,0.11572486162185669,1.933733582496643,6.1531500816345215,3.508575916290283,0.06164105376438032,-0.7632965786116463,0.0654,0.0798,0.0694,0.1663,0.0,0
25.115689268739125,81.56067299119145,25.0,81.5,2025-08-15,12,0.0504,0.5271281003952026,4.0173420906066895,33.315650939941406,14.983668327331543,0.09154253042483015,-4.232250605310712,0.1106,0.1902,0.3262,0.3963,0.0,0
23.123927,92.739604,23.0,92.75,2025-11-10,12,0.6896,0.0,5.248526573181152,60.630958557128906,31.495458602905273,1.0350289496617134e-05,-8.661565508161273,0.1633,0.2445,0.4524,0.5094,0.0,0
7.0,68.75,7.0,68.75,2025-08-16,12,0.0,0.0,0.0,0.0,0.0,0.0001,0.0,0.05,0.05,0.0,0.1042,0.0,0
24.752358885514703,85.90014841559882,24.75,86.0,2025-08-11,12,0.146,1.5566253662109375,0.6499500274658203,36.67048645019531,15.050887107849121,0.24952956674536486,-3.6820155552455356,0.1108,0.1986,0.3456,0.4137,0.0,0
27.0624,88.092965,27.0,88.0,2025-11-17,12,0.7464,0.0,0.0,0.0,0.0,0.0001,0.0,0.05,0.05,0.0,0.1042,0.0,0
30.2884,79.119438,30.25,79.0,2025-08-06,12,0.9815,22.54403305053711,7.2071332931518555,76.31845092773438,33.86737823486328,1.8940454316731614,11.641397203717913,0.2847,0.2646,0.499,0.5512,0.0,1
23.311529,92.85443,23.25,92.75,2025-03-22,12,0.8145,0.0,0.9832902550697327,0.9832902550697327,0.7104272246360779,8.768314537423589e-05,-0.14047003643853323,0.0532,0.054,0.0094,0.1125,0.0,0
24.529827815100013,80.22353019210314,24.5,80.25,2025-07-15,12,0.0383,0.0,72.99391174316406,110.42340087890625,70.22427368164062,5.961333045717865e-06,-15.774771554129464,0.246,0.3643,0.7308,0.7589,0.1962,0
23.050965,92.772524,23.0,92.75,2025-02-09,12,0.6896,0.0,0.0,0.0,0.0,0.0001,0.0,0.05,0.05,0.0,0.1042,0.0,0
25.673809056776722,80.52143955838943,25.75,80.5,2025-07-12,12,0.0298,17.14454460144043,4.959521770477295,52.2681770324707,22.906911849975586,2.0249064205962144,9.677662168230329,0.244,0.2493,0.4634,0.5193,0.0,0
23.32201,92.85822,23.25,92.75,2025-05-31,12,1.0,58.45155715942383,51.10498046875,134.1341552734375,75.67455291748047,2.8990969572407543,39.28953497750419,0.4244,0.3514,0.701,0.7321,0.1071,1
22.73926218931192,87.40876267494708,22.75,87.5,2025-07-03,12,0.0938,0.5306494235992432,64.26380920410156,99.19523620605469,64.2799072265625,0.034985052982846314,-13.64009860583714,0.2362,0.3455,0.6873,0.7199,0.0662,0
34.25,98.0,34.25,98.0,2025-05-19,12,0.0,0.0,0.0,0.0,0.0,0.0001,0.0,0.05,0.05,0.0,0.1042,0.0,0
25.285594195306366,81.65093920231806,25.25,81.75,2025-08-09,12,0.1105,12.870623588562012,0.7895703911781311,26.806900024414062,12.219005584716797,2.6649904325705944,9.041066442217145,0.2059,0.1655,0.2686,0.3448,0.0,0
29.5,70.75,29.5,70.75,2025-06-06,12,0.0,0.0,0.0,0.0,0.0,0.0001,0.0,0.05,0.05,0.0,0.1042,0.0,0
26.397313467559464,82.10023786741743,26.5,82.0,2025-08-01,12,0.0292,13.043000221252441,37.42832565307617,61.121456146240234,39.61154556274414,1.3402781842003568,4.311363628932408,0.2076,0.2724,0.5172,0.5675,0.0,0
23.4785,92.7043,23.5,92.75,2025-06-01,12,1.0,78.49111938476562,85.5191650390625,162.49270629882812,103.1691665649414,3.24166477538366,55.27787562779018,0.4524,0.3804,0.7683,0.7925,0.3082,1
23.1739,92.611378,23.25,92.5,2025-06-01,12,0.7399,89.12710571289062,83.58097076416016,163.79278564453125,103.04899597167969,3.652908626297186,65.72813633510044,0.461,0.3934,0.7985,0.8195,0.3983,1
8.75,81.0,8.75,81.0,2025-11-09,12,0.0,0.0,0.0,0.0,0.0,0.0001,0.0,0.05,0.05,0.0,0.1042,0.0,0
35.5,85.0,35.5,85.0,2025-08-04,12,0.0,0.0,0.0,0.0,0.0,0.0001,0.0,0.05,0.05,0.0,0.1042,0.0,0
9.25,74.5,9.25,74.5,2025-04-08,12,0.0,0.0,0.0,0.0,0.0,0.0001,0.0,0.05,0.05,0.0,0.1042,0.0,0
30.4525,79.428611,30.5,79.5,2025-03-05,12,0.5441,10.628256797790527,74.52658081054688,154.1275177001953,86.84103393554688,0.46173675760936467,-11.389960016523087,0.2692,0.393,0.7977,0.8188,0.3959,0
17.75,80.0,17.75,80.0,2025-11-01,12,0.0,0.0,104.67204284667969,141.9030303955078,99.88245391845703,4.701046030699977e-06,-20.271861485072545,0.2837,0.4017,0.8178,0.8368,0.456,0
32.63833333,76.85222222,32.75,76.75,2025-09-28,12,0.6179,0.0,0.0,5.995400905609131,1.9219881296157837,5.3865210091199497e-05,-0.8564858436584473,0.0586,0.0754,0.059,0.157,0.0,1
21.25,91.0,21.25,91.0,2025-06-11,12,0.0,0.0,0.0,0.0,0.0,0.0001,0.0,0.05,0.05,0.0,0.1042,0.0,0
24.365715,92.930137,24.25,93.0,2025-06-01,12,0.7482,76.155029296875,74.09232330322266,96.83547973632812,68.25001525878906,5.133947533461613,62.32138933454241,0.4501,0.3128,0.6112,0.6517,0.0,1
32.47164722,76.29880556,32.5,76.25,2025-07-10,12,0.7593,2.8651211261749268,4.445403099060059,11.456493377685547,5.731392860412598,1.0866933101969118,1.2284792150769914,0.091,0.0953,0.1054,0.1986,0.0,1
23.760466,92.848969,23.75,92.75,2025-05-31,12,0.9847,58.55056381225586,40.23189926147461,110.89724731445312,63.86487579345703,3.4763716373515923,42.70809991019112,0.4246,0.3223,0.6333,0.6715,0.0,1
12.0,92.75,12.0,92.75,2025-01-06,12,0.0,0.0,0.0,0.0,0.0,0.0001,0.0,0.05,0.05,0.0,0.1042,0.0,0
14.5,73.25,14.5,73.25,2025-11-20,12,0.0003,0.0,0.0,0.0,0.0,0.0001,0.0,0.05,0.05,0.0,0.1042,0.0,0
26.25,76.75,26.25,76.75,2025-06-14,12,0.0,0.0,0.0,5.539102077484131,2.0746607780456543,5.582536896776339e-05,-0.7913002967834473,0.0592,0.0777,0.0643,0.1618,0.0,0
14.805966,74.135763,14.75,74.25,2025-06-01,12,0.6357,2.6553831100463867,177.81832885742188,352.4228515625,206.19580078125,0.05171730648042109,-47.69073854173933,0.3373,0.4677,0.9715,0.9744,0.9148,1
24.615715103485826,84.99689909058708,24.5,85.0,2025-08-18,12,0.0929,0.0,23.506019592285156,36.188880920410156,20.505863189697266,1.6207875385564687e-05,-5.169840131487165,0.1297,0.1986,0.3457,0.4139,0.0,0
19.25,82.0,19.25,82.0,2025-08-09,12,0.0,63.292686462402344,1.9362683296203613,10.551729202270508,5.2109150886535645,25.242498908854127,61.7852965763637,0.4331,0.1011,0.1189,0.2107,0.0,0
18.38631,73.38888,18.5,73.5,2025-08-20,12,0.5335,45.64247131347656,19.372501373291016,25.442676544189453,16.85995864868164,9.848077693563747,42.00780323573521,0.393,0.15,0.2325,0.3124,0.0,1
11.2643,76.6583,11.25,76.75,2025-10-19,12,0.8657,8.852898597717285,37.709163665771484,49.19961166381836,28.44532012939453,1.1026942775819621,1.824382645743234,0.1646,0.2093,0.3704,0.436,0.0,1
11.25,94.25,11.25,94.25,2025-06-27,12,0.0,0.0,0.0,0.0,0.0,0.0001,0.0,0.05,0.05,0.0,0.1042,0.0,0
23.700835,92.877449,23.75,93.0,2025-02-11,12,0.8092,0.0,0.0,0.0,0.0,0.0001,0.0,0.05,0.05,0.0,0.1042,0.0,0
26.11998825939989,80.04087661155761,26.0,80.0,2025-08-27,12,0.1241,12.688070297241211,54.732059478759766,59.080894470214844,44.07258605957031,1.344067643041995,4.247942515781947,0.2042,0.2637,0.4969,0.5493,0.0,0
27.08242577,88.44852891,27.0,88.5,2025-03-25,12,1.0,0.5355119705200195,10.479721069335938,10.479721069335938,8.530109405517578,0.2144933422431651,-0.9615910393851144,0.0862,0.0887,0.09,0.1848,0.0,0
22.893144383771496,81.37747996734848,23.0,81.5,2025-07-19,12,0.0861,12.076371192932129,57.80744934082031,125.85099792480469,67.05243682861328,0.6363166229159447,-5.902342796325684,0.2409,0.3819,0.7718,0.7956,0.3187,0
16.25,79.0,16.25,79.0,2025-11-01,12,0.0,0.0,132.083251953125,154.96286010742188,104.71330261230469,4.321978505045694e-06,-22.13755144391741,0.2884,0.413,0.8443,0.8605,0.5349,0
23.13488,92.747567,23.25,92.75,2025-06-07,12,1.0,0.7042047381401062,42.76567459106445,347.9728698730469,156.7843475341797,0.013888760481171322,-49.006205243723734,0.3223,0.4612,0.9564,0.9609,0.8697,1
23.157803,92.743652,23.25,92.75,2025-02-16,12,0.8145,0.0,0.0,0.0,0.0,0.0001,0.0,0.05,0.05,0.0,0.1042,0.0,0
30.1185406,78.3736998,30.0,78.25,2025-03-01,12,0.5394,7.1203789710998535,0.0,1.0187872648239136,0.3265998661518097,6.215821813399048,6.974837933267866,0.1449,0.0545,0.0105,0.1136,0.0,0
27.296928,93.088111,27.25,93.0,2025-09-23,12,0.4634,0.0,9.179302215576172,78.9227294921875,33.010562896728516,8.146854786120911e-06,-11.274675641741071,0.1675,0.2939,0.5671,0.6122,0.0,1
16.0,67.25,16.0,67.25,2025-03-24,12,0.0,0.0,0.0,0.0,0.0,0.0001,0.0,0.05,0.05,0.0,0.1042,0.0,0
33.279,75.004,33.25,75.0,2025-09-01,12,0.7749,1.1624692678451538,37.660430908203125,350.57855224609375,175.53463745117188,0.02275859338821678,-48.92018105302538,0.3294,0.4655,0.9664,0.9699,0.8995,1
31.75,95.75,31.75,95.75,2025-02-26,12,0.0,0.0,0.0,0.0,0.0,0.0001,0.0,0.05,0.05,0.0,0.1042,0.0,0
23.715133562950122,87.88124075954636,23.75,88.0,2025-08-09,12,0.0433,7.382094383239746,36.4055290222168,196.83926391601562,94.07015228271484,0.2535103379492634,-20.737800461905344,0.2776,0.4384,0.9033,0.9134,0.7113,0
26.238016,91.945953,26.25,92.0,2025-03-12,12,0.4132,0.0,0.0,0.0,0.0,0.0001,0.0,0.05,0.05,0.0,0.1042,0.0,0
31.437986,76.42395,31.5,76.5,2025-09-01,12,0.6816,12.38310718536377,62.103370666503906,237.46255493164062,110.89205169677734,0.3545837534169006,-21.54011494772775,0.294,0.4396,0.906,0.9158,0.7192,1
22.227750779826764,81.00227111541386,22.25,81.0,2025-08-02,12,0.0731,1.410386323928833,27.7130126953125,101.58394622802734,47.66848373413086,0.09092876627238787,-13.101605994360787,0.2038,0.3501,0.6978,0.7293,0.0977,0
24.271391983949112,82.51565586605575,24.25,82.5,2025-08-12,12,0.1479,0.0,47.0290641784668,78.05882263183594,46.54026412963867,8.229598980341435e-06,-11.151260375976562,0.2012,0.3055,0.5943,0.6365,0.0,0
23.486306,93.220639,23.5,93.25,2025-01-18,12,0.6431,0.0,0.0,0.0,0.0,0.0001,0.0,0.05,0.05,0.0,0.1042,0.0,0
12.0,83.25,12.0,83.25,2025-04-04,12,0.0,0.0,0.0,0.0,0.0,0.0001,0.0,0.05,0.05,0.0,0.1042,0.0,0
8.5,89.75,8.5,89.75,2025-04-21,12,0.0,0.0,0.0,0.0,0.0,0.0001,0.0,0.05,0.05,0.0,0.1042,0.0,0
26.166185,91.7147,26.25,91.75,2025-11-06,12,0.4187,0.0,6.156628608703613,18.460721969604492,9.464844703674316,2.7493328776602395e-05,-2.6372459956577847,0.0898,0.1274,0.1799,0.2653,0.0,0
22.730482827706602,86.23003574446935,22.75,86.25,2025-08-11,12,0.1048,0.0,99.6974105834961,114.46673583984375,76.24687194824219,5.762894632510449e-06,-16.352390834263392,0.2551,0.3671,0.7375,0.7649,0.2162,0
33.24827222,75.21343056,33.25,75.25,2025-04-20,12,0.7398,14.507017135620117,16.975112915039062,36.83643341064453,18.63160514831543,2.316562093408861,9.24466950552804,0.2212,0.1801,0.3025,0.3752,0.0,1
26.841039638516833,87.22930078100606,26.75,87.25,2025-07-18,12,0.0788,0.0,0.0,0.0,0.0,0.0001,0.0,0.05,0.05,0.0,0.1042,0.0,0
23.069585,92.765797,23.0,92.75,2025-05-31,12,0.8026,53.935569763183594,68.70054626464844,172.9530029296875,97.56214904785156,2.098046057557617,29.22799791608538,0.4149,0.3982,0.8097,0.8295,0.4317,1
27.06327778,88.09102778,27.0,88.0,2025-02-05,12,0.7464,0.0,0.0,1.5230066776275635,0.6757661700248718,8.213064080278883e-05,-0.21757238251822336,0.053,0.0563,0.0148,0.1174,0.0,0
30.059677,78.485091,30.0,78.5,2025-03-27,12,0.659,0.0,0.0,0.0,0.0,0.0001,0.0,0.05,0.05,0.0,0.1042,0.0,0
23.5266,93.192968,23.5,93.25,2025-03-10,12,0.6431,0.0,0.0,0.0,0.0,0.0001,0.0,0.05,0.05,0.0,0.1042,0.0,0
23.135813,92.74814,23.25,92.75,2025-07-01,12,0.9729,39.7066535949707,0.5415206551551819,49.990272521972656,23.749649047851562,4.877100299136701,32.565186091831755,0.3729,0.2069,0.3649,0.4311,0.0,1
23.300837,92.855693,23.25,92.75,2025-05-31,12,0.9009,58.45155715942383,51.10498046875,134.1341552734375,75.67455291748047,2.8990969572407543,39.28953497750419,0.4244,0.3564,0.7127,0.7426,0.142,1
30.50230556,78.01522222,30.5,78.0,2025-09-16,12,0.83,10.040139198303223,69.03314208984375,70.52787017822266,52.23766326904297,0.9065343111652313,-0.03527082715715757,0.2135,0.2601,0.4887,0.5419,0.0,1
26.48881788759594,83.19443017554433,26.5,83.25,2025-07-10,12,0.1319,0.2765485942363739,0.0,14.693949699401855,6.757595062255859,0.08926637087703819,-1.8225870771067485,0.079,0.1174,0.1568,0.2446,0.0,0
19.75,75.75,19.75,75.75,2025-10-16,12,0.0,0.0,0.0,0.0,0.0,0.0001,0.0,0.05,0.05,0.0,0.1042,0.0,0
22.67360222545332,82.07991483469587,22.75,82.0,2025-08-26,12,0.1262,3.7926509380340576,83.61653137207031,129.65956115722656,86.11074829101562,0.19427295347226775,-14.730143512998307,0.2683,0.3847,0.7784,0.8015,0.3383,0
33.737804,74.179732,33.75,74.25,2025-07-20,12,0.6079,0.0,36.6805419921875,52.15821838378906,34.642723083496094,1.1832675478134731e-05,-7.451174054827009,0.172,0.2271,0.4119,0.4731,0.0,1
12.75297,75.274733,12.75,75.25,2025-05-31,12,0.5944,122.31317138671875,313.42138671875,607.1717529296875,360.6886291503906,1.394061018962315,35.57434953962054,0.4741,0.4791,0.998,0.9982,0.994,1
23.099615,92.752199,23.0,92.75,2025-11-14,12,0.6896,0.0,0.0,5.248526573181152,1.7068402767181396,5.714973109767259e-05,-0.7497895104544503,0.0576,0.0718,0.0508,0.1497,0.0,0
23.235716,92.744499,23.25,92.75,2025-02-14,12,0.8145,0.0,0.0,0.0,0.0,0.0001,0.0,0.05,0.05,0.0,0.1042,0.0,0
23.350187,92.778852,23.25,92.75,2025-05-30,12,0.9019,25.781877517700195,70.82451629638672,121.74378967285156,67.5400161743164,1.4018062003806169,8.389907564435685,0.3056,0.3413,0.6775,0.7111,0.0368,1
30.661636,79.034019,30.75,79.0,2025-11-25,12,0.5757,0.0,0.0,0.0,0.0,0.0001,0.0,0.05,0.05,0.0,0.1042,0.0,0
12.858072,75.226282,12.75,75.25,2025-01-12,12,0.4204,0.0,0.0,0.0,0.0,0.0001,0.0,0.05,0.05,0.0,0.1042,0.0,0
25.25,84.25,25.25,84.25,2025-08-21,12,0.0,0.0,17.199838638305664,68.80142974853516,30.79859161376953,9.234654310904042e-06,-9.828775678362165,0.1614,0.2917,0.562,0.6077,0.0,0
25.133293195456705,84.84773158279198,25.25,84.75,2025-08-16,12,0.1222,0.23941874504089355,72.55669403076172,81.89447784423828,58.02345275878906,0.01886091527782033,-11.459792375564575,0.2249,0.3141,0.6143,0.6545,0.0,0
22.036959507221464,83.09135412921599,22.0,83.0,2025-07-24,12,0.1326,1.4992458820343018,33.983787536621094,52.15705108642578,31.934406280517578,0.1774162332552171,-5.951761416026524,0.1646,0.2452,0.454,0.5109,0.0,0
11.0,73.25,11.0,73.25,2025-04-13,12,0.0,0.0,0.0,0.0,0.0,0.0001,0.0,0.05,0.05,0.0,0.1042,0.0,0
24.07746698347957,82.02776134348333,24.0,82.0,2025-08-06,12,0.0916,3.8365042209625244,90.00286102294922,90.18760681152344,71.6920394897461,0.27633389099517736,-9.04743960925511,0.2483,0.3306,0.6527,0.6888,0.0,0
13.717658,74.993973,13.75,75.0,2025-02-11,12,0.4848,0.0,0.0,0.0,0.0,0.0001,0.0,0.05,0.05,0.0,0.1042,0.0,0
23.131844,92.744715,23.25,92.75,2025-08-01,12,1.0,1.392492413520813,31.539926528930664,89.17615509033203,44.02175521850586,0.10135721151973572,-11.346958313669477,0.1955,0.2873,0.5518,0.5985,0.0,1
23.745802,92.717053,23.75,92.75,2025-11-20,12,0.8587,0.0,0.0,0.0,0.0,0.0001,0.0,0.05,0.05,0.0,0.1042,0.0,0
23.646896346510378,84.93377538518853,23.75,85.0,2025-08-22,12,0.0595,3.9959657192230225,17.986608505249023,25.21471405029297,16.312667846679688,0.8683131562456556,0.39386371203831283,0.1153,0.1608,0.2578,0.3351,0.0,0
23.7002691,92.7181685,23.75,92.75,2025-05-13,12,0.9883,26.641305923461914,10.380512237548828,21.814687728881836,12.126815795898438,6.472041037505638,23.52492196219308,0.3108,0.1269,0.1789,0.2644,0.0,1
9.75,83.5,9.75,83.5,2025-02-10,12,0.0,0.0,0.0,0.0,0.0,0.0001,0.0,0.05,0.05,0.0,0.1042,0.0,0
23.284565,92.857096,23.25,92.75,2025-05-31,12,1.0,58.45155715942383,51.10498046875,134.1341552734375,75.67455291748047,2.8990969572407543,39.28953497750419,0.4244,0.3514,0.701,0.7321,0.1071,1
27.216933,93.066329,27.25,93.0,2025-12-14,12,0.4062,0.0,0.0,0.0,0.0,0.0001,0.0,0.05,0.05,0.0,0.1042,0.0,0
33.0,79.0,33.0,79.0,2025-08-07,12,0.0154,0.0,0.0,0.0,0.0,0.0001,0.0,0.05,0.05,0.0,0.1042,0.0,0
30.109722,79.429167,30.0,79.5,2025-01-17,12,0.677,0.0,0.3436017632484436,3.0139319896698,1.6049435138702393,6.99026117535158e-05,-0.4305617128099714,0.0572,0.0627,0.0296,0.1307,0.0,0
6.75,77.0,6.75,77.0,2025-05-18,12,0.0,0.0,0.0,0.0,0.0,0.0001,0.0,0.05,0.05,0.0,0.1042,0.0,0
23.131844,92.744715,23.25,92.75,2025-03-17,12,0.8145,0.0,0.0,0.0,0.0,0.0001,0.0,0.05,0.05,0.0,0.1042,0.0,0
16.5,69.0,16.5,69.0,2025-02-18,12,0.0,0.0,0.0,0.0,0.0,0.0001,0.0,0.05,0.05,0.0,0.1042,0.0,0
27.296928,93.088111,27.25,93.0,2025-11-07,12,0.4062,0.0,2.288651466369629,34.55361557006836,15.757640838623047,1.6845706213449684e-05,-4.936230795724051,0.1134,0.1837,0.311,0.3828,0.0,0
31.75,92.75,31.75,92.75,2025-01-14,12,0.0,0.0,0.0,0.0,0.0,0.0001,0.0,0.05,0.05,0.0,0.1042,0.0,0
24.649851705107103,84.78391885503014,24.75,84.75,2025-08-14,12,0.0393,2.0281057357788086,0.0,8.323413848876953,3.665752410888672,0.9265193964262857,0.8390466145106725,0.0795,0.0905,0.0942,0.1885,0.0,0
23.132035,92.745362,23.25,92.75,2025-06-01,12,0.9963,99.3125228881836,87.32789611816406,173.41844177246094,108.7843017578125,3.853200112957625,74.53845977783203,0.4667,0.3899,0.7904,0.8123,0.3742,1
22.09521704637146,85.3245462913373,22.0,85.25,2025-07-10,12,0.1054,13.227884292602539,67.89994812011719,113.12495422363281,67.72315979003906,0.7708297634464437,-2.9328234536307214,0.242,0.3653,0.7333,0.7611,0.2037,0
18.33617,73.67298,18.25,73.75,2025-08-19,12,0.6804,3.394188404083252,13.881720542907715,15.952040672302246,12.12959098815918,1.0352028897045116,1.1153254508972168,0.1001,0.1132,0.1469,0.2358,0.0,1
12.88729444,75.72225833,13.0,75.75,2025-06-23,12,0.67,0.6961432099342346,7.053515434265137,52.60932159423828,23.780351638793945,0.08176074377620034,-6.819474160671234,0.1403,0.2258,0.4088,0.4704,0.0,1
30.165949,78.617681,30.25,78.5,2025-09-17,12,0.8329,19.871248245239258,47.9261474609375,48.45663833618164,40.93729782104492,2.5082558534010886,12.948871340070452,0.2655,0.2087,0.369,0.4347,0.0,1
24.791125,93.72522,24.75,93.75,2025-11-27,12,0.5365,0.0,0.0,0.0,0.0,0.0001,0.0,0.05,0.05,0.0,0.1042,0.0,0
12.812253,74.892171,12.75,75.0,2025-06-16,12,0.5626,96.7623062133789,140.0220184326172,167.98486328125,116.16680908203125,3.87083105814119,72.76446860177177,0.4655,0.4039,0.8231,0.8415,0.4718,1
38.5,82.75,38.5,82.75,2025-08-22,12,0.0,0.0,0.0,0.0,0.0,0.0001,0.0,0.05,0.05,0.0,0.1042,0.0,0
23.123927,92.739604,23.0,92.75,2025-06-25,12,0.7474,0.1226445734500885,13.8696870803833,49.60686111450195,24.735973358154297,0.015178584313527683,-6.964049871478762,0.1433,0.215,0.3837,0.4479,0.0,1
24.16005279465181,87.99049498103645,24.25,88.0,2025-07-01,12,0.0334,0.0,15.096856117248535,27.33585548400879,14.726775169372559,2.038685188216762e-05,-3.9051222120012556,0.1097,0.1694,0.2777,0.3529,0.0,0
23.71577,92.713172,23.75,92.75,2025-05-31,12,1.0,58.55056381225586,40.23189926147461,110.89724731445312,63.86487579345703,3.4763716373515923,42.70809991019112,0.4246,0.3215,0.6314,0.6698,0.0,1
23.2034,92.7379,23.25,92.75,2025-07-01,12,0.9234,39.7066535949707,0.5415206551551819,49.990272521972656,23.749649047851562,4.877100299136701,32.565186091831755,0.3729,0.2089,0.3696,0.4353,0.0,1
12.773232,75.266805,12.75,75.25,2025-05-28,12,0.5259,146.29837036132812,284.12469482421875,379.4205322265625,254.97225952148438,2.65019378403232,92.0954371861049,0.4774,0.4718,0.9808,0.9828,0.9428,1
27.13738442,88.51408081,27.25,88.5,2025-01-23,12,0.9541,0.0,0.0,0.0,0.0,0.0001,0.0,0.05,0.05,0.0,0.1042,0.0,0
23.305323,92.852358,23.25,92.75,2025-12-04,12,0.8145,0.0,0.0,0.0,0.0,0.0001,0.0,0.05,0.05,0.0,0.1042,0.0,0
22.84528874566853,85.74858402181955,22.75,85.75,2025-08-20,12,0.079,7.0193772315979,7.0580267906188965,35.54182052612305,18.138565063476562,1.1550126443463522,1.9419742992946079,0.1437,0.1969,0.3417,0.4103,0.0,0
25.25,89.5,25.25,89.5,2025-01-07,12,0.001,0.0,0.0,0.0,0.0,0.0001,0.0,0.05,0.05,0.0,0.1042,0.0,0
12.25,93.25,12.25,93.25,2025-05-01,12,0.0,0.0,0.0,0.0,0.0,0.0001,0.0,0.05,0.05,0.0,0.1042,0.0,0
32.99444722,74.92806667,33.0,75.0,2025-11-02,12,0.5495,0.0,0.0,0.0,0.0,0.0001,0.0,0.05,0.05,0.0,0.1042,0.0,0
33.37646,74.394878,33.5,74.5,2025-12-13,12,0.4169,0.0,0.0,0.0,0.0,0.0001,0.0,0.05,0.05,0.0,0.1042,0.0,0
12.92106944,75.75716944,13.0,75.75,2025-01-26,12,0.4262,0.0,0.0,0.0,0.0,0.0001,0.0,0.05,0.05,0.0,0.1042,0.0,0
11.4588,76.8427,11.5,76.75,2025-10-16,12,0.823,39.354007720947266,22.421451568603516,52.90486145019531,28.833993911743164,4.598604309863281,31.796170370919363,0.3715,0.2203,0.396,0.4589,0.0,1
23.339144,92.786128,23.25,92.75,2025-05-30,12,0.9496,25.781877517700195,70.82451629638672,121.74378967285156,67.5400161743164,1.4018062003806169,8.389907564435685,0.3056,0.3389,0.6718,0.706,0.0199,1
33.25,85.0,33.25,85.0,2025-02-11,12,0.0,0.0,0.0,0.0,0.0,0.0001,0.0,0.05,0.05,0.0,0.1042,0.0,0
23.186133,92.735682,23.25,92.75,2025-09-13,12,1.0,22.96000862121582,22.547996520996094,73.77017974853516,37.22731018066406,1.9898527011935436,12.421411514282227,0.2875,0.2586,0.4852,0.5388,0.0,1
22.573931393303063,85.25968779328348,22.5,85.25,2025-07-24,12,0.0239,0.0,22.931934356689453,49.28068923950195,25.84479522705078,1.2437658626054784e-05,-7.040098462785993,0.1467,0.2411,0.4445,0.5023,0.0,0
31.966644,77.116205,32.0,77.0,2025-08-17,12,0.769,5.463344573974609,35.61884307861328,60.41670227050781,38.258277893066406,0.5672794831222794,-3.1676128932407916,0.1814,0.2406,0.4432,0.5012,0.0,1
22.974791357493153,83.04911451250139,23.0,83.0,2025-08-10,12,0.0281,2.9261820316314697,17.577003479003906,81.5952377319336,40.42768859863281,0.2312085248125811,-8.7302805015019,0.1869,0.3174,0.6218,0.6612,0.0,0
22.75,67.0,22.75,67.0,2025-07-21,12,0.0,0.0,0.0,0.0,0.0,0.0001,0.0,0.05,0.05,0.0,0.1042,0.0,0
22.5,81.0,22.5,81.0,2025-02-18,12,0.0,0.0,0.0,0.0,0.0,0.0001,0.0,0.05,0.05,0.0,0.1042,0.0,0
22.48765,92.886806,22.5,93.0,2025-12-16,12,0.4923,0.0,0.0,0.0,0.0,0.0001,0.0,0.05,0.05,0.0,0.1042,0.0,0
22.82367004443862,81.51355934654927,22.75,81.5,2025-08-05,12,0.0655,1.015015721321106,3.66043758392334,15.435954093933105,8.495558738708496,0.31671530524165314,-1.1901205778121948,0.086,0.1216,0.1666,0.2534,0.0,0
23.774981529159685,78.69423842746093,23.75,78.75,2025-07-02,12,0.107,1.2922559976577759,31.12773323059082,58.040748596191406,31.152414321899414,0.13908960426901,-6.999279516083854,0.1624,0.2617,0.4923,0.5452,0.0,0
31.274281,76.748515,31.25,76.75,2025-09-04,12,0.9728,32.312984466552734,80.15863037109375,123.81120300292969,78.63092041015625,1.729145410128239,14.625669751848495,0.3412,0.3403,0.6752,0.709,0.03,1
10.5,69.5,10.5,69.5,2025-11-20,12,0.0,0.0,0.0,0.0,0.0,0.0001,0.0,0.05,0.05,0.0,0.1042,0.0,0
33.75,72.75,33.75,72.75,2025-06-12,12,0.0,0.0,0.0,0.0,0.0,0.0001,0.0,0.05,0.05,0.0,0.1042,0.0,0
23.246611,92.655112,23.25,92.75,2025-01-23,12,0.8145,0.0,0.0,0.0,0.0,0.0001,0.0,0.05,0.05,0.0,0.1042,0.0,0
27.5,95.0,27.5,95.0,2025-05-26,12,0.0229,0.0,1.0357742309570312,20.127159118652344,8.37015151977539,2.5804397612674728e-05,-2.8753084455217635,0.0855,0.1418,0.2135,0.2954,0.0,0
25.5,85.25,25.5,85.25,2025-02-05,12,0.0,0.0,0.0,0.0,0.0,0.0001,0.0,0.05,0.05,0.0,0.1042,0.0,0
23.33116747258901,83.1452693658224,23.25,83.25,2025-07-22,12,0.1058,1.18153715133667,23.359819412231445,125.26927947998047,61.87018585205078,0.06253500504331855,-16.714074202946254,0.232,0.3805,0.7686,0.7927,0.3089,0
22.97916542067135,79.40802948892676,23.0,79.5,2025-08-25,12,0.1216,9.851852416992188,62.695770263671875,139.3511199951172,79.35163879394531,0.47122062968323164,-10.055450439453125,0.2595,0.395,0.8024,0.823,0.4099,0
25.4675491852316,78.39711207572248,25.5,78.5,2025-07-14,12,0.0783,132.8989715576172,76.80967712402344,117.34608459472656,77.69673919677734,7.481486079238988,116.13524518694197,0.4759,0.3719,0.7486,0.7748,0.2492,0
33.0,90.25,33.0,90.25,2025-11-18,12,0.0,0.0,0.0,0.0,0.0,0.0001,0.0,0.05,0.05,0.0,0.1042,0.0,0
26.191152105409003,81.61403779067186,26.25,81.5,2025-07-16,12,0.0729,1.0589661598205566,11.805834770202637,30.756855010986328,16.340993881225586,0.19634747429537655,-3.334870270320347,0.1154,0.1807,0.304,0.3765,0.0,0
9.5,78.0,9.5,78.0,2025-07-22,12,0.0069,0.0,2.642357587814331,5.894499778747559,3.331697940826416,5.428671232006418e-05,-0.842071396963937,0.0647,0.0793,0.0682,0.1652,0.0,0
31.93277778,76.87944444,32.0,77.0,2025-02-16,12,0.647,0.0,0.9299768209457397,0.9299768209457397,0.5711220502853394,8.827264137154402e-05,-0.1328538315636771,0.0526,0.054,0.0093,0.1125,0.0,0
23.114694,92.743931,23.0,92.75,2025-06-01,12,0.7644,171.4090118408203,91.12442016601562,194.12319946289062,119.84480285644531,5.96581491389376,143.67712620326452,0.4789,0.4147,0.8481,0.8639,0.5463,1
23.187762,92.898034,23.25,93.0,2025-06-01,12,0.8365,132.071044921875,89.81504821777344,186.56716918945312,115.71089172363281,4.77610959712014,105.41859218052456,0.4758,0.4068,0.8298,0.8475,0.4917,1
24.17615359004712,87.46842551667515,24.25,87.5,2025-07-02,12,0.1337,11.863478660583496,18.479663848876953,44.92790985107422,24.844497680664062,1.5992373053768607,5.44520582471575,0.1961,0.2246,0.4061,0.468,0.0,0
25.619397,91.61704,25.5,91.5,2025-05-30,12,0.6721,14.816296577453613,34.53697204589844,73.85636901855469,39.92237854003906,1.2827038525360337,4.265386717660087,0.224,0.2743,0.5216,0.5715,0.0,1
19.0797,73.72756,19.0,73.75,2025-08-20,12,0.5982,11.594109535217285,0.10384190082550049,1.9995180368423462,0.6959758996963501,9.018201465263951,11.308464101382665,0.1934,0.0587,0.0202,0.1223,0.0,1
22.18892110906123,87.77632336550472,22.25,87.75,2025-08-06,12,0.1336,16.179845809936523,13.798985481262207,77.01449584960938,35.92011260986328,1.348096177025173,5.177774974278041,0.2359,0.304,0.5907,0.6333,0.0,0
11.28091667,76.648,11.25,76.75,2025-12-09,12,0.6801,0.0,1.0662078857421875,4.236172676086426,2.150059700012207,6.22987933862735e-05,-0.6051675251552037,0.0596,0.0678,0.0413,0.1412,0.0,0
9.5,76.5,9.5,76.5,2025-09-21,12,0.105,0.0,28.656286239624023,50.373111724853516,29.62032127380371,1.2200837272989784e-05,-7.196158817836216,0.158,0.2413,0.4449,0.5027,0.0,0
33.24827222,75.21343056,33.25,75.25,2025-03-25,12,0.6662,0.0,0.0,1.6734665632247925,0.842915952205658,8.070590863495992e-05,-0.23906665188925608,0.0538,0.0571,0.0166,0.119,0.0,0
22.183158199248098,83.96724337325864,22.25,84.0,2025-07-26,12,0.1357,57.82506561279297,33.362648010253906,42.983116149902344,31.5336971282959,8.098257781199615,51.68462044852121,0.4232,0.2187,0.3924,0.4557,0.0,0
23.233349,92.744075,23.25,92.75,2025-08-01,12,1.0,1.392492413520813,31.539926528930664,89.17615509033203,44.02175521850586,0.10135721151973572,-11.346958313669477,0.1955,0.2873,0.5518,0.5985,0.0,1
22.086629858778487,83.74910588207106,22.0,83.75,2025-08-05,12,0.0471,1.636929988861084,4.662448406219482,9.71187973022461,5.25201416015625,0.685692459915374,0.24951859882899696,0.0739,0.0968,0.1088,0.2016,0.0,0
23.281219,92.869608,23.25,92.75,2025-12-22,12,0.8145,0.0,0.0,0.0,0.0,0.0001,0.0,0.05,0.05,0.0,0.1042,0.0,0
23.202738,92.736174,23.25,92.75,2025-03-22,12,0.8145,0.0,0.9832902550697327,0.9832902550697327,0.7104272246360779,8.768314537423589e-05,-0.14047003643853323,0.0532,0.054,0.0094,0.1125,0.0,0
32.63833333,76.85222222,32.75,76.75,2025-01-01,12,0.6855,0.0,0.0,0.0,0.0,0.0001,0.0,0.05,0.05,0.0,0.1042,0.0,1
23.68501395668629,79.29004175023259,23.75,79.25,2025-07-04,12,0.1023,1.2810877561569214,19.17986297607422,61.90151596069336,31.547292709350586,0.1301613493992593,-7.561985952513558,0.1635,0.2715,0.5151,0.5656,0.0,0
11.29147222,76.64566667,11.25,76.75,2025-05-26,12,0.7654,72.75859069824219,36.22083282470703,72.1576156616211,46.170509338378906,6.434135624610916,62.45035988943917,0.4463,0.2665,0.5035,0.5552,0.0,1
24.64949587902504,86.4344044366474,24.75,86.5,2025-07-02,12,0.0775,8.718514442443848,15.037057876586914,60.647945404052734,27.39009666442871,0.9021752358121236,0.054522241864885856,0.1631,0.2694,0.5102,0.5612,0.0,0
23.953751738545467,85.40809364732745,24.0,85.5,2025-08-09,12,0.1073,52.21476364135742,40.98784255981445,80.01670837402344,48.7347526550293,4.200389239253432,40.78380530221122,0.4109,0.3111,0.6072,0.6481,0.0,0
25.180886823541165,85.85651618080232,25.25,85.75,2025-07-15,12,0.0733,19.948732376098633,0.3560369908809662,4.766294002532959,1.7738317251205444,11.867953206220191,19.26783323287964,0.2661,0.0735,0.0546,0.1531,0.0,0
33.193303,75.339613,33.25,75.25,2025-09-01,12,0.7734,0.9256163835525513,18.200523376464844,261.7947082519531,132.2744140625,0.024107672085545134,-36.473627652440754,0.3096,0.4459,0.9207,0.9289,0.7631,1
24.19022037952692,81.4239512329586,24.25,81.5,2025-08-09,12,0.0319,20.431318283081055,0.0,74.77532958984375,33.92472839355469,1.748937346983558,9.749128341674805,0.2697,0.3034,0.5894,0.6322,0.0,0
9.25,69.0,9.25,69.0,2025-06-12,12,0.0,0.0,0.0,0.0,0.0,0.0001,0.0,0.05,0.05,0.0,0.1042,0.0,0
19.338169,73.784959,19.25,73.75,2025-07-27,12,0.4582,15.711638450622559,10.521071434020996,11.420475006103516,8.426774978637695,5.970647831715304,14.0801420211792,0.2319,0.0991,0.1143,0.2065,0.0,1
31.102046,77.172914,31.0,77.25,2025-12-13,12,0.9142,0.0,0.0,0.0,0.0,0.0001,0.0,0.05,0.05,0.0,0.1042,0.0,0
23.198119,92.899566,23.25,93.0,2025-02-04,12,0.7561,0.0,0.0,0.0,0.0,0.0001,0.0,0.05,0.05,0.0,0.1042,0.0,0
22.673578654348628,79.50915982713529,22.75,79.5,2025-07-04,12,0.1354,2.5383565425872803,59.04689025878906,138.96884155273438,76.50810241699219,0.12173280002151322,-17.314335107803345,0.2555,0.3942,0.8003,0.8211,0.4038,0
22.913942666824497,87.50841666171735,23.0,87.5,2025-08-04,12,0.0521,1.073211669921875,73.74732208251953,162.0702362060547,87.89774322509766,0.04443822791077443,-22.079679216657365,0.2705,0.4169,0.8533,0.8686,0.562,0
23.719803067917837,87.0813205656063,23.75,87.0,2025-08-02,12,0.0208,27.138591766357422,85.12315368652344,150.3555145263672,88.82647705078125,1.2072715909341047,5.659232548304967,0.3137,0.4086,0.8339,0.8512,0.5039,0
24.84575490327286,87.28106089478088,24.75,87.25,2025-07-15,12,0.066,2.9665684700012207,5.355649471282959,38.16447448730469,18.33955192565918,0.45980119387519647,-2.4854993138994486,0.1224,0.2059,0.3626,0.429,0.0,0
25.75,71.75,25.75,71.75,2025-12-17,12,0.0,0.0,0.0,0.0,0.0,0.0001,0.0,0.05,0.05,0.0,0.1042,0.0,0
23.067473,92.767201,23.0,92.75,2025-05-30,12,0.8475,30.283790588378906,105.716796875,159.10182189941406,89.76313018798828,1.2762486991083397,7.554958888462611,0.331,0.3845,0.7779,0.8011,0.3368,1
20.25,86.25,20.25,86.25,2025-05-12,12,0.0,0.0,0.0,11.381641387939453,3.648693323135376,3.8081474076590535e-05,-1.625948769705636,0.066,0.1049,0.1277,0.2185,0.0,0
26.16616,91.713803,26.25,91.75,2025-06-04,12,0.639,10.920807838439941,93.74752807617188,165.56654357910156,93.63835144042969,0.44299638437179384,-12.731555530003138,0.2771,0.399,0.8116,0.8313,0.4376,1
13.75,71.25,13.75,71.25,2025-09-02,12,0.0,0.0,0.0,0.0,0.0,0.0001,0.0,0.05,0.05,0.0,0.1042,0.0,0
18.0,92.5,18.0,92.5,2025-02-24,12,0.0,0.0,0.0,0.0,0.0,0.0001,0.0,0.05,0.05,0.0,0.1042,0.0,0
13.75,89.25,13.75,89.25,2025-01-03,12,0.0,0.0,0.0,0.0,0.0,0.0001,0.0,0.05,0.05,0.0,0.1042,0.0,0
23.191775,92.734778,23.25,92.75,2025-06-06,12,0.9975,10.551135063171387,106.3203125,363.2035827636719,182.16612243652344,0.19950818652489677,-41.33509104592459,0.3314,0.4637,0.9621,0.966,0.8867,1
12.858072,75.226282,12.75,75.25,2025-05-31,12,0.6653,122.31317138671875,313.42138671875,607.1717529296875,360.6886291503906,1.394061018962315,35.57434953962054,0.4741,0.479,0.9977,0.9979,0.9931,1
26.29336027464748,79.17475898876494,26.25,79.25,2025-08-18,12,0.1076,0.0,26.987173080444336,34.653350830078125,19.61225128173828,1.6805370661668977e-05,-4.950478690011161,0.1267,0.1931,0.3328,0.4023,0.0,0
26.884928,88.183034,27.0,88.25,2025-12-21,12,1.0,0.0,0.0,0.0,0.0,0.0001,0.0,0.05,0.05,0.0,0.1042,0.0,0
25.451978,94.137142,25.5,94.25,2025-07-05,12,0.8017,6.2695841789245605,13.376679420471191,27.120777130126953,15.233039855957031,1.2862482318352937,2.3951874460492815,0.1347,0.1485,0.2291,0.3094,0.0,1
23.222537486722125,79.37059683536582,23.25,79.25,2025-07-03,12,0.1001,36.391822814941406,17.654754638671875,89.69807434082031,44.70268630981445,2.63442122752854,23.57781219482422,0.3597,0.3294,0.6499,0.6863,0.0,0
23.122364347143012,83.5203237583985,23.0,83.5,2025-07-04,12,0.1456,15.216169357299805,47.87937927246094,100.36509704589844,56.0798225402832,0.9920718038895273,0.8782983507428845,0.2275,0.3453,0.6867,0.7193,0.0644,0
17.5,92.25,17.5,92.25,2025-05-02,12,0.0,0.0,0.0,0.0,0.0,0.0001,0.0,0.05,0.05,0.0,0.1042,0.0,0
23.32044,92.643229,23.25,92.75,2025-02-12,12,0.8145,0.0,0.0,0.0,0.0,0.0001,0.0,0.05,0.05,0.0,0.1042,0.0,0
27.11773908,88.47336369,27.0,88.5,2025-08-24,12,1.0,10.28039264678955,137.35345458984375,148.97103881835938,107.34520721435547,0.4613898136008056,-11.00118432726179,0.2908,0.3675,0.7383,0.7656,0.2187,1
26.317457252314092,85.72522591762544,26.25,85.75,2025-07-20,12,0.1268,0.0,96.12786102294922,104.64503479003906,66.46437072753906,6.269871305216825e-06,-14.949290684291295,0.2399,0.3525,0.7036,0.7344,0.1148,0
23.246611,92.655112,23.25,92.75,2025-03-21,12,0.8145,0.0,0.9832902550697327,0.9832902550697327,0.8357967138290405,8.768314537423589e-05,-0.14047003643853323,0.0538,0.054,0.0094,0.1125,0.0,0
34.25,92.0,34.25,92.0,2025-01-19,12,0.0,0.0,0.0,0.0,0.0,0.0001,0.0,0.05,0.05,0.0,0.1042,0.0,0
26.491776375838327,83.82686146554583,26.5,83.75,2025-07-02,12,0.0358,10.21608829498291,15.17010498046875,17.500322341918945,13.940210342407227,2.9188725383634773,7.716042246137347,0.1793,0.1308,0.1879,0.2725,0.0,0
26.597653144564163,83.3320066436904,26.5,83.25,2025-08-07,12,0.0965,16.762741088867188,49.849361419677734,88.4238510131836,49.99650573730469,1.2296704270073824,4.130762372698102,0.2409,0.3273,0.6449,0.6819,0.0,0
34.25,86.5,34.25,86.5,2025-08-08,12,0.0,0.0,0.0,0.0,0.0,0.0001,0.0,0.05,0.05,0.0,0.1042,0.0,0
24.25453669094477,86.26903544026969,24.25,86.25,2025-07-15,12,0.1115,6.845902919769287,20.322690963745117,85.29611206054688,41.79148864746094,0.5192203590000393,-5.339255946023124,0.1902,0.321,0.6303,0.6688,0.0,0
33.25,73.75,33.25,73.75,2025-12-12,12,0.0031,0.0,0.0,0.0,0.0,0.0001,0.0,0.05,0.05,0.0,0.1042,0.0,0
11.3359,76.7345,11.25,76.75,2025-11-20,12,0.6801,2.9664804935455322,0.0,13.77357292175293,7.1601481437683105,0.999638508649307,0.9988272190093994,0.0924,0.1051,0.1282,0.219,0.0,0
23.845680969046022,81.57192333993045,23.75,81.5,2025-07-02,12,0.0418,17.307958602905273,22.57178497314453,128.74002075195312,61.68037414550781,0.8925621902013274,-1.0834729330880286,0.2454,0.3868,0.7832,0.8058,0.3526,0
23.155456,92.744778,23.25,92.75,2025-08-01,12,0.8859,1.392492413520813,31.539926528930664,89.17615509033203,44.02175521850586,0.10135721151973572,-11.346958313669477,0.1955,0.2931,0.5653,0.6106,0.0,1
27.296928,93.088111,27.25,93.0,2025-08-15,12,0.475,17.166126251220703,144.02911376953125,168.71151733398438,123.79492950439453,0.6838685681038398,-6.935519082205637,0.304,0.4078,0.8321,0.8495,0.4985,1
11.3509,76.7929,11.25,76.75,2025-10-20,12,0.775,9.3783540725708,15.4907808303833,55.17685317993164,30.91989517211914,1.0558459482987264,1.4959464754377096,0.1703,0.2279,0.4136,0.4747,0.0,1
34.25,85.5,34.25,85.5,2025-08-09,12,0.0,0.0,0.0,0.0,0.0,0.0001,0.0,0.05,0.05,0.0,0.1042,0.0,0
23.308629,92.860039,23.25,92.75,2025-05-31,12,0.9149,58.45155715942383,51.10498046875,134.1341552734375,75.67455291748047,2.8990969572407543,39.28953497750419,0.4244,0.3557,0.711,0.7411,0.1371,1
24.1212285160329,82.24995240419864,24.0,82.25,2025-08-15,12,0.0867,0.4000418484210968,2.0373170375823975,89.41313934326172,41.34922409057617,0.02905198355771036,-12.373263772044863,0.1891,0.3295,0.65,0.6864,0.0,0
32.75,94.25,32.75,94.25,2025-05-20,12,0.0,0.0,0.0,0.0,0.0,0.0001,0.0,0.05,0.05,0.0,0.1042,0.0,0
22.48062925866076,82.24572607185955,22.5,82.25,2025-07-19,12,0.0905,4.504197597503662,31.129682540893555,61.69527053833008,33.58740234375,0.45898477341220617,-4.309412479400635,0.1691,0.2714,0.515,0.5655,0.0,0
7.0,69.75,7.0,69.75,2025-12-02,12,0.0,0.0,0.0,0.0,0.0,0.0001,0.0,0.05,0.05,0.0,0.1042,0.0,0
22.08269724644938,79.86807898190499,22.0,79.75,2025-07-02,12,0.0688,8.10464096069336,98.48899841308594,145.6285400390625,96.35401153564453,0.3717075896181257,-12.69943618774414,0.2801,0.4028,0.8205,0.8392,0.4639,0
24.25012119763901,81.3269017969267,24.25,81.25,2025-08-23,12,0.0542,1.4907846450805664,7.8986053466796875,9.302450180053711,6.935859203338623,0.6401609819567369,0.16186319078717903,0.0797,0.0948,0.1043,0.1976,0.0,0
25.69517778,91.64123611,25.75,91.75,2025-03-13,12,0.4898,0.0,0.0,0.0,0.0,0.0001,0.0,0.05,0.05,0.0,0.1042,0.0,0
35.5,97.25,35.5,97.25,2025-09-04,12,0.0,0.0,0.0,0.0,0.0,0.0001,0.0,0.05,0.05,0.0,0.1042,0.0,0
30.8941298,78.3209811,31.0,78.25,2025-06-29,12,0.7896,21.180837631225586,40.735328674316406,46.57518005371094,33.622249603271484,2.7674487191631805,14.527240480695452,0.2751,0.2054,0.3615,0.428,0.0,1
19.778579,73.784894,19.75,73.75,2025-07-27,12,0.6046,22.65142822265625,13.120770454406738,32.141204833984375,18.521223068237305,4.050991742107114,18.059827532087056,0.2854,0.1701,0.2792,0.3543,0.0,1
23.807952,92.834037,23.75,92.75,2025-06-01,12,1.0,75.84884643554688,85.02435302734375,158.4029998779297,101.04352569580078,3.2099939265954855,53.21984645298549,0.4498,0.3766,0.7596,0.7847,0.2823,1
23.181806,92.736868,23.25,92.75,2025-01-01,12,0.8145,0.0,0.0,0.0,0.0,0.0001,0.0,0.05,0.05,0.0,0.1042,0.0,0
22.631850709735026,87.736921348502,22.75,87.75,2025-07-14,12,0.1205,10.430975914001465,18.243648529052734,95.80485534667969,46.894283294677734,0.7102537244158335,-3.255431992667061,0.202,0.339,0.6721,0.7063,0.0208,0
18.39979,73.37968,18.5,73.5,2025-08-21,12,0.5319,82.55400848388672,62.8630485534668,68.08854675292969,52.31052017211914,7.695964090084888,72.8270732334682,0.4561,0.2683,0.5076,0.5589,0.0,1
27.07980556,88.094,27.0,88.0,2025-09-20,12,0.8816,13.828028678894043,82.26805114746094,142.61781311035156,83.29418182373047,0.6469610719471293,-6.545944622584752,0.2647,0.3668,0.7366,0.7641,0.2136,1
23.75,99.5,23.75,99.5,2025-09-22,12,0.0,0.0,0.0,0.0,0.0,0.0001,0.0,0.05,0.05,0.0,0.1042,0.0,0
16.5,76.25,16.5,76.25,2025-03-17,12,0.0,0.0,0.0,0.0,0.0,0.0001,0.0,0.05,0.05,0.0,0.1042,0.0,0
23.200073,92.734654,23.25,92.75,2025-02-11,12,0.8145,0.0,0.0,0.0,0.0,0.0001,0.0,0.05,0.05,0.0,0.1042,0.0,0
30.7557,78.571,30.75,78.5,2025-06-29,12,0.7765,25.183433532714844,12.3524751663208,19.715805053710938,12.525665283203125,6.598518531430788,22.36688995361328,0.3019,0.1246,0.1736,0.2597,0.0,1
19.75,87.75,19.75,87.75,2025-12-23,12,0.0,0.0,0.0,0.0,0.0,0.0001,0.0,0.05,0.05,0.0,0.1042,0.0,0
23.150939,92.748258,23.25,92.75,2025-05-31,12,0.9469,58.45155715942383,51.10498046875,134.1341552734375,75.67455291748047,2.8990969572407543,39.28953497750419,0.4244,0.3541,0.7073,0.7378,0.1259,1
22.470299101142942,87.51396372484416,22.5,87.5,2025-08-14,12,0.1119,1.9000436067581177,4.413084030151367,65.35969543457031,25.404006958007812,0.1838178721928697,-7.437055741037641,0.1454,0.2794,0.5334,0.582,0.0,0
29.25,95.75,29.25,95.75,2025-03-15,12,0.008,12.923919677734375,4.902233123779297,10.018085479736328,6.3401970863342285,5.315999725813006,11.492764609200615,0.2065,0.0986,0.1131,0.2054,0.0,0
22.101087600738985,84.70760021711534,22.0,84.75,2025-08-09,12,0.0651,6.412351131439209,17.21007537841797,80.68670654296875,39.897544860839844,0.5119037957946179,-5.114321231842041,0.1856,0.3141,0.6142,0.6544,0.0,0
23.177311,93.198157,23.25,93.25,2025-12-04,12,0.5937,0.0,0.0,0.0,0.0,0.0001,0.0,0.05,0.05,0.0,0.1042,0.0,0
18.60092,73.41089,18.5,73.5,2025-01-11,12,0.4481,0.0,0.0,0.0,0.0,0.0001,0.0,0.05,0.05,0.0,0.1042,0.0,0
28.0,74.5,28.0,74.5,2025-04-27,12,0.0,0.0,0.0,0.0,0.0,0.0001,0.0,0.05,0.05,0.0,0.1042,0.0,0
23.0,72.75,23.0,72.75,2025-03-12,12,0.0,0.0,0.0,0.0,0.0,0.0001,0.0,0.05,0.05,0.0,0.1042,0.0,0
18.5,87.0,18.5,87.0,2025-01-10,12,0.0,0.0,0.0,0.0,0.0,0.0001,0.0,0.05,0.05,0.0,0.1042,0.0,0
24.371627852751455,81.9166654287881,24.25,82.0,2025-07-24,12,0.0363,16.964391708374023,0.0,159.24264526367188,62.6762809753418,0.7143259887995074,-5.7845576150076745,0.2425,0.4153,0.8495,0.8651,0.5505,0
24.432988311218764,83.99368965662934,24.5,84.0,2025-07-19,12,0.0848,0.15516692399978638,156.97134399414062,232.32772827148438,140.64828491210938,0.004541339508999985,-33.03450854335512,0.3145,0.4519,0.9347,0.9415,0.805,0
23.14016,92.75191,23.25,92.75,2025-11-17,12,0.8145,0.0,0.0,0.0,0.0,0.0001,0.0,0.05,0.05,0.0,0.1042,0.0,0
23.082149,92.758285,23.0,92.75,2025-11-08,12,0.6896,0.4292359948158264,56.73036193847656,60.20172119140625,43.1630973815918,0.0447213540134015,-8.171009889670781,0.1935,0.2435,0.45,0.5073,0.0,0
24.5,73.0,24.5,73.0,2025-08-17,12,0.0,5.632956504821777,0.0,0.0,0.0,5.633056504821777,5.632956504821777,0.1269,0.05,0.0,0.1042,0.0,0
25.570263616890635,78.91391486331776,25.5,79.0,2025-07-21,12,0.1341,0.0,43.424930572509766,85.71586608886719,47.98358917236328,7.549948347881013e-06,-12.245123726981026,0.2045,0.3209,0.6299,0.6685,0.0,0
25.48716667,91.81936111,25.5,91.75,2025-11-21,12,0.5154,0.0,0.0,0.0,0.0,0.0001,0.0,0.05,0.05,0.0,0.1042,0.0,0
23.841547652534242,82.48610630954542,23.75,82.5,2025-08-10,12,0.1352,34.71498107910156,14.46606159210205,63.12213134765625,29.184104919433594,3.465461800482383,25.697533743722097,0.3524,0.2732,0.519,0.5691,0.0,0
10.5,67.75,10.5,67.75,2025-03-24,12,0.0,0.0,0.0,0.0,0.0,0.0001,0.0,0.05,0.05,0.0,0.1042,0.0,0
33.30013889,74.91950278,33.25,75.0,2025-11-25,12,0.5742,0.0,0.0,0.0,0.0,0.0001,0.0,0.05,0.05,0.0,0.1042,0.0,0
25.354694528813532,85.012301524085,25.25,85.0,2025-07-26,12,0.1337,5.390608310699463,3.2930166721343994,25.23430824279785,11.612005233764648,1.1706458190653868,1.7857071331569125,0.1239,0.1591,0.2537,0.3315,0.0,0
26.86291516275666,78.58237782710678,26.75,78.5,2025-07-09,12,0.0337,0.13397373259067535,9.788116455078125,52.5763053894043,23.772188186645508,0.015753177744077487,-7.376927037324224,0.1403,0.25,0.4651,0.5208,0.0,0
23.193237,92.734819,23.25,92.75,2025-02-11,12,0.8145,0.0,0.0,0.0,0.0,0.0001,0.0,0.05,0.05,0.0,0.1042,0.0,0
23.307093,92.856289,23.25,92.75,2025-01-22,12,0.8145,0.0,0.0,0.0,0.0,0.0001,0.0,0.05,0.05,0.0,0.1042,0.0,0
31.254981,76.774276,31.25,76.75,2025-08-05,12,0.9572,0.637284517288208,69.00655364990234,93.59042358398438,59.55738067626953,0.04435503363093333,-12.73277599470956,0.2278,0.297,0.5744,0.6188,0.0,1
13.75,95.25,13.75,95.25,2025-08-22,12,0.0,0.0,0.0,0.0,0.0,0.0001,0.0,0.05,0.05,0.0,0.1042,0.0,0
25.8816564,94.1902346,26.0,94.25,2025-01-19,12,0.761,0.0,0.0,0.0,0.0,0.0001,0.0,0.05,0.05,0.0,0.1042,0.0,1
22.400933784060566,82.76838877733124,22.5,82.75,2025-08-12,12,0.1277,0.0,4.6703200340271,12.73160171508789,5.906247138977051,3.547608603232351e-05,-1.8188002450125558,0.0755,0.1091,0.1375,0.2273,0.0,0
23.14696751077191,80.18303111811512,23.25,80.25,2025-08-07,12,0.0223,0.0,5.0401740074157715,78.51532745361328,34.2933464050293,8.185667070966972e-06,-11.216475350516182,0.171,0.3115,0.6082,0.649,0.0,0
27.216933,93.066329,27.25,93.0,2025-03-04,12,0.4062,5.404374122619629,6.615610122680664,12.280749320983887,7.281371116638184,1.9621290764443635,3.649981362479074,0.1241,0.1033,0.124,0.2153,0.0,0
23.4912,92.7055,23.5,92.75,2025-06-06,12,1.0,5.023345470428467,107.25248718261719,357.3129577636719,180.67547607421875,0.09652173370075424,-46.02136278152466,0.331,0.4627,0.9599,0.9641,0.8802,1
14.75,75.75,14.75,75.75,2025-07-21,12,0.0013,14.545819282531738,7.409240245819092,16.56684684753418,9.323553085327148,4.320537050902753,12.17912687574114,0.2216,0.1275,0.1802,0.2656,0.0,0
24.285298296328882,80.90255105372529,24.25,81.0,2025-08-01,12,0.0346,1.5030747652053833,3.8919334411621094,49.28993225097656,21.88279914855957,0.18692904637942842,-5.538344127791269,0.1342,0.2408,0.4437,0.5016,0.0,0
33.24266944,75.23298889,33.25,75.25,2025-04-20,12,0.8852,14.507017135620117,16.975112915039062,36.83643341064453,18.63160514831543,2.316562093408861,9.24466950552804,0.2212,0.1752,0.2912,0.3651,0.0,1
24.502226545653706,83.42363664979739,24.5,83.5,2025-08-16,12,0.1301,1.0643106698989868,20.531055450439453,42.638641357421875,23.13335418701172,0.15010230911928188,-5.026923809732709,0.1383,0.2179,0.3904,0.4539,0.0,0
27.0660382,88.1843115,27.0,88.25,2025-08-06,12,1.0,3.965717077255249,74.2630844116211,235.87472534179688,117.98623657226562,0.11430056998199038,-29.73067225728716,0.2997,0.4285,0.8803,0.8928,0.6426,1
27.08728357,88.65465234,27.0,88.75,2025-09-02,12,1.0,1.7660070657730103,140.54983520507812,181.75131225585938,117.10186767578125,0.06549755502442764,-24.198466113635472,0.299,0.3962,0.8052,0.8255,0.4183,1
26.42186,94.3852,26.5,94.5,2025-07-07,12,0.5738,34.56513977050781,147.72879028320312,194.8961181640625,125.32009887695312,1.1984216467051567,6.7228371756417395,0.3517,0.422,0.8651,0.8792,0.5972,1
24.047353709443886,87.53072768622137,24.0,87.5,2025-07-09,12,0.0585,15.840741157531738,60.294986724853516,81.64644622802734,49.036434173583984,1.25087798576254,4.176963124956403,0.233,0.3162,0.6192,0.6588,0.0,0
31.51194444,77.30166667,31.5,77.25,2025-01-27,12,0.7819,0.0,0.0,0.0,0.0,0.0001,0.0,0.05,0.05,0.0,0.1042,0.0,0
31.69194444,77.27805556,31.75,77.25,2025-03-01,12,0.6856,100.52119445800781,37.5682258605957,60.66250991821289,36.76945495605469,10.399393431555984,91.85512161254883,0.4672,0.2448,0.4529,0.5099,0.0,0
30.7425,78.4927,30.75,78.5,2025-02-26,12,0.698,0.0,0.0,20.234628677368164,10.529626846313477,2.5702571835748816e-05,-2.8906612396240234,0.094,0.1281,0.1816,0.2669,0.0,0
22.895235,92.747812,23.0,92.75,2025-06-02,12,0.8483,40.5466194152832,255.6283721923828,365.3402099609375,247.51344299316406,0.7622787663378042,-11.644839150565012,0.376,0.4664,0.9684,0.9717,0.9056,1
30.258675,79.222849,30.25,79.25,2025-03-26,12,0.718,0.0,0.6952422857284546,0.6952422857284546,0.4269656836986542,9.096529699892821e-05,-0.09932032653263637,0.0519,0.0529,0.0068,0.1103,0.0,0
23.34430772489503,78.21036902460469,23.25,78.25,2025-07-20,12,0.0242,0.0,13.852684020996094,132.8616943359375,53.76708984375,5.004944372535996e-06,-18.980242047991073,0.2166,0.3918,0.795,0.8163,0.3878,0
22.361384737865883,83.75785862774411,22.25,83.75,2025-07-10,12,0.1143,42.99748992919922,117.13436126708984,228.80990600585938,122.35462951660156,1.276380346366432,10.31036049979074,0.3845,0.4501,0.9306,0.9378,0.7926,0
30.067351,78.4802053,30.0,78.5,2025-11-08,12,0.659,0.0,0.0,0.0,0.0,0.0001,0.0,0.05,0.05,0.0,0.1042,0.0,0
9.25,97.25,9.25,97.25,2025-03-12,12,0.0,0.0,0.0,0.0,0.0,0.0001,0.0,0.05,0.05,0.0,0.1042,0.0,0
33.196652,75.352971,33.25,75.25,2025-11-06,12,0.6662,18.073678970336914,0.0,0.0,0.0,18.073778970336914,18.073678970336914,0.2516,0.05,0.0,0.1042,0.0,0
37.5,73.75,37.5,73.75,2025-10-05,12,0.0,0.0,0.0,0.0,0.0,0.0001,0.0,0.05,0.05,0.0,0.1042,0.0,0
11.3203,76.7985,11.25,76.75,2025-10-16,12,0.8292,31.0712833404541,8.614789962768555,18.8555850982666,10.46860122680664,8.412096750336554,28.377628326416016,0.3351,0.1206,0.1642,0.2513,0.0,1
25.62083,94.11572,25.5,94.0,2025-05-31,12,0.7372,47.35109329223633,34.44186019897461,75.95903778076172,47.33124542236328,3.9954459684261168,36.499802180698936,0.398,0.2756,0.5246,0.5741,0.0,1
23.239137,92.744468,23.25,92.75,2025-06-01,12,0.8954,99.3125228881836,87.32789611816406,173.41844177246094,108.7843017578125,3.853200112957625,74.53845977783203,0.4667,0.3945,0.8011,0.8219,0.4062,1
13.52105611,75.31909778,13.5,75.25,2025-12-15,12,0.4707,0.0,0.0,0.0,0.0,0.0001,0.0,0.05,0.05,0.0,0.1042,0.0,0
33.5,72.0,33.5,72.0,2025-08-08,12,0.0,0.0,0.0,0.0,0.0,0.0001,0.0,0.05,0.05,0.0,0.1042,0.0,0
24.142819189028486,81.58367632332399,24.25,81.5,2025-07-24,12,0.0875,1.6313979625701904,3.9009153842926025,160.8044891357422,64.09262084960938,0.06805828495299046,-21.340671913964407,0.2359,0.4149,0.8485,0.8643,0.5477,0
23.341022,92.776761,23.25,92.75,2025-02-16,12,0.8145,0.0,0.0,0.0,0.0,0.0001,0.0,0.05,0.05,0.0,0.1042,0.0,0
7.5,79.25,7.5,79.25,2025-01-06,12,0.0,0.0,0.0,0.0,0.0,0.0001,0.0,0.05,0.05,0.0,0.1042,0.0,0
25.24084024489772,82.04020102862813,25.25,82.0,2025-07-13,12,0.0969,6.1201043128967285,13.016879081726074,24.609027862548828,15.436320304870605,1.3553542480512886,2.6045289039611816,0.1329,0.1577,0.2504,0.3284,0.0,0
23.229765,93.127521,23.25,93.25,2025-05-31,12,0.6847,56.08502960205078,64.96480560302734,160.17703247070312,91.92794036865234,2.348384233241823,33.20259639195034,0.4196,0.3926,0.7967,0.8179,0.393,1
33.387824,74.44095,33.5,74.5,2025-07-30,12,0.5566,0.0,1.209091305732727,64.68859100341797,22.378755569458008,9.764454708931654e-06,-9.241227286202568,0.1358,0.2596,0.4874,0.5408,0.0,1
33.75,89.0,33.75,89.0,2025-09-06,12,0.0,0.0,0.0,0.0,0.0,0.0001,0.0,0.05,0.05,0.0,0.1042,0.0,0
8.0,79.0,8.0,79.0,2025-01-09,12,0.0,0.0,0.0,0.0,0.0,0.0001,0.0,0.05,0.05,0.0,0.1042,0.0,0
27.216933,93.066329,27.25,93.0,2025-09-28,12,0.5238,4.678176403045654,5.299272537231445,9.299860954284668,5.917057037353516,2.0090928942992785,3.349624838147845,0.1149,0.0897,0.0924,0.187,0.0,1
23.204481,92.575792,23.25,92.5,2025-11-26,12,0.6729,0.0,0.0,0.0,0.0,0.0001,0.0,0.05,0.05,0.0,0.1042,0.0,0
32.99842778,74.94203611,33.0,75.0,2025-02-15,12,0.5495,0.0,1.3520886898040771,1.3520886898040771,0.9523806571960449,8.381137054429681e-05,-0.19315552711486816,0.0543,0.056,0.0139,0.1166,0.0,0
23.18675,92.735178,23.25,92.75,2025-06-02,12,0.9683,73.33731079101562,183.54595947265625,270.1734924316406,176.18540954589844,1.8521319301979065,34.741097586495535,0.447,0.4432,0.9143,0.9233,0.7442,1
32.62173056,75.99535556,32.5,76.0,2025-08-24,12,0.8045,16.902036666870117,4.735481262207031,84.9835433959961,35.981204986572266,1.2862622193052076,4.761530467442103,0.242,0.2896,0.5572,0.6033,0.0,1
11.25,95.5,11.25,95.5,2025-04-13,12,0.0,0.0,0.0,0.0,0.0,0.0001,0.0,0.05,0.05,0.0,0.1042,0.0,0
20.75,96.25,20.75,96.25,2025-07-05,12,0.0,0.0,0.0,0.0,0.0,0.0001,0.0,0.05,0.05,0.0,0.1042,0.0,0
23.54634055749848,79.16878760590939,23.5,79.25,2025-07-13,12,0.0601,26.237394332885742,81.55647277832031,304.04974365234375,151.26568603515625,0.5904600922464586,-17.198283331734793,0.3199,0.4682,0.9725,0.9754,0.9179,0
11.520975,75.89981389,11.5,76.0,2025-02-18,12,0.6074,0.0,0.0,0.0,0.0,0.0001,0.0,0.05,0.05,0.0,0.1042,0.0,0
17.25,79.75,17.25,79.75,2025-12-02,12,0.0,0.0,0.0,0.0,0.0,0.0001,0.0,0.05,0.05,0.0,0.1042,0.0,0
26.0,98.25,26.0,98.25,2025-06-16,12,0.0,0.0,0.0,0.0,0.0,0.0001,0.0,0.05,0.05,0.0,0.1042,0.0,0
22.831002684043728,81.49474119532626,22.75,81.5,2025-08-10,12,0.1184,0.9066186547279358,0.49020442366600037,5.569438934326172,2.3427236080169678,0.5049573506230495,0.11098452125276836,0.0634,0.077,0.0628,0.1604,0.0,0
23.53827543678168,78.42334492518303,23.5,78.5,2025-08-23,12,0.0523,8.277938842773438,63.137115478515625,73.91384887695312,53.6446533203125,0.7161477633764994,-2.281182425362724,0.2164,0.3008,0.5833,0.6267,0.0,0
16.0,69.25,16.0,69.25,2025-07-14,12,0.0,0.0,0.0,0.0,0.0,0.0001,0.0,0.05,0.05,0.0,0.1042,0.0,0
30.1170879,79.4067912,30.0,79.5,2025-01-15,12,0.677,0.0,3.0139319896698,3.0139319896698,2.2213752269744873,6.99026117535158e-05,-0.4305617128099714,0.0599,0.0627,0.0296,0.1307,0.0,0
33.20960833,74.27855556,33.25,74.25,2025-03-01,12,0.381,75.6590576171875,10.90376091003418,31.147998809814453,14.751344680786133,13.883142493546925,71.20934350149972,0.4496,0.1734,0.2869,0.3612,0.0,0
32.67428333,75.16099167,32.75,75.25,2025-08-27,12,0.6356,82.84996795654297,98.8916015625,115.99009704589844,82.58794403076172,4.715424165242915,66.27995409284318,0.4563,0.3466,0.6899,0.7222,0.0739,1
32.75,77.25,32.75,77.25,2025-11-04,12,0.047,0.0,0.0,0.0,0.0,0.0001,0.0,0.05,0.05,0.0,0.1042,0.0,0
22.969582,92.925917,23.0,93.0,2025-05-31,12,0.7582,55.573516845703125,73.36700439453125,177.0118865966797,100.72413635253906,2.11407711270616,30.286104474748885,0.4185,0.4031,0.8212,0.8398,0.4661,1
12.797322,74.917082,12.75,75.0,2025-11-13,12,0.3899,0.0,0.0,0.0,0.0,0.0001,0.0,0.05,0.05,0.0,0.1042,0.0,0
22.866131,92.772713,22.75,92.75,2025-06-01,12,0.7819,157.31846618652344,98.46339416503906,203.2116241455078,126.37644958496094,5.23867301716577,128.2882341657366,0.4783,0.4195,0.8594,0.874,0.5802,1
24.051687971678856,87.88389878639863,24.0,88.0,2025-08-10,12,0.0533,0.0,43.263118743896484,187.88211059570312,90.74273681640625,3.5919151217127367e-06,-26.840301513671875,0.2738,0.4335,0.8919,0.9031,0.6771,0
24.406389756096186,86.0967503626589,24.5,86.0,2025-08-27,12,0.0644,0.0,21.80804443359375,40.6172981262207,23.48566246032715,1.4700540088278162e-05,-5.802471160888672,0.1394,0.2138,0.3809,0.4454,0.0,0
10.0552,77.1071,10.0,77.0,2025-12-02,12,0.98,1.7537589073181152,13.546468734741211,37.74502182006836,19.395801544189453,0.2743771676008102,-3.638387066977365,0.126,0.1745,0.2896,0.3636,0.0,0
17.0,95.25,17.0,95.25,2025-03-08,12,0.0,0.0,0.0,0.0,0.0,0.0001,0.0,0.05,0.05,0.0,0.1042,0.0,0
23.043269,92.77264,23.0,92.75,2025-11-24,12,0.6896,0.0,0.0,0.0,0.0,0.0001,0.0,0.05,0.05,0.0,0.1042,0.0,0
24.214755053739665,83.61438377933125,24.25,83.5,2025-07-16,12,0.0777,8.952122688293457,11.587996482849121,22.351688385009766,12.537036895751953,2.1349899193553106,5.7590243475777765,0.1657,0.1494,0.2313,0.3113,0.0,0
26.85912212339703,81.58934760253048,26.75,81.5,2025-08-02,12,0.1377,18.337596893310547,64.02616119384766,74.15194702148438,47.14532470703125,1.581772008738009,7.744461604527064,0.2537,0.2979,0.5765,0.6206,0.0,0
23.322039,92.859147,23.25,92.75,2025-12-03,12,0.8145,0.0,0.0,0.0,0.0,0.0001,0.0,0.05,0.05,0.0,0.1042,0.0,0
16.75,83.25,16.75,83.25,2025-05-01,12,0.0,0.0,0.0,0.0,0.0,0.0001,0.0,0.05,0.05,0.0,0.1042,0.0,0
24.41519848779445,80.68533756067607,24.5,80.75,2025-08-24,12,0.1054,0.24427856504917145,0.4162970781326294,6.8454461097717285,2.462484836578369,0.12355325655681626,-0.7336423077753612,0.0609,0.0831,0.0769,0.173,0.0,0
23.5,88.0,23.5,88.0,2025-05-08,12,0.0,0.0,0.7863526344299316,10.87491226196289,4.816532135009766,3.916103137969368e-05,-1.5535588945661272,0.071,0.1026,0.1223,0.2138,0.0,0
12.762635,75.289625,12.75,75.25,2025-12-24,12,0.4204,0.0,0.0,0.0,0.0,0.0001,0.0,0.05,0.05,0.0,0.1042,0.0,0
12.675622,75.365427,12.75,75.25,2025-01-20,12,0.4204,0.0,0.0,4.022528171539307,2.0997848510742188,6.35063017400521e-05,-0.5746468816484723,0.0593,0.0682,0.0423,0.142,0.0,0
22.75,83.0,22.75,83.0,2025-07-23,12,0.0,0.4667142331600189,22.737722396850586,66.12287902832031,35.02839660644531,0.04468778685333985,-8.979411342314311,0.173,0.2855,0.5477,0.5948,0.0,0
14.75,77.5,14.75,77.5,2025-03-27,12,0.0,0.0,0.8279582262039185,0.8279582262039185,0.5084698796272278,8.942306279264053e-05,-0.11827974660055977,0.0523,0.0543,0.0099,0.113,0.0,0
9.872884,77.2112,9.75,77.25,2025-03-13,12,0.7376,6.691999912261963,0.0,0.0,0.0,6.692099912261963,6.691999912261963,0.1398,0.05,0.0,0.1042,0.0,0
30.99119,78.45545,31.0,78.5,2025-03-09,12,0.5786,0.0,1.1528300046920776,47.62199783325195,18.3291015625,1.2815349635085383e-05,-6.803142547607422,0.1224,0.2163,0.3866,0.4505,0.0,0
23.872741216897907,85.97732263348215,23.75,86.0,2025-07-27,12,0.0639,24.0004825592041,31.004501342773438,78.67828369140625,42.6641731262207,1.9608711878443001,12.760727746146065,0.2944,0.3102,0.6051,0.6462,0.0,0
27.0,91.0,27.0,91.0,2025-05-09,12,0.0003,2.485290050506592,18.89729881286621,19.146732330322266,13.122579574584961,0.6653883220952265,-0.249957425253732,0.1038,0.1383,0.2053,0.288,0.0,0
16.5,93.25,16.5,93.25,2025-03-20,12,0.0,0.0,0.0,0.0,0.0,0.0001,0.0,0.05,0.05,0.0,0.1042,0.0,0
25.43480556,91.85952778,25.5,91.75,2025-03-26,12,0.5154,0.0,2.133136034011841,2.133136034011841,1.8131656646728516,7.664399143877818e-05,-0.30473371914454866,0.0581,0.0595,0.0221,0.1239,0.0,0
22.945085336672772,79.91887549718095,23.0,80.0,2025-07-13,12,0.027,43.64865493774414,15.553380966186523,333.7709045410156,134.68313598632812,0.896617875800584,-4.032902853829519,0.3867,0.472,0.9813,0.9832,0.9441,0
9.75,76.75,9.75,76.75,2025-12-16,12,0.5061,0.0,0.0,1.6917669773101807,0.5926286578178406,8.053598328479662e-05,-0.24168099675859725,0.0527,0.0576,0.0176,0.1199,0.0,0
24.885320226128513,84.42627935210932,25.0,84.5,2025-07-22,12,0.058,0.0,8.759451866149902,39.35848617553711,19.083662033081055,1.5099716529772768e-05,-5.622640882219587,0.1249,0.21,0.3721,0.4375,0.0,0
27.0045,88.11947222,27.0,88.0,2025-07-01,12,0.9911,10.702657699584961,41.03496551513672,119.24014282226562,64.51011657714844,0.5934665647723018,-6.331648417881556,0.2366,0.3334,0.6592,0.6947,0.0,1
23.174341,92.740855,23.25,92.75,2025-03-16,12,0.8145,0.0,0.0,0.0,0.0,0.0001,0.0,0.05,0.05,0.0,0.1042,0.0,0
38.5,69.5,38.5,69.5,2025-11-06,12,0.0,0.0,0.0,0.0,0.0,0.0001,0.0,0.05,0.05,0.0,0.1042,0.0,0
26.067034467823397,85.42831276465691,26.0,85.5,2025-07-26,12,0.0507,4.6110148429870605,6.18896484375,11.227190017700195,6.1736650466918945,1.7708601199397633,3.0071305547441756,0.1141,0.1036,0.1246,0.2157,0.0,0
23.141474,92.750577,23.25,92.75,2025-05-29,12,0.9826,3.0944595336914062,83.5330810546875,154.39361572265625,87.82318115234375,0.1342179282547604,-18.961771283830917,0.2704,0.3737,0.7528,0.7786,0.2619,1
22.706999,92.841597,22.75,92.75,2025-03-21,12,0.5824,0.0,0.0,0.0,0.0,0.0001,0.0,0.05,0.05,0.0,0.1042,0.0,0
12.91866667,75.752125,13.0,75.75,2025-08-11,12,0.5869,0.0,0.37640491127967834,43.470211029052734,17.265262603759766,1.3869567527606555e-05,-6.210030147007534,0.1187,0.2045,0.3592,0.426,0.0,1
23.163136,92.7444,23.25,92.75,2025-08-01,12,0.917,1.392492413520813,31.539926528930664,89.17615509033203,44.02175521850586,0.10135721151973572,-11.346958313669477,0.1955,0.2915,0.5617,0.6073,0.0,1
22.53971857323232,84.85298016115874,22.5,84.75,2025-08-27,12,0.1455,6.936300754547119,91.94329833984375,143.69378662109375,85.41331481933594,0.3222084093215908,-13.591383048466273,0.2674,0.3984,0.8102,0.8299,0.4331,0
26.12014646218305,83.54975334852548,26.0,83.5,2025-08-17,12,0.076,0.0,23.14480972290039,52.389095306396484,25.589948654174805,1.1786675590672058e-05,-7.484156472342355,0.1459,0.2479,0.4603,0.5165,0.0,0
22.873867214136887,81.607725191106,22.75,81.5,2025-08-08,12,0.1201,0.0,1.9090017080307007,8.36082649230957,4.137378692626953,4.557046460686582e-05,-1.194403784615653,0.0681,0.0899,0.0927,0.1872,0.0,0
23.206253,92.533605,23.25,92.5,2025-06-01,12,0.8661,89.12710571289062,83.58097076416016,163.79278564453125,103.04899597167969,3.652908626297186,65.72813633510044,0.461,0.3878,0.7856,0.8079,0.3598,1
38.25,88.75,38.25,88.75,2025-12-25,12,0.0,0.0,0.0,0.0,0.0,0.0001,0.0,0.05,0.05,0.0,0.1042,0.0,0
23.144687,92.750609,23.25,92.75,2025-12-06,12,0.8145,0.0,0.0,0.0,0.0,0.0001,0.0,0.05,0.05,0.0,0.1042,0.0,0
26.050088890231315,83.55704860391945,26.0,83.5,2025-07-10,12,0.0856,0.0,0.290103942155838,16.08576011657715,6.16977071762085,3.03217219820868e-05,-2.2979657309395924,0.0766,0.124,0.1721,0.2584,0.0,0
19.25,95.5,19.25,95.5,2025-10-04,12,0.0,0.0,0.0,0.0,0.0,0.0001,0.0,0.05,0.05,0.0,0.1042,0.0,0
30.1185406,78.3736998,30.0,78.25,2025-08-06,12,0.6573,18.761066436767578,10.63201904296875,25.104713439941406,13.556127548217773,4.090619444495273,15.174678802490234,0.257,0.1457,0.2226,0.3035,0.0,1
20.5,84.75,20.5,84.75,2025-03-14,12,0.0,0.0,0.0,0.0,0.0,0.0001,0.0,0.05,0.05,0.0,0.1042,0.0,0
25.15861209163292,83.18747847114709,25.25,83.25,2025-08-11,12,0.0784,0.0,42.47218704223633,108.76190948486328,55.093265533447266,6.046894035481768e-06,-15.537415640694755,0.2193,0.3604,0.7218,0.7508,0.1694,0
30.1358437,78.3319908,30.25,78.25,2025-08-06,12,0.8616,23.01500701904297,19.314865112304688,82.36518096923828,40.484375,1.8027798677961318,11.248552594866071,0.2879,0.282,0.5395,0.5875,0.0,1
25.142114144588366,81.94945186021462,25.25,82.0,2025-07-04,12,0.1477,19.103059768676758,24.250587463378906,37.27962112426758,25.825624465942383,3.0199472124085207,13.777399608067103,0.2597,0.2005,0.35,0.4177,0.0,0
23.217324,92.99812,23.25,93.0,2025-01-27,12,0.7561,0.0,0.0,0.0,0.0,0.0001,0.0,0.05,0.05,0.0,0.1042,0.0,0
31.51194444,77.30166667,31.5,77.25,2025-01-11,12,0.7819,0.0,9.766044616699219,9.766044616699219,5.997572422027588,4.175105196265493e-05,-1.3951492309570312,0.0759,0.0887,0.09,0.1848,0.0,0
25.930503233038355,79.2155076073091,26.0,79.25,2025-08-17,12,0.0466,0.0,16.434288024902344,28.207534790039062,16.22479820251465,1.9882107741268056e-05,-4.0296478271484375,0.115,0.1723,0.2843,0.3589,0.0,0
22.788323,92.833817,22.75,92.75,2025-01-15,12,0.5824,0.0,0.0,0.0,0.0,0.0001,0.0,0.05,0.05,0.0,0.1042,0.0,0
31.0,85.25,31.0,85.25,2025-10-19,12,0.0,0.0,0.0,0.0,0.0,0.0001,0.0,0.05,0.05,0.0,0.1042,0.0,0
25.250462255699656,84.53656476405621,25.25,84.5,2025-07-22,12,0.0837,0.0,13.198034286499023,52.19024658203125,25.503211975097656,1.1826272746302485e-05,-7.45574951171875,0.1457,0.2471,0.4584,0.5148,0.0,0
28.0,71.25,28.0,71.25,2025-11-11,12,0.0,0.0,0.0,0.0,0.0,0.0001,0.0,0.05,0.05,0.0,0.1042,0.0,0
30.5,96.5,30.5,96.5,2025-07-06,12,0.0,0.0,0.0,0.0,0.0,0.0001,0.0,0.05,0.05,0.0,0.1042,0.0,0
22.75,78.5,22.75,78.5,2025-08-22,12,0.0,19.979707717895508,55.59809875488281,115.9390869140625,63.27816390991211,1.1376256122923156,3.4169810158865808,0.2663,0.373,0.7512,0.7772,0.2572,0
23.532058336769733,83.00864941660888,23.5,83.0,2025-07-07,12,0.0904,48.13312530517578,40.73636245727539,73.66353607177734,40.16566467285156,4.177012235570923,37.60976300920759,0.4002,0.2988,0.5785,0.6224,0.0,0
37.5,93.75,37.5,93.75,2025-05-21,12,0.0,0.0,0.0,0.0,0.0,0.0001,0.0,0.05,0.05,0.0,0.1042,0.0,0
11.4174,76.8781,11.5,77.0,2025-10-22,12,0.6487,12.98615837097168,92.36508178710938,135.58547973632812,87.24576568603516,0.6375390310773781,-6.383195877075195,0.2697,0.37,0.7442,0.7708,0.236,1
33.33043889,75.96503056,33.25,76.0,2025-04-18,12,0.7284,16.495763778686523,0.0,6.1083083152771,2.5329179763793945,8.80899683418567,15.623148305075508,0.2386,0.075,0.0582,0.1563,0.0,1
16.75,90.75,16.75,90.75,2025-03-26,12,0.0,0.0,0.0,0.0,0.0,0.0001,0.0,0.05,0.05,0.0,0.1042,0.0,0
23.223594,92.914767,23.25,93.0,2025-11-18,12,0.7561,0.0,0.0,0.0,0.0,0.0001,0.0,0.05,0.05,0.0,0.1042,0.0,0
11.32233333,76.62216667,11.25,76.5,2025-05-25,12,0.8412,13.958357810974121,7.947934627532959,50.710636138916016,22.003843307495117,1.6930883319605377,6.713981219700405,0.2162,0.2141,0.3816,0.446,0.0,1
24.815990462240805,79.62229571096496,24.75,79.5,2025-08-26,12,0.137,26.43869400024414,38.609039306640625,58.46043395996094,41.68201446533203,2.827227789459944,18.087203434535436,0.3096,0.2616,0.4921,0.545,0.0,0
26.90530556,88.15780556,27.0,88.25,2025-12-22,12,1.0,0.0,0.0,0.0,0.0,0.0001,0.0,0.05,0.05,0.0,0.1042,0.0,0
24.15027672595637,87.84441953583368,24.25,87.75,2025-07-07,12,0.098,24.265762329101562,8.904707908630371,31.385536193847656,17.369897842407227,4.42513126418007,19.782114301409038,0.2961,0.1822,0.3075,0.3796,0.0,0
23.184091,92.738895,23.25,92.75,2025-06-01,12,0.8811,99.3125228881836,87.32789611816406,173.41844177246094,108.7843017578125,3.853200112957625,74.53845977783203,0.4667,0.3951,0.8026,0.8232,0.4106,1
24.3190712486384,81.20027316562391,24.25,81.25,2025-07-15,12,0.0614,0.0,256.0074157714844,309.5719299316406,200.69964599609375,2.2111878338397073e-06,-44.224561418805806,0.3362,0.4689,0.9742,0.9769,0.923,0
19.5,68.25,19.5,68.25,2025-10-14,12,0.0,0.0,0.0,0.0,0.0,0.0001,0.0,0.05,0.05,0.0,0.1042,0.0,0
12.838391,75.202023,12.75,75.25,2025-09-07,12,0.6349,7.2258381843566895,125.89344787597656,198.5369873046875,115.4690933227539,0.24609471975725147,-21.13658857345581,0.2977,0.4221,0.8652,0.8793,0.5976,1
31.366877,76.7870719,31.25,76.75,2025-08-07,12,0.8565,43.344539642333984,22.5534725189209,89.75587463378906,51.27471923828125,3.1358558707129944,30.522271837506977,0.3857,0.2956,0.5711,0.6157,0.0,1
26.38176056513596,82.43794840979729,26.5,82.5,2025-07-09,12,0.1365,0.0,11.081201553344727,16.89785385131836,8.971233367919922,2.9291333203185673e-05,-2.4139791216169084,0.0879,0.1265,0.1779,0.2635,0.0,0
22.62478283042009,79.06551247216113,22.5,79.0,2025-07-16,12,0.0538,2.115245819091797,54.12142562866211,225.9396514892578,97.16724395751953,0.06356762637435918,-30.161847250802175,0.2809,0.4504,0.9311,0.9383,0.7942,0
25.422278,91.867694,25.5,91.75,2025-05-30,12,0.6192,7.953780174255371,44.805442810058594,52.67681884765625,32.16598892211914,0.9329780356074435,0.4285203388759067,0.1652,0.228,0.4139,0.475,0.0,1
9.25,79.25,9.25,79.25,2025-01-07,12,0.0,0.0,0.0,11.85521125793457,5.260220527648926,3.7125014958685706e-05,-1.6936016082763672,0.0728,0.107,0.1326,0.223,0.0,0
24.33508933260871,84.85651749265199,24.25,84.75,2025-08-07,12,0.0371,1.2809127569198608,43.08061218261719,69.6333236694336,39.66716384887695,0.11701292426150753,-8.666704910142082,0.185,0.2921,0.563,0.6085,0.0,0
26.985851257128623,80.92608894039645,27.0,81.0,2025-07-18,12,0.1424,30.319623947143555,33.72108459472656,107.24314880371094,58.26997375488281,1.8577750162914872,14.999174118041992,0.3312,0.3557,0.7109,0.741,0.1368,0
8.5,67.0,8.5,67.0,2025-06-21,12,0.0,0.0,0.0,0.0,0.0,0.0001,0.0,0.05,0.05,0.0,0.1042,0.0,0
25.43480556,91.85952778,25.5,91.75,2025-05-30,12,0.6409,7.953780174255371,44.805442810058594,52.67681884765625,32.16598892211914,0.9329780356074435,0.4285203388759067,0.1652,0.2271,0.4119,0.4732,0.0,1
26.440195321800587,83.98692402319098,26.5,84.0,2025-08-18,12,0.0381,0.0,3.195263147354126,36.7666130065918,17.154048919677734,1.5993926692352714e-05,-5.252373286655971,0.1183,0.2022,0.354,0.4213,0.0,0
30.50230556,78.01522222,30.5,78.0,2025-01-23,12,0.718,0.0,0.0,0.942972719669342,0.4184020161628723,8.812821404592968e-05,-0.13471038852419173,0.0519,0.054,0.0092,0.1124,0.0,0
6.5,97.75,6.5,97.75,2025-11-02,12,0.0,0.0,0.0,0.0,0.0,0.0001,0.0,0.05,0.05,0.0,0.1042,0.0,0
23.32044,92.643229,23.25,92.75,2025-06-01,12,0.9807,99.3125228881836,87.32789611816406,173.41844177246094,108.7843017578125,3.853200112957625,74.53845977783203,0.4667,0.3906,0.7921,0.8138,0.3793,1
35.25,72.5,35.25,72.5,2025-12-05,12,0.0,0.0,0.0,0.0,0.0,0.0001,0.0,0.05,0.05,0.0,0.1042,0.0,0
19.0,69.0,19.0,69.0,2025-08-12,12,0.0,0.0,0.0,0.0,0.0,0.0001,0.0,0.05,0.05,0.0,0.1042,0.0,0
33.25,93.5,33.25,93.5,2025-04-09,12,0.0,0.0,0.0,0.0,0.0,0.0001,0.0,0.05,0.05,0.0,0.1042,0.0,0
11.3752,76.8165,11.5,76.75,2025-10-17,12,0.7771,11.704320907592773,49.533180236816406,92.25886535644531,57.95980453491211,0.8254269889035083,-1.4755170004708429,0.2248,0.3038,0.5902,0.6329,0.0,1
29.25,71.75,29.25,71.75,2025-12-13,12,0.0,0.0,0.0,0.0,0.0,0.0001,0.0,0.05,0.05,0.0,0.1042,0.0,0
25.889924857854684,80.2047048099937,26.0,80.25,2025-07-20,12,0.0728,0.7284596562385559,60.28472137451172,113.11492919921875,68.727294921875,0.04245864879303498,-15.430815943649836,0.2436,0.3666,0.7362,0.7637,0.2123,0
18.25,87.75,18.25,87.75,2025-05-20,12,0.0,0.0,0.0,0.0,0.0,0.0001,0.0,0.05,0.05,0.0,0.1042,0.0,0
25.12602384765221,81.73554801047682,25.25,81.75,2025-07-01,12,0.022,0.0,1.7755208015441895,1.7755208015441895,1.509192705154419,7.97673455319967e-05,-0.2536458287920271,0.0567,0.059,0.021,0.1229,0.0,0
23.346456,92.851511,23.25,92.75,2025-12-17,12,0.8145,0.0,0.0,0.0,0.0,0.0001,0.0,0.05,0.05,0.0,0.1042,0.0,0
23.089822,92.751916,23.0,92.75,2025-01-06,12,0.6896,0.0,0.0,0.0,0.0,0.0001,0.0,0.05,0.05,0.0,0.1042,0.0,0
23.298166,92.858694,23.25,92.75,2025-01-18,12,0.8145,0.0,0.0,0.0,0.0,0.0001,0.0,0.05,0.05,0.0,0.1042,0.0,0
27.301412,93.051563,27.25,93.0,2025-08-27,12,0.6154,0.22357504069805145,42.30332946777344,81.11087036132812,48.28179168701172,0.017769944598953334,-11.363692153777395,0.2051,0.2913,0.5611,0.6069,0.0,1
26.82742828503967,87.40863547894698,26.75,87.5,2025-07-12,12,0.041,0.0,0.0,0.0,0.0,0.0001,0.0,0.05,0.05,0.0,0.1042,0.0,0
26.058419498312233,85.46525682160947,26.0,85.5,2025-07-14,12,0.1021,0.0,4.067102432250977,4.067102432250977,2.497709274291992,6.32505214698392e-05,-0.5810146331787109,0.0611,0.07,0.0464,0.1458,0.0,0
23.405369427225565,84.6801945251256,23.5,84.75,2025-08-18,12,0.0954,0.752981424331665,7.321822166442871,27.00624656677246,11.424263000488281,0.15501769535108034,-3.105053799492972,0.0974,0.1666,0.2712,0.3471,0.0,0
33.097678,75.325725,33.0,75.25,2025-01-24,12,0.6474,0.0,0.5311865210533142,10.523144721984863,4.219971179962158,3.994716765203491e-05,-1.5033063888549805,0.0685,0.0932,0.1004,0.1941,0.0,0
30.8984873,78.2980529,31.0,78.25,2025-02-07,12,0.6435,0.0,0.0,0.0,0.0,0.0001,0.0,0.05,0.05,0.0,0.1042,0.0,0
32.015,76.44056944,32.0,76.5,2025-03-22,12,0.6422,0.0,6.376834869384766,19.530437469482422,11.672760963439941,2.638478919939409e-05,-2.790062495640346,0.0983,0.1268,0.1786,0.2642,0.0,0
26.94263889,88.12736111,27.0,88.25,2025-09-01,12,1.0,0.37447357177734375,26.604663848876953,67.78330993652344,33.16855239868164,0.035061499747296415,-9.308856419154576,0.168,0.2464,0.4567,0.5133,0.0,1
26.40845305921754,86.14125685591162,26.5,86.25,2025-08-19,12,0.0344,10.062097549438477,0.0,24.93826675415039,10.80955696105957,2.205360215325906,6.499488013131278,0.1776,0.1604,0.2567,0.3341,0.0,0
12.673322,75.792564,12.75,75.75,2025-03-11,12,0.4391,0.0,0.0,0.0,0.0,0.0001,0.0,0.05,0.05,0.0,0.1042,0.0,0
23.40787142927765,78.77595581976149,23.5,78.75,2025-08-11,12,0.1109,27.096378326416016,0.0,4.217204570770264,1.549091100692749,16.909324162560715,26.49392053059169,0.3134,0.0706,0.048,0.1472,0.0,0
24.748111505530176,86.8781764033582,24.75,87.0,2025-07-13,12,0.1269,0.5055646896362305,25.237287521362305,42.71089553833008,24.767101287841797,0.07120476887656005,-5.595991815839495,0.1434,0.2182,0.3912,0.4546,0.0,0
11.3606,76.7813,11.25,76.75,2025-02-02,12,0.6801,0.0,0.0,0.0,0.0,0.0001,0.0,0.05,0.05,0.0,0.1042,0.0,0
33.04161389,74.59126944,33.0,74.5,2025-11-26,12,0.4111,0.0,0.0,0.0,0.0,0.0001,0.0,0.05,0.05,0.0,0.1042,0.0,0
13.16028833,75.42628194,13.25,75.5,2025-11-20,12,0.4503,0.0,0.0,0.0,0.0,0.0001,0.0,0.05,0.05,0.0,0.1042,0.0,0
32.06916667,78.33222222,32.0,78.25,2025-03-23,12,0.3757,0.37617385387420654,0.6108221411705017,34.743717193603516,14.011454582214355,0.06309732707567899,-4.587214316640582,0.1071,0.1853,0.3146,0.386,0.0,0
34.5,91.5,34.5,91.5,2025-03-27,12,0.0,0.0,0.0,0.0,0.0,0.0001,0.0,0.05,0.05,0.0,0.1042,0.0,0
23.2029,92.7369,23.25,92.75,2025-07-01,12,1.0,39.7066535949707,0.5415206551551819,49.990272521972656,23.749649047851562,4.877100299136701,32.565186091831755,0.3729,0.2058,0.3623,0.4287,0.0,1
33.24198611,75.23667778,33.25,75.25,2025-12-26,12,0.6662,0.0,7.624327182769775,9.513998985290527,5.72509765625,4.238827921834737e-05,-1.3591427121843611,0.0748,0.089,0.0908,0.1855,0.0,0
24.127816828591758,83.4948957351182,24.25,83.5,2025-08-15,12,0.0557,0.15053297579288483,4.064385890960693,13.067724227905273,7.279423713684082,0.05254361773040262,-1.7162847710507256,0.0811,0.1116,0.1433,0.2325,0.0,0
11.25,74.75,11.25,74.75,2025-10-13,12,0.0001,0.0,0.0,0.0,0.0,0.0001,0.0,0.05,0.05,0.0,0.1042,0.0,0
23.165872,92.741435,23.25,92.75,2025-08-01,12,1.0,1.392492413520813,31.539926528930664,89.17615509033203,44.02175521850586,0.10135721151973572,-11.346958313669477,0.1955,0.2873,0.5518,0.5985,0.0,1
22.8052310748034,81.21021526274467,22.75,81.25,2025-07-15,12,0.0381,9.636975288391113,84.33165740966797,159.72970581054688,83.53956604003906,0.40460412672587154,-13.181554113115585,0.265,0.4156,0.8502,0.8658,0.5527,0
24.39885678891189,85.4573831504119,24.5,85.5,2025-07-09,12,0.0581,1.2530639171600342,48.79376220703125,91.27698516845703,52.7417106628418,0.08925942737339633,-11.786505392619542,0.2145,0.3339,0.6602,0.6956,0.0,0
25.67761389,91.89865833,25.75,92.0,2025-05-30,12,0.5597,8.124890327453613,24.262802124023438,39.01264953613281,21.76595687866211,1.2360716643259708,2.55165467943464,0.1564,0.1925,0.3315,0.4011,0.0,1
11.72481667,75.81764167,11.75,75.75,2025-02-14,12,0.5092,0.0,0.0,0.0,0.0,0.0001,0.0,0.05,0.05,0.0,0.1042,0.0,0
23.298166,92.858694,23.25,92.75,2025-11-16,12,0.8145,0.0,0.0,0.0,0.0,0.0001,0.0,0.05,0.05,0.0,0.1042,0.0,0
13.38881556,75.31348722,13.5,75.25,2025-02-17,12,0.4707,0.0,0.0,0.0,0.0,0.0001,0.0,0.05,0.05,0.0,0.1042,0.0,0
22.63926908954348,81.12405897679632,22.75,81.0,2025-08-15,12,0.0965,1.9639095067977905,9.398980140686035,14.38171100616455,10.34785270690918,0.6429825257492646,-0.09062063694000244,0.0933,0.1166,0.155,0.243,0.0,0
26.383648,94.440751,26.5,94.5,2025-07-29,12,0.5969,6.725276470184326,29.39839744567871,60.96379470825195,34.86470413208008,0.6926869739010358,-1.9838370595659534,0.1726,0.2492,0.4633,0.5192,0.0,1
38.0,92.5,38.0,92.5,2025-07-12,12,0.0,0.0,0.0,0.0,0.0,0.0001,0.0,0.05,0.05,0.0,0.1042,0.0,0
26.293876426142326,84.51800103381068,26.25,84.5,2025-07-18,12,0.0282,13.805398941040039,26.941429138183594,26.941429138183594,19.7626953125,2.8472134215045006,9.956623349870954,0.2148,0.1681,0.2746,0.3502,0.0,0
23.203903,92.576807,23.25,92.5,2025-06-01,12,0.736,89.12710571289062,83.58097076416016,163.79278564453125,103.04899597167969,3.652908626297186,65.72813633510044,0.461,0.3935,0.7989,0.8198,0.3994,1
31.60555556,77.20027778,31.5,77.25,2025-07-22,12,0.949,69.30348205566406,24.46837615966797,56.533016204833984,26.75728416442871,7.63579479408908,61.22733688354492,0.442,0.2237,0.404,0.466,0.0,1
25.75297778,91.88535278,25.75,92.0,2025-05-30,12,0.6054,8.124890327453613,24.262802124023438,39.01264953613281,21.76595687866211,1.2360716643259708,2.55165467943464,0.1564,0.191,0.3279,0.3979,0.0,1
23.326565534979206,79.68230843203683,23.25,79.75,2025-08-04,12,0.1039,0.7370334267616272,35.25956726074219,113.06507873535156,60.77363586425781,0.04297614295248129,-15.415120678288595,0.23,0.3653,0.7333,0.7611,0.2035,0
32.25,85.5,32.25,85.5,2025-06-18,12,0.0,0.0,0.0,0.0,0.0,0.0001,0.0,0.05,0.05,0.0,0.1042,0.0,0
30.059677,78.485091,30.0,78.5,2025-12-07,12,0.659,0.0,0.0,0.0,0.0,0.0001,0.0,0.05,0.05,0.0,0.1042,0.0,0
23.130578,92.743046,23.25,92.75,2025-12-16,12,0.8145,0.0,0.0,0.0,0.0,0.0001,0.0,0.05,0.05,0.0,0.1042,0.0,0
22.447391914912085,84.5197371392296,22.5,84.5,2025-07-08,12,0.1228,8.935874938964844,51.97639465332031,151.08450317382812,81.87296295166016,0.39568599905059987,-12.647625514439174,0.2629,0.4058,0.8275,0.8455,0.4849,0
31.7691009,76.490383,31.75,76.5,2025-08-31,12,0.6914,30.746177673339844,35.48603820800781,212.88742065429688,102.16938781738281,0.9787915246491076,0.3336890084402917,0.3334,0.428,0.8791,0.8917,0.6391,1
26.92961329485009,84.3995638511457,27.0,84.5,2025-08-18,12,0.143,0.0,7.1770429611206055,53.04879379272461,21.730195999145508,1.1657186694144897e-05,-7.578399113246372,0.1337,0.2473,0.4587,0.5151,0.0,0
11.28088889,76.64761111,11.25,76.75,2025-02-18,12,0.6801,0.0,0.0,0.0,0.0,0.0001,0.0,0.05,0.05,0.0,0.1042,0.0,0
27.06844444,88.09144444,27.0,88.0,2025-01-21,12,0.7464,0.0,0.0,5.628877639770508,1.8213677406311035,5.5428520250729146e-05,-0.8041253771100726,0.0581,0.073,0.0535,0.1521,0.0,0
23.14016,92.75191,23.25,92.75,2025-09-26,12,1.0,3.4231669902801514,57.01133728027344,68.1397476196289,50.183895111083984,0.31891069229118885,-6.311082669666835,0.2092,0.2471,0.4584,0.5148,0.0,1
23.72810084450395,84.21507311138085,23.75,84.25,2025-07-25,12,0.0443,23.225467681884766,3.2476658821105957,65.96968841552734,34.3896369934082,2.2280343702084098,13.801226479666573,0.2893,0.2835,0.5429,0.5905,0.0,0
13.35143722,75.38734,13.25,75.5,2025-11-19,12,0.4503,0.0,0.0,0.0,0.0,0.0001,0.0,0.05,0.05,0.0,0.1042,0.0,0
26.860210470883118,79.42784850139564,26.75,79.5,2025-07-16,12,0.0346,16.90618324279785,44.488807678222656,59.716678619384766,38.366432189941406,1.7738290506745895,8.375229154314313,0.242,0.2687,0.5086,0.5597,0.0,0
19.5,75.75,19.5,75.75,2025-04-24,12,0.0,0.0,0.0,0.0,0.0,0.0001,0.0,0.05,0.05,0.0,0.1042,0.0,0
18.25,75.0,18.25,75.0,2025-06-06,12,0.0,1.1761540174484253,0.8720311522483826,3.0458261966705322,1.2513136863708496,0.8196217972462914,0.741035989352635,0.0673,0.0654,0.0359,0.1363,0.0,0
26.17027,91.698,26.25,91.75,2025-05-31,12,0.5026,46.6163215637207,25.202701568603516,40.160362243652344,27.459131240844727,6.9192630298331945,40.87912695748465,0.3959,0.1979,0.3439,0.4122,0.0,1
36.0,72.0,36.0,72.0,2025-11-26,12,0.0,0.0,0.0,0.0,0.0,0.0001,0.0,0.05,0.05,0.0,0.1042,0.0,0
14.520702,74.5679,14.5,74.5,2025-07-13,12,0.5632,94.6021957397461,57.40572738647461,200.5516357421875,95.16587829589844,3.190608774583697,65.95196206229073,0.4643,0.4256,0.8735,0.8867,0.6223,1
26.5,77.5,26.5,77.5,2025-06-04,12,0.0,0.0,0.286175400018692,0.286175400018692,0.20676173269748688,9.60723509343742e-05,-0.04088220000267029,0.0509,0.0515,0.0034,0.1072,0.0,0
30.082,78.4361,30.0,78.5,2025-06-13,12,0.872,0.0,0.0,8.038368225097656,2.5930252075195312,4.6547603404986736e-05,-1.1483383178710938,0.0615,0.0812,0.0727,0.1693,0.0,1
26.84736410213594,83.02566976789397,26.75,83.0,2025-07-05,12,0.1191,3.6663167476654053,28.76630210876465,34.75304412841797,21.45892333984375,0.6146837379023528,-1.2984038421085904,0.1328,0.1931,0.3328,0.4023,0.0,0
22.731869960811245,81.67534422291531,22.75,81.75,2025-08-21,12,0.0234,9.693117141723633,34.30116271972656,51.54642105102539,32.40525436401367,1.158952482047185,2.329342705862863,0.1737,0.2475,0.4593,0.5156,0.0,0
24.76034682326689,82.1579750068745,24.75,82.25,2025-08-16,12,0.0683,0.0,7.184041976928711,33.16477966308594,14.575626373291016,1.7428204657707756e-05,-4.737825666155134,0.1091,0.1892,0.3237,0.3942,0.0,0
11.3599,76.7814,11.25,76.75,2025-01-06,12,0.6801,0.0,0.0,0.0,0.0,0.0001,0.0,0.05,0.05,0.0,0.1042,0.0,0
38.0,80.0,38.0,80.0,2025-07-01,12,0.0,0.0,0.0,0.0,0.0,0.0001,0.0,0.05,0.05,0.0,0.1042,0.0,0
24.285871,92.94599,24.25,93.0,2025-02-16,12,0.5878,0.0,1.434001088142395,1.434001088142395,1.2189009189605713,8.299738080235135e-05,-0.20485729830605642,0.0555,0.0563,0.0146,0.1172,0.0,0
30.2884,79.119438,30.25,79.0,2025-11-16,12,0.7829,0.0,0.0,0.0,0.0,0.0001,0.0,0.05,0.05,0.0,0.1042,0.0,0
32.93181667,76.15378056,33.0,76.25,2025-11-25,12,0.5645,0.0,0.0,0.0,0.0,0.0001,0.0,0.05,0.05,0.0,0.1042,0.0,0
31.31508,76.631323,31.25,76.75,2025-12-01,12,0.7752,0.0,0.0,0.0,0.0,0.0001,0.0,0.05,0.05,0.0,0.1042,0.0,0
11.52344444,76.24775,11.5,76.25,2025-01-10,12,0.6407,0.0,0.0,0.0,0.0,0.0001,0.0,0.05,0.05,0.0,0.1042,0.0,0
27.25,99.5,27.25,99.5,2025-06-22,12,0.0,0.0,0.0,0.0,0.0,0.0001,0.0,0.05,0.05,0.0,0.1042,0.0,0
38.5,80.0,38.5,80.0,2025-03-14,12,0.0,0.0,0.0,0.0,0.0,0.0001,0.0,0.05,0.05,0.0,0.1042,0.0,0
30.2114,78.6793,30.25,78.75,2025-03-18,12,0.7975,4.343999862670898,15.066905975341797,15.066905975341797,11.44965648651123,1.3780227763999109,2.191584723336356,0.1106,0.1079,0.1348,0.2249,0.0,0
22.7579395595116,84.47159561126958,22.75,84.5,2025-08-20,12,0.0597,16.51573944091797,0.0,2.2341082096099854,0.8594984412193298,12.519982813945036,16.1965811252594,0.2388,0.0612,0.0261,0.1275,0.0,0
35.0,93.5,35.0,93.5,2025-10-16,12,0.0,0.0,0.0,0.0,0.0,0.0001,0.0,0.05,0.05,0.0,0.1042,0.0,0
23.83354323946122,84.21717185203843,23.75,84.25,2025-08-10,12,0.0889,3.1476011276245117,22.4920597076416,63.60468292236328,35.998573303222656,0.3120743126571365,-5.938782146998815,0.1756,0.2761,0.5259,0.5753,0.0,0
23.989328515087138,86.27553052274047,24.0,86.25,2025-07-11,12,0.024,72.41690826416016,71.56231689453125,109.36845397949219,65.44657897949219,4.356155302522592,56.79284340994698,0.4459,0.3633,0.7287,0.757,0.1899,0
11.31261111,76.62380556,11.25,76.5,2025-05-26,12,0.7848,40.85301971435547,13.958357810974121,64.66899108886719,30.56787109375,3.9901752997456406,31.61459241594587,0.3771,0.2496,0.4641,0.5199,0.0,1
23.2621559705102,78.18558336523526,23.25,78.25,2025-07-17,12,0.1038,0.19781257212162018,51.9222412109375,173.4462432861328,89.14398956298828,0.007677566346751467,-24.58022218304021,0.272,0.4234,0.8683,0.882,0.6068,0
25.0,77.5,25.0,77.5,2025-10-13,12,0.0,0.0,0.0,20.830081939697266,9.541577339172363,2.5152638842989142e-05,-2.975725991385324,0.0901,0.1451,0.2212,0.3023,0.0,0
11.2653,76.7448,11.25,76.75,2025-10-16,12,0.8262,31.0712833404541,8.614789962768555,18.8555850982666,10.46860122680664,8.412096750336554,28.377628326416016,0.3351,0.1207,0.1643,0.2514,0.0,1
22.745387,92.841543,22.75,92.75,2025-05-31,12,0.7078,55.93308639526367,77.14723205566406,181.53414916992188,103.7266616821289,2.076718231103936,29.999636513846262,0.4193,0.4084,0.8335,0.8509,0.5029,1
24.863862548685546,80.38337210627996,24.75,80.5,2025-07-24,12,0.0832,0.3388396203517914,0.0,157.5492401123047,67.44642639160156,0.014418646605984069,-22.16819468140602,0.2416,0.4125,0.843,0.8593,0.5311,0
26.375590222790237,85.90520510271674,26.5,86.0,2025-08-09,12,0.0909,26.783105850219727,21.146617889404297,140.43199157714844,67.59203338623047,1.2716537228179,6.721392767769949,0.3116,0.3972,0.8073,0.8274,0.4247,0
19.09314,73.79751,19.0,73.75,2025-08-21,12,0.5471,84.51531982421875,11.697951316833496,11.697951316833496,9.93001937866211,31.64025452547388,82.84418392181396,0.4577,0.0991,0.1141,0.2064,0.0,1
30.5,96.0,30.5,96.0,2025-06-10,12,0.0,0.0,0.0,0.0,0.0,0.0001,0.0,0.05,0.05,0.0,0.1042,0.0,0
23.58146174362812,87.76070586031904,23.5,87.75,2025-08-16,12,0.0793,0.26237234473228455,8.017732620239258,9.238801956176758,6.22401237487793,0.1131429780401463,-1.0574565061501093,0.0768,0.0943,0.103,0.1964,0.0,0
23.180345,92.900082,23.25,93.0,2025-06-01,12,0.9849,132.071044921875,89.81504821777344,186.56716918945312,115.71089172363281,4.77610959712014,105.41859218052456,0.4758,0.4005,0.815,0.8343,0.4477,1
37.25,92.75,37.25,92.75,2025-01-25,12,0.0,0.0,0.0,0.0,0.0,0.0001,0.0,0.05,0.05,0.0,0.1042,0.0,0
29.74830556,80.35272222,29.75,80.25,2025-11-28,12,0.6307,0.0,0.0,0.0,0.0,0.0001,0.0,0.05,0.05,0.0,0.1042,0.0,1
28.0,92.75,28.0,92.75,2025-11-17,12,0.0072,0.0,0.0,0.0,0.0,0.0001,0.0,0.05,0.05,0.0,0.1042,0.0,0
34.75,91.25,34.75,91.25,2025-07-15,12,0.0,0.0,0.0,0.0,0.0,0.0001,0.0,0.05,0.05,0.0,0.1042,0.0,0
22.69141586702374,82.26122370972486,22.75,82.25,2025-07-01,12,0.0979,0.5973091721534729,49.34141159057617,95.39180755615234,53.8137321472168,0.040841785147517275,-13.030091907296862,0.2167,0.3392,0.6726,0.7067,0.0225,0
12.0,66.75,12.0,66.75,2025-02-06,12,0.0,0.0,0.0,0.0,0.0,0.0001,0.0,0.05,0.05,0.0,0.1042,0.0,0
15.5,95.0,15.5,95.0,2025-05-03,12,0.0,0.0,0.0,0.0,0.0,0.0001,0.0,0.05,0.05,0.0,0.1042,0.0,0
33.63745556,74.19265556,33.75,74.25,2025-01-26,12,0.3768,0.0,5.180727481842041,6.981695652008057,4.121730804443359,5.0065458255019715e-05,-0.9973850931440081,0.068,0.0814,0.0731,0.1696,0.0,0
24.043705183790614,86.2334747694614,24.0,86.25,2025-07-12,12,0.1227,6.297654151916504,106.35218811035156,170.7274932861328,114.1707992553711,0.24804422910777194,-18.09198774610247,0.2967,0.421,0.8627,0.877,0.5901,0
27.10008347,88.23825663,27.0,88.25,2025-11-13,12,1.0,0.0,0.0,8.863222122192383,3.9326589107513428,4.4127226777005905e-05,-1.266174588884626,0.0672,0.083,0.0767,0.1729,0.0,0
21.25,93.0,21.25,93.0,2025-06-06,12,0.0004,0.0,0.0,0.0,0.0,0.0001,0.0,0.05,0.05,0.0,0.1042,0.0,0
26.162447372097244,86.80582443120966,26.25,86.75,2025-07-02,12,0.1319,1.5464452505111694,0.0,11.867188453674316,4.0514235496521,0.573790672635694,-0.14886738572801872,0.0727,0.1053,0.1286,0.2194,0.0,0
30.073814,78.492374,30.0,78.5,2025-03-19,12,0.659,0.2464071661233902,10.513489723205566,10.513489723205566,7.200545310974121,0.0985269178293666,-1.2555199371916907,0.0808,0.093,0.1,0.1938,0.0,0
30.07166667,79.50266667,30.0,79.5,2025-03-06,12,0.677,0.557098925113678,1.7284165620803833,60.141387939453125,29.499601364135742,0.058092222926833866,-8.034527923379626,0.1576,0.2439,0.4509,0.5081,0.0,0
34.5,88.75,34.5,88.75,2025-01-07,12,0.0,0.0,0.0,0.0,0.0,0.0001,0.0,0.05,0.05,0.0,0.1042,0.0,0
23.25,98.25,23.25,98.25,2025-03-25,12,0.0,0.0,0.0,0.0,0.0,0.0001,0.0,0.05,0.05,0.0,0.1042,0.0,0
23.25,92.25,23.25,92.25,2025-05-10,12,0.1858,0.0,0.20256443321704865,26.652956008911133,9.822551727294922,2.0800550174987407e-05,-3.807565144130162,0.0912,0.163,0.2629,0.3396,0.0,0
18.47662,73.45907,18.5,73.5,2025-08-21,12,0.5063,82.55400848388672,62.8630485534668,68.08854675292969,52.31052017211914,7.695964090084888,72.8270732334682,0.4561,0.2694,0.5101,0.5612,0.0,1
22.745387,92.841543,22.75,92.75,2025-01-05,12,0.5824,0.0,0.0,0.0,0.0,0.0001,0.0,0.05,0.05,0.0,0.1042,0.0,0
18.26614,73.59632,18.25,73.5,2025-01-27,12,0.4745,0.0,0.0,0.0,0.0,0.0001,0.0,0.05,0.05,0.0,0.1042,0.0,0
33.160347,74.272017,33.25,74.25,2025-02-01,12,0.381,0.0,0.0,0.0,0.0,0.0001,0.0,0.05,0.05,0.0,0.1042,0.0,0
25.536985000164638,81.89230471691789,25.5,82.0,2025-08-16,12,0.0976,0.0,6.870772838592529,18.924715042114258,9.681437492370605,2.700126110789885e-05,-2.703530720302037,0.0907,0.1355,0.1987,0.2822,0.0,0
23.3057,92.852802,23.25,92.75,2025-05-31,12,0.9868,58.45155715942383,51.10498046875,134.1341552734375,75.67455291748047,2.8990969572407543,39.28953497750419,0.4244,0.3521,0.7025,0.7335,0.1118,1
18.51905,72.961793,18.5,73.0,2025-12-09,12,0.3924,0.0,0.0,0.0,0.0,0.0001,0.0,0.05,0.05,0.0,0.1042,0.0,0
25.809088,91.875238,25.75,92.0,2025-01-10,12,0.4842,0.0,0.0,0.0,0.0,0.0001,0.0,0.05,0.05,0.0,0.1042,0.0,0
7.0,87.75,7.0,87.75,2025-01-04,12,0.0,0.0,0.0,0.0,0.0,0.0001,0.0,0.05,0.05,0.0,0.1042,0.0,0
33.205743,75.347395,33.25,75.25,2025-03-26,12,0.6662,0.0,0.0,1.5213332176208496,0.67502361536026,8.214677000924035e-05,-0.21733331680297852,0.053,0.0565,0.0151,0.1177,0.0,0
29.5,93.0,29.5,93.0,2025-01-21,12,0.0,0.0,0.0,0.0,0.0,0.0001,0.0,0.05,0.05,0.0,0.1042,0.0,0
18.51037,73.125529,18.5,73.25,2025-02-10,12,0.427,0.0,0.0,0.0,0.0,0.0001,0.0,0.05,0.05,0.0,0.1042,0.0,0
23.316491,92.788798,23.25,92.75,2025-05-31,12,0.9867,58.45155715942383,51.10498046875,134.1341552734375,75.67455291748047,2.8990969572407543,39.28953497750419,0.4244,0.3521,0.7026,0.7336,0.1118,1
23.67701,92.87895,23.75,93.0,2025-02-20,12,0.8092,0.0,0.0,0.0,0.0,0.0001,0.0,0.05,0.05,0.0,0.1042,0.0,0
27.06049,88.093213,27.0,88.0,2025-08-09,12,0.948,20.55986785888672,19.761341094970703,81.85607147216797,42.18268585205078,1.6196954538698738,8.866143362862724,0.2706,0.2768,0.5274,0.5766,0.0,1
23.193401,92.900218,23.25,93.0,2025-12-26,12,0.7561,0.0,0.0,0.0,0.0,0.0001,0.0,0.05,0.05,0.0,0.1042,0.0,0
7.0,87.75,7.0,87.75,2025-10-19,12,0.0,0.0,0.0,0.0,0.0,0.0001,0.0,0.05,0.05,0.0,0.1042,0.0,0
30.04883333,79.53783333,30.0,79.5,2025-08-23,12,0.8233,2.6254043579101562,23.894840240478516,101.09667205810547,52.052425384521484,0.17001939241470856,-11.816977364676339,0.2131,0.3159,0.6184,0.6582,0.0,1
25.18965244789833,85.69169869523587,25.25,85.75,2025-08-17,12,0.1448,0.3366614878177643,24.44123077392578,44.4957389831543,24.538114547729492,0.045777193633350886,-6.019872652632849,0.1427,0.223,0.4023,0.4645,0.0,0
30.0808,78.5235,30.0,78.5,2025-08-04,12,0.8391,1.5028144121170044,20.099348068237305,42.7645378112793,23.91889190673828,0.21140356863586798,-4.606405275208609,0.1407,0.1933,0.3334,0.4028,0.0,1
11.21705556,76.60447222,11.25,76.5,2025-11-08,12,0.6887,0.0,0.0,0.0,0.0,0.0001,0.0,0.05,0.05,0.0,0.1042,0.0,0
30.087446,79.473568,30.0,79.5,2025-03-21,12,0.677,0.0,0.0,3.9811558723449707,1.7664600610733032,6.374556632629954e-05,-0.5687365531921387,0.0579,0.0667,0.0389,0.139,0.0,0
16.25,76.0,16.25,76.0,2025-04-12,12,0.0,13.810535430908203,5.063024997711182,14.277323722839355,7.388822555541992,4.543543599545173,11.770917756216868,0.2148,0.1177,0.1575,0.2452,0.0,0
30.336652,79.319623,30.25,79.25,2025-12-02,12,0.718,0.0,0.0,0.0,0.0,0.0001,0.0,0.05,0.05,0.0,0.1042,0.0,0
37.5,88.0,37.5,88.0,2025-05-09,12,0.0,0.0,0.0,0.0,0.0,0.0001,0.0,0.05,0.05,0.0,0.1042,0.0,0
26.874957,88.191543,26.75,88.25,2025-10-04,12,0.9021,17.706602096557617,9.060125350952148,9.500626564025879,7.871240615844727,7.511648978598686,16.349369730268204,0.2486,0.0863,0.0845,0.1799,0.0,1
25.43751046402208,82.70288476703176,25.5,82.75,2025-07-18,12,0.1479,64.68042755126953,60.06589126586914,101.60533905029297,65.6441650390625,4.168889824552925,50.16537911551339,0.4353,0.3471,0.6909,0.7231,0.0771,0
38.0,99.25,38.0,99.25,2025-10-18,12,0.0,0.0,0.0,0.0,0.0,0.0001,0.0,0.05,0.05,0.0,0.1042,0.0,0
33.047327,74.644605,33.0,74.75,2025-08-26,12,0.6948,8.016660690307617,122.61822509765625,163.82440185546875,121.85516357421875,0.32850883259426317,-15.38682528904506,0.3026,0.3953,0.803,0.8235,0.4117,1
23.548826570714517,83.21884461927479,23.5,83.25,2025-07-16,12,0.0695,37.00244140625,80.36979675292969,144.01162719726562,89.41936492919922,1.7152175276238601,16.429351806640625,0.3622,0.4013,0.817,0.836,0.4534,0
24.606354034459347,87.21397588000197,24.5,87.25,2025-08-27,12,0.0425,8.95025634765625,28.60118293762207,60.82415771484375,36.54994201660156,0.9237489494083588,0.2610909598214288,0.177,0.2711,0.5143,0.5649,0.0,0
23.3057,92.852802,23.25,92.75,2025-01-14,12,0.8145,0.0,0.0,0.0,0.0,0.0001,0.0,0.05,0.05,0.0,0.1042,0.0,0
30.258675,79.222849,30.25,79.25,2025-01-16,12,0.718,0.0,0.5952969193458557,0.5952969193458557,0.40874701738357544,9.216229561968032e-05,-0.08504241704940796,0.0518,0.0525,0.0058,0.1094,0.0,0
25.652081325098678,83.32876434696747,25.75,83.25,2025-08-25,12,0.0608,6.567598819732666,15.221014976501465,15.221014976501465,11.06236743927002,2.068937525434624,4.393168108803885,0.1383,0.1208,0.1646,0.2516,0.0,0
23.288276,92.830821,23.25,92.75,2025-05-31,12,0.9442,58.45155715942383,51.10498046875,134.1341552734375,75.67455291748047,2.8990969572407543,39.28953497750419,0.4244,0.3543,0.7076,0.7381,0.1269,1
23.75,70.25,23.75,70.25,2025-04-03,12,0.0,0.0,0.0,0.0,0.0,0.0001,0.0,0.05,0.05,0.0,0.1042,0.0,0
23.200073,92.734654,23.25,92.75,2025-07-01,12,0.8919,39.7066535949707,0.5415206551551819,49.990272521972656,23.749649047851562,4.877100299136701,32.565186091831755,0.3729,0.2102,0.3726,0.4379,0.0,1
31.75,95.5,31.75,95.5,2025-08-13,12,0.0,0.0,0.0,0.0,0.0,0.0001,0.0,0.05,0.05,0.0,0.1042,0.0,0
23.19796,92.543304,23.25,92.5,2025-01-17,12,0.6729,0.0,0.0,0.0,0.0,0.0001,0.0,0.05,0.05,0.0,0.1042,0.0,0
33.0,83.5,33.0,83.5,2025-01-20,12,0.0,0.0,0.0,0.0,0.0,0.0001,0.0,0.05,0.05,0.0,0.1042,0.0,0
11.2774,76.6898,11.25,76.75,2025-10-22,12,0.8486,3.2365293502807617,22.973480224609375,62.4788703918457,31.56708526611328,0.3260905844350684,-5.6890235628400525,0.1635,0.2418,0.4461,0.5038,0.0,1
23.149588,92.749562,23.25,92.75,2025-12-08,12,0.8145,0.0,0.0,0.0,0.0,0.0001,0.0,0.05,0.05,0.0,0.1042,0.0,0
31.3704259,76.7702055,31.25,76.75,2025-12-04,12,0.7752,0.0,0.0,0.0,0.0,0.0001,0.0,0.05,0.05,0.0,0.1042,0.0,0
22.491,92.97076,22.5,93.0,2025-05-31,12,0.5751,54.579010009765625,73.99465942382812,179.4389190673828,101.87033081054688,2.0492168265054005,28.944878714425222,0.4163,0.412,0.8418,0.8582,0.5275,1
8.0,93.75,8.0,93.75,2025-02-19,12,0.0,0.0,0.0,0.0,0.0,0.0001,0.0,0.05,0.05,0.0,0.1042,0.0,0
23.293873,92.858395,23.25,92.75,2025-07-28,12,0.9798,5.256509304046631,52.379722595214844,196.76405334472656,95.13275909423828,0.1805827108576151,-22.85264117377145,0.2788,0.4077,0.8318,0.8494,0.4978,1
11.72976111,75.81385278,11.75,75.75,2025-01-13,12,0.5092,0.0,0.0,0.0,0.0,0.0001,0.0,0.05,0.05,0.0,0.1042,0.0,0
23.081023,92.897247,23.0,93.0,2025-05-31,12,0.85,55.573516845703125,73.36700439453125,177.0118865966797,100.72413635253906,2.11407711270616,30.286104474748885,0.4185,0.3993,0.8123,0.8318,0.4394,1
30.163511,78.617044,30.25,78.5,2025-07-15,12,0.9787,7.270778656005859,38.362709045410156,101.97516632080078,55.612239837646484,0.46704356882753517,-7.2971022469656805,0.2203,0.3094,0.6032,0.6445,0.0,1
23.409595214523645,81.63809641140934,23.5,81.75,2025-08-13,12,0.0651,0.10902414470911026,1.4806028604507446,2.5490617752075195,1.3508421182632446,0.07999414297926369,-0.2551275374633925,0.056,0.0627,0.0296,0.1307,0.0,0
30.07344444,79.50233333,30.0,79.5,2025-08-23,12,0.8131,2.6254043579101562,23.894840240478516,101.09667205810547,52.052425384521484,0.17001939241470856,-11.816977364676339,0.2131,0.3164,0.6196,0.6592,0.0,1
25.412702393835787,81.31616849107834,25.5,81.25,2025-07-14,12,0.1039,3.0640153884887695,14.383674621582031,22.881309509277344,14.479412078857422,0.7178001256190633,-0.2047431128365651,0.1088,0.1509,0.2347,0.3144,0.0,0
23.363120003667667,82.13549101525352,23.25,82.25,2025-07-11,12,0.036,2.449990749359131,36.34548568725586,131.31851196289062,64.28191375732422,0.12399378074653701,-16.30979667391096,0.2362,0.3898,0.7902,0.8121,0.3735,0
13.43878944,75.25837306,13.5,75.25,2025-01-16,12,0.4707,0.0,7.053425312042236,7.053425312042236,5.9954118728637695,4.980992067465411e-05,-1.0076321874346053,0.0759,0.0809,0.072,0.1686,0.0,0
31.93277778,76.87944444,32.0,77.0,2025-08-21,12,0.8121,8.669842720031738,117.43089294433594,158.51307678222656,101.59445190429688,0.3666755534976512,-13.974882534572057,0.2854,0.3856,0.7804,0.8033,0.3443,1
23.152289,92.746243,23.25,92.75,2025-05-30,12,0.8796,25.781877517700195,70.82451629638672,121.74378967285156,67.5400161743164,1.4018062003806169,8.389907564435685,0.3056,0.3424,0.6801,0.7134,0.0447,1
26.869009266414995,78.3912480481972,26.75,78.5,2025-08-19,12,0.1497,0.0,0.580552875995636,11.09508228302002,5.711432933807373,3.868454362635659e-05,-1.5850117547171456,0.0747,0.1017,0.1203,0.2119,0.0,0
24.769154579339116,85.30706884362885,24.75,85.25,2025-07-13,12,0.0215,0.0,17.185340881347656,44.358211517333984,23.714752197265625,1.3629758111100539e-05,-6.336887359619141,0.1401,0.2268,0.4111,0.4724,0.0,0
27.248882,88.476747,27.25,88.5,2025-09-15,12,1.0,47.07073974609375,38.978538513183594,106.93374633789062,57.092079162597656,2.891995469414989,31.794490269252233,0.3972,0.3158,0.618,0.6578,0.0,1
31.95333333,77.08583333,32.0,77.0,2025-09-26,12,0.7887,0.0,0.0,2.5922751426696777,1.0517865419387817,7.297538796465123e-05,-0.37032502038138254,0.0547,0.0606,0.0247,0.1263,0.0,1
22.903567,92.758702,23.0,92.75,2025-12-12,12,0.6896,0.0,0.0,0.0,0.0,0.0001,0.0,0.05,0.05,0.0,0.1042,0.0,0
24.223126200307714,87.44936045365397,24.25,87.5,2025-07-23,12,0.0202,0.0,62.82498550415039,151.78173828125,78.079833984375,4.408567430847057e-06,-21.68310546875,0.2577,0.4098,0.8367,0.8537,0.5124,0
23.206239,92.491221,23.25,92.5,2025-06-01,12,0.7283,89.12710571289062,83.58097076416016,163.79278564453125,103.04899597167969,3.652908626297186,65.72813633510044,0.461,0.3938,0.7996,0.8205,0.4017,1
26.89861111,88.16813889,27.0,88.25,2025-08-02,12,1.0,10.617213249206543,150.99441528320312,291.91265869140625,173.513916015625,0.2486384921595913,-31.08459513528006,0.3287,0.4489,0.9277,0.9352,0.7842,1
11.3307,76.808,11.25,76.75,2025-10-19,12,0.756,8.852898597717285,37.709163665771484,49.19961166381836,28.44532012939453,1.1026942775819621,1.824382645743234,0.1646,0.2136,0.3805,0.445,0.0,1
24.94756,92.73097,25.0,92.75,2025-06-01,12,0.7201,72.87725830078125,68.7322769165039,91.60737609863281,66.94568634033203,5.173461948680145,59.79049028669085,0.4464,0.3054,0.594,0.6363,0.0,1
26.71116859745583,83.27225978250483,26.75,83.25,2025-08-25,12,0.0406,4.04802131652832,9.613389015197754,11.90495491027832,8.854076385498047,1.4989112298962401,2.347313472202846,0.1068,0.1067,0.1319,0.2223,0.0,0
11.3752,76.8165,11.5,76.75,2025-02-17,12,0.6111,0.0,0.0,0.0,0.0,0.0001,0.0,0.05,0.05,0.0,0.1042,0.0,0
11.5,79.25,11.5,79.25,2025-02-11,12,0.0,0.0,0.0,0.0,0.0,0.0001,0.0,0.05,0.05,0.0,0.1042,0.0,0
18.36807,73.77814,18.25,73.75,2025-12-10,12,0.4514,0.0,0.0,0.0,0.0,0.0001,0.0,0.05,0.05,0.0,0.1042,0.0,0
31.484232,76.388595,31.5,76.5,2025-11-27,12,0.6159,0.0,0.0,0.0,0.0,0.0001,0.0,0.05,0.05,0.0,0.1042,0.0,0
23.499710348885113,83.96081955238306,23.5,84.0,2025-08-25,12,0.0414,23.799484252929688,87.06590270996094,97.22437286376953,73.8548583984375,1.5984465551859441,9.91028812953404,0.2931,0.3445,0.6848,0.7177,0.0589,0
24.429358795931627,80.56776567720507,24.5,80.5,2025-08-14,12,0.0599,0.21260127425193787,9.448942184448242,36.598270416259766,18.8264102935791,0.03415064188436896,-5.015723070928028,0.1241,0.201,0.3512,0.4188,0.0,0
18.51037,73.125529,18.5,73.25,2025-11-24,12,0.427,0.0,0.0,0.0,0.0,0.0001,0.0,0.05,0.05,0.0,0.1042,0.0,0
23.67701,92.87895,23.75,93.0,2025-06-01,12,0.939,65.54678344726562,80.57870483398438,139.9527587890625,90.33653259277344,3.1222835686226627,45.553532191685264,0.4366,0.3611,0.7234,0.7522,0.174,1
24.871351901285436,86.33056941264213,24.75,86.25,2025-07-03,12,0.0228,0.6788458824157715,13.241174697875977,63.55788803100586,31.132164001464844,0.0673577584241455,-8.400852407727923,0.1623,0.2786,0.5316,0.5804,0.0,0
26.506120114888947,79.26102695987409,26.5,79.25,2025-08-19,12,0.1307,0.0,0.0,56.070709228515625,29.269262313842773,1.109865432880712e-05,-8.010101318359375,0.157,0.2557,0.4784,0.5327,0.0,0
11.28111111,76.64833333,11.25,76.75,2025-05-26,12,0.7742,72.75859069824219,36.22083282470703,72.1576156616211,46.170509338378906,6.434135624610916,62.45035988943917,0.4463,0.2661,0.5026,0.5544,0.0,1
32.442188,75.531513,32.5,75.5,2025-12-26,12,0.5616,0.0,0.0,0.0,0.0,0.0001,0.0,0.05,0.05,0.0,0.1042,0.0,0
26.192746035123967,82.71083729483925,26.25,82.75,2025-07-03,12,0.0771,9.51533317565918,34.05229187011719,40.3652458190918,26.966720581054688,1.406263834964964,3.748869487217495,0.1718,0.2126,0.3781,0.4429,0.0,0
18.3619,73.77245,18.25,73.75,2025-11-03,12,0.4514,4.144219398498535,6.473062992095947,30.638830184936523,14.26416301727295,0.7707528540857777,-0.23275634220668273,0.1081,0.1697,0.2783,0.3535,0.0,0
27.04530556,88.10741667,27.0,88.0,2025-06-18,12,0.9351,5.836963176727295,38.433319091796875,52.10837173461914,33.067440032958984,0.6912632007617987,-1.6070899282182962,0.1677,0.2137,0.3807,0.4452,0.0,1
14.5,74.0,14.5,74.0,2025-07-12,12,0.0471,0.0,0.0,0.0,0.0,0.0001,0.0,0.05,0.05,0.0,0.1042,0.0,0
26.224570425091265,81.29243478763577,26.25,81.25,2025-08-20,12,0.1116,0.0,0.0,19.21038055419922,7.075245380401611,2.670697583167489e-05,-2.744340079171317,0.0803,0.1363,0.2008,0.284,0.0,0
22.263548949267197,78.37566229543981,22.25,78.5,2025-07-22,12,0.0547,14.13976764678955,0.9293038845062256,8.600815773010254,3.673633337020874,6.34448063278606,12.911079679216657,0.2179,0.0916,0.0968,0.1909,0.0,0
11.25,79.75,11.25,79.75,2025-11-08,12,0.0,1.2151840925216675,4.116201400756836,4.116201400756836,3.4987711906433105,0.7652783843114322,0.6271553209849766,0.0679,0.0707,0.0482,0.1473,0.0,0
22.75107447733463,84.58724334227406,22.75,84.5,2025-07-26,12,0.14,24.220233917236328,38.93111801147461,75.03717041015625,43.39389419555664,2.066652671868176,13.500638144356865,0.2958,0.2997,0.5806,0.6243,0.0,0
10.0,83.5,10.0,83.5,2025-03-12,12,0.0,0.0,0.0,0.0,0.0,0.0001,0.0,0.05,0.05,0.0,0.1042,0.0,0
23.322039,92.859147,23.25,92.75,2025-05-31,12,1.0,58.45155715942383,51.10498046875,134.1341552734375,75.67455291748047,2.8990969572407543,39.28953497750419,0.4244,0.3514,0.701,0.7321,0.1071,1
25.428563844123403,86.5898054712222,25.5,86.5,2025-07-15,12,0.1324,3.4432601928710938,0.0,8.540975570678711,4.458442687988281,1.5509657833562245,2.2231208256312778,0.0988,0.0906,0.0943,0.1887,0.0,0
23.243855,92.905242,23.25,93.0,2025-11-26,12,0.7561,0.0,0.0,0.0,0.0,0.0001,0.0,0.05,0.05,0.0,0.1042,0.0,0
23.310074,92.858498,23.25,92.75,2025-05-31,12,1.0,58.45155715942383,51.10498046875,134.1341552734375,75.67455291748047,2.8990969572407543,39.28953497750419,0.4244,0.3514,0.701,0.7321,0.1071,1
30.0,89.25,30.0,89.25,2025-07-11,12,0.0,0.0,0.0,0.0,0.0,0.0001,0.0,0.05,0.05,0.0,0.1042,0.0,0
31.5,90.0,31.5,90.0,2025-07-25,12,0.0,0.0,0.0,0.0,0.0,0.0001,0.0,0.05,0.05,0.0,0.1042,0.0,0
23.103993,92.74869,23.0,92.75,2025-05-30,12,0.9085,30.283790588378906,105.716796875,159.10182189941406,89.76313018798828,1.2762486991083397,7.554958888462611,0.331,0.3817,0.7714,0.7952,0.3173,1
23.157803,92.743652,23.25,92.75,2025-03-07,12,0.8145,0.0,0.0,0.0,0.0,0.0001,0.0,0.05,0.05,0.0,0.1042,0.0,0
25.16272054982914,84.44470277121033,25.25,84.5,2025-08-02,12,0.0633,1.269592046737671,37.75200653076172,66.71856689453125,37.38702392578125,0.12056452942010507,-8.261631795338221,0.1792,0.2844,0.5452,0.5926,0.0,0
26.75,89.25,26.75,89.25,2025-07-14,12,0.1302,0.0,2.2585363388061523,74.72721099853516,26.907676696777344,8.565078771775859e-06,-10.675315856933594,0.15,0.2994,0.58,0.6238,0.0,0
33.159591,74.271341,33.25,74.25,2025-08-26,12,0.5168,1.1449106931686401,22.598278045654297,60.97107696533203,33.39668655395508,0.11791890330454069,-7.56524315902165,0.1686,0.2526,0.4712,0.5263,0.0,1
22.399912413983774,78.89825752572084,22.5,79.0,2025-07-15,12,0.0979,2.4209141731262207,54.99192810058594,240.7828369140625,117.4279556274414,0.06839496804115307,-31.976633957454133,0.2993,0.4543,0.9403,0.9465,0.8218,0
6.75,73.75,6.75,73.75,2025-07-13,12,0.0,0.0,0.0,0.0,0.0,0.0001,0.0,0.05,0.05,0.0,0.1042,0.0,0
33.376256,74.39121,33.5,74.5,2025-02-04,12,0.4169,0.0,5.247607231140137,5.247607231140137,3.9054510593414307,5.7154020927468677e-05,-0.7496581758771624,0.0671,0.0736,0.0548,0.1533,0.0,0
26.16616,91.713803,26.25,91.75,2025-11-22,12,0.4187,0.0,0.0,0.0,0.0,0.0001,0.0,0.05,0.05,0.0,0.1042,0.0,0
23.644978873439843,85.05434185094552,23.75,85.0,2025-08-21,12,0.1467,9.492650985717773,8.49395751953125,17.208663940429688,10.17529296875,2.744854365508821,7.0342704227992465,0.1716,0.1276,0.1804,0.2658,0.0,0
23.125686,92.740507,23.25,92.75,2025-03-03,12,0.8145,0.0,0.0,0.0,0.0,0.0001,0.0,0.05,0.05,0.0,0.1042,0.0,0
27.0718085,88.2007865,27.0,88.25,2025-02-24,12,1.0,0.0,2.930877685546875,4.857522010803223,3.0487804412841797,5.903425685081924e-05,-0.6939317158290318,0.0635,0.0684,0.0428,0.1425,0.0,0
23.281219,92.869608,23.25,92.75,2025-05-31,12,0.8895,58.45155715942383,51.10498046875,134.1341552734375,75.67455291748047,2.8990969572407543,39.28953497750419,0.4244,0.357,0.714,0.7438,0.1459,1
25.035676404417885,81.88726347876546,25.0,82.0,2025-07-08,12,0.0323,0.0,17.78912353515625,57.95308303833008,29.815509796142578,1.0777009608410988e-05,-8.279011862618583,0.1585,0.2643,0.4983,0.5506,0.0,0
24.033017,92.26034,24.0,92.25,2025-01-21,12,0.4653,0.0,0.0,0.0,0.0,0.0001,0.0,0.05,0.05,0.0,0.1042,0.0,0
30.904346,77.089736,31.0,77.0,2025-09-03,12,0.9607,28.426265716552734,114.01287078857422,187.73780822753906,121.7370834350586,1.0218075361275916,1.6065788269042969,0.321,0.4024,0.8195,0.8383,0.4609,1
18.3961,73.85762,18.5,73.75,2025-03-18,12,0.4299,0.0,0.0,0.0,0.0,0.0001,0.0,0.05,0.05,0.0,0.1042,0.0,0
21.5,83.5,21.5,83.5,2025-02-11,12,0.0,0.0,0.0,0.0,0.0,0.0001,0.0,0.05,0.05,0.0,0.1042,0.0,0
28.5,70.0,28.5,70.0,2025-05-13,12,0.0,0.0,0.0,0.0,0.0,0.0001,0.0,0.05,0.05,0.0,0.1042,0.0,0
11.51652778,75.89355556,11.5,76.0,2025-11-09,12,0.6074,0.0,0.0,0.0,0.0,0.0001,0.0,0.05,0.05,0.0,0.1042,0.0,0
26.91986111,88.1455,27.0,88.25,2025-09-08,12,1.0,12.734663963317871,16.375991821289062,40.62370681762695,21.740692138671875,1.871827157104673,6.931277275085449,0.2046,0.1817,0.3062,0.3785,0.0,1
24.266337303775106,86.531758122578,24.25,86.5,2025-07-17,12,0.0303,36.44022750854492,37.350868225097656,73.66529083251953,44.06919479370117,3.1622311148598774,25.916614532470703,0.3599,0.3012,0.5841,0.6274,0.0,0
33.00729722,74.94604444,33.0,75.0,2025-08-26,12,0.6197,18.71971893310547,82.98553466796875,111.02809143066406,81.46533966064453,1.1102334278506685,2.8585630144391736,0.2623,0.3405,0.6756,0.7094,0.0314,1
22.365979618842218,84.03448593381378,22.25,84.0,2025-08-14,12,0.1005,3.0710458755493164,5.6685943603515625,17.439777374267578,8.948238372802734,0.8796324450762096,0.5796491077968051,0.0938,0.1294,0.1846,0.2695,0.0,0
23.201281,92.735108,23.25,92.75,2025-07-01,12,0.9948,39.7066535949707,0.5415206551551819,49.990272521972656,23.749649047851562,4.877100299136701,32.565186091831755,0.3729,0.206,0.3628,0.4292,0.0,1
30.0864,78.5788,30.0,78.5,2025-03-04,12,0.659,0.0,94.3841552734375,94.3841552734375,63.095619201660156,6.904431941185183e-06,-13.483450753348214,0.2342,0.313,0.6117,0.6522,0.0,0
23.172659,92.611828,23.25,92.5,2025-06-01,12,0.8419,89.12710571289062,83.58097076416016,163.79278564453125,103.04899597167969,3.652908626297186,65.72813633510044,0.461,0.3889,0.7881,0.8102,0.3673,1
14.879833,74.412722,15.0,74.5,2025-07-03,12,0.5847,49.37021255493164,59.70713806152344,296.5152282714844,133.23788452148438,1.13863212021573,7.01089423043387,0.4036,0.4594,0.9521,0.9571,0.8569,1
25.5,79.75,25.5,79.75,2025-05-17,12,0.0,0.0,0.0,0.0,0.0,0.0001,0.0,0.05,0.05,0.0,0.1042,0.0,0
28.0,97.0,28.0,97.0,2025-12-27,12,0.011,0.0,0.0,0.0,0.0,0.0001,0.0,0.05,0.05,0.0,0.1042,0.0,0
30.076641,78.497295,30.0,78.5,2025-08-06,12,0.8173,30.876638412475586,43.0820198059082,80.4761962890625,50.59968566894531,2.470811238443773,19.380038942609517,0.3341,0.2806,0.5362,0.5846,0.0,1
24.30058591601663,78.15174199046422,24.25,78.25,2025-07-12,12,0.0768,15.653684616088867,138.46963500976562,207.81643676757812,138.19932556152344,0.5100936127675323,-14.034377779279435,0.3131,0.4427,0.9134,0.9224,0.7413,0
34.5,82.0,34.5,82.0,2025-04-24,12,0.0,0.0,0.0,0.0,0.0,0.0001,0.0,0.05,0.05,0.0,0.1042,0.0,0
30.067351,78.4802053,30.0,78.5,2025-08-06,12,0.8186,30.876638412475586,43.0820198059082,80.4761962890625,50.59968566894531,2.470811238443773,19.380038942609517,0.3341,0.2805,0.5361,0.5844,0.0,1
22.863786591405436,81.79365598204187,22.75,81.75,2025-07-12,12,0.1,19.43760108947754,64.47242736816406,161.59552001953125,86.78422546386719,0.807043435143355,-3.6474731990269262,0.2691,0.4151,0.849,0.8648,0.5492,0
23.132035,92.745362,23.25,92.75,2025-01-21,12,0.8145,0.0,0.0,0.0,0.0,0.0001,0.0,0.05,0.05,0.0,0.1042,0.0,0
24.790211625744835,86.1175221686571,24.75,86.0,2025-08-05,12,0.1346,19.085193634033203,70.44651794433594,105.97947692871094,65.96836853027344,1.1824895907646218,3.9452683585030695,0.2595,0.3542,0.7074,0.7379,0.1263,0
25.69814,93.129423,25.75,93.25,2025-06-05,12,0.487,1.0980931520462036,26.968219757080078,121.1090316772461,66.27864074707031,0.06000632401695691,-16.20319708756038,0.2396,0.36,0.721,0.75,0.1667,1
24.25,82.5,24.25,82.5,2025-05-04,12,0.0,0.0,1.2371946573257446,1.8667970895767212,1.0884486436843872,7.89462071736003e-05,-0.2666852985109602,0.0549,0.0595,0.0222,0.124,0.0,0
26.4231373,94.3822611,26.5,94.5,2025-07-07,12,0.622,34.56513977050781,147.72879028320312,194.8961181640625,125.32009887695312,1.1984216467051567,6.7228371756417395,0.3517,0.4203,0.8613,0.8757,0.5857,1
26.7704695745115,85.75160928528938,26.75,85.75,2025-07-21,12,0.0891,7.221831798553467,5.69142484664917,24.017578125,12.15355110168457,1.6298346178462075,3.7907492092677524,0.146,0.1556,0.2456,0.3242,0.0,0
27.06327778,88.09102778,27.0,88.0,2025-08-16,12,0.8008,3.8866920471191406,54.33393096923828,169.7045440673828,90.37715148925781,0.15397195625857205,-20.356814248221262,0.2734,0.3956,0.8038,0.8243,0.4142,1
33.205743,75.347395,33.25,75.25,2025-09-01,12,0.7609,0.9256163835525513,18.200523376464844,261.7947082519531,132.2744140625,0.024107672085545134,-36.473627652440754,0.3096,0.4462,0.9214,0.9296,0.7654,1
6.75,86.25,6.75,86.25,2025-09-15,12,0.0,0.0,0.0,0.0,0.0,0.0001,0.0,0.05,0.05,0.0,0.1042,0.0,0
23.75,75.5,23.75,75.5,2025-02-09,12,0.0,0.0,0.0,0.0,0.0,0.0001,0.0,0.05,0.05,0.0,0.1042,0.0,0
23.3466,92.854847,23.25,92.75,2025-06-01,12,1.0,99.3125228881836,87.32789611816406,173.41844177246094,108.7843017578125,3.853200112957625,74.53845977783203,0.4667,0.3897,0.79,0.8119,0.373,1
34.25,97.75,34.25,97.75,2025-05-21,12,0.0,0.0,0.0,0.0,0.0,0.0001,0.0,0.05,0.05,0.0,0.1042,0.0,0
9.25,82.5,9.25,82.5,2025-11-08,12,0.0,0.0,0.0,0.0,0.0,0.0001,0.0,0.05,0.05,0.0,0.1042,0.0,0
30.336652,79.319623,30.25,79.25,2025-09-06,12,0.7747,6.384480953216553,61.465553283691406,195.70291137695312,93.5999526977539,0.22048063527516387,-21.573077814919607,0.2771,0.4153,0.8495,0.8652,0.5505,1
29.0,99.75,29.0,99.75,2025-03-07,12,0.0,0.0,0.0,0.0,0.0,0.0001,0.0,0.05,0.05,0.0,0.1042,0.0,0
27.00427778,88.11769444,27.0,88.0,2025-09-12,12,0.9901,3.508939504623413,24.272987365722656,56.093910217285156,32.02798843383789,0.3893129534652705,-4.504476240703038,0.1648,0.2209,0.3974,0.4602,0.0,1
21.25,76.25,21.25,76.25,2025-01-10,12,0.0,0.0,0.0,0.0,0.0,0.0001,0.0,0.05,0.05,0.0,0.1042,0.0,0
22.892426,92.822937,23.0,92.75,2025-01-01,12,0.6896,0.0,0.0,0.0,0.0,0.0001,0.0,0.05,0.05,0.0,0.1042,0.0,0
30.71638889,77.22888889,30.75,77.25,2025-03-01,12,0.8659,27.927732467651367,0.723616361618042,4.527801513671875,1.783864974975586,16.958552508186784,27.280903679983957,0.3182,0.0679,0.0417,0.1415,0.0,0
27.0,84.25,27.0,84.25,2025-12-01,12,0.0,0.0,0.0,0.0,0.0,0.0001,0.0,0.05,0.05,0.0,0.1042,0.0,0
11.75,86.25,11.75,86.25,2025-02-04,12,0.0,0.0,0.0,0.0,0.0,0.0001,0.0,0.05,0.05,0.0,0.1042,0.0,0
22.84427103338843,83.07051103865442,22.75,83.0,2025-08-01,12,0.0243,0.1576533317565918,12.106032371520996,88.5708236694336,38.68950653076172,0.011554502513399621,-12.495321478162493,0.1825,0.3305,0.6523,0.6885,0.0,0
33.615387,74.343672,33.5,74.25,2025-07-20,12,0.5972,0.0,62.35943603515625,73.02037811279297,50.794246673583984,8.747771711517195e-06,-10.431482587541852,0.2105,0.276,0.5255,0.5749,0.0,1
23.323423,92.860926,23.25,92.75,2025-12-14,12,0.8145,0.0,0.0,0.0,0.0,0.0001,0.0,0.05,0.05,0.0,0.1042,0.0,0
27.01063889,88.10014444,27.0,88.0,2025-09-27,12,0.8224,0.0,9.529562950134277,66.628173828125,30.217044830322266,9.507230230021122e-06,-9.518310546875,0.1597,0.2522,0.4701,0.5253,0.0,1
23.10112,92.852784,23.0,92.75,2025-02-07,12,0.6896,0.0,0.0,0.0,0.0,0.0001,0.0,0.05,0.05,0.0,0.1042,0.0,0
13.0,86.5,13.0,86.5,2025-05-06,12,0.0,0.0,0.0,0.0,0.0,0.0001,0.0,0.05,0.05,0.0,0.1042,0.0,0
33.30013889,74.91950278,33.25,75.0,2025-12-26,12,0.5742,0.0,8.534286499023438,10.008197784423828,6.1839447021484375,4.1156623933492976e-05,-1.4297425406319755,0.0767,0.092,0.0977,0.1917,0.0,0
23.311335,92.858026,23.25,92.75,2025-12-12,12,0.8145,0.0,0.0,0.0,0.0,0.0001,0.0,0.05,0.05,0.0,0.1042,0.0,0
22.0,73.0,22.0,73.0,2025-07-09,12,0.0,3.4282963275909424,60.88473129272461,63.514991760253906,44.845184326171875,0.3403357739121742,-5.645273923873901,0.1974,0.2793,0.5334,0.582,0.0,0
23.762405234716756,79.26110141678625,23.75,79.25,2025-08-02,12,0.1079,1.8501756191253662,24.988351821899414,100.00947570800781,46.23157501220703,0.12103534989012506,-12.436892339161464,0.2005,0.3462,0.6889,0.7213,0.0711,0
32.468125,75.91993611,32.5,76.0,2025-09-13,12,0.876,1.03987717628479,24.658140182495117,28.944211959838867,22.616533279418945,0.20253164103659943,-3.095010246549334,0.1366,0.1522,0.2376,0.317,0.0,1
24.933839539222955,82.45729820902869,25.0,82.5,2025-08-18,12,0.1496,0.0,1.6803339719772339,12.532567977905273,5.034204959869385,3.58375816631905e-05,-1.7903668539864677,0.0719,0.108,0.1348,0.2249,0.0,0
24.63812228419354,83.17461009384292,24.75,83.25,2025-07-24,12,0.0914,0.0,0.8405375480651855,118.02497100830078,39.70649719238281,5.59888152226426e-06,-16.86071014404297,0.1851,0.3722,0.7494,0.7755,0.2517,0
12.675622,75.365427,12.75,75.25,2025-07-07,12,0.5871,55.460453033447266,204.82264709472656,313.5432434082031,190.35614013671875,1.2111435171938356,10.668561117989675,0.4183,0.4627,0.9597,0.9639,0.8795,1
25.09573568024595,83.2958820263829,25.0,83.25,2025-08-08,12,0.0251,17.701017379760742,50.993709564208984,79.15413665771484,46.425045013427734,1.438210937573473,6.393283571515765,0.2486,0.3127,0.6109,0.6514,0.0,0
27.053976,93.494166,27.0,93.5,2025-02-16,12,0.4016,0.0,13.44045352935791,48.38914108276367,26.93100929260254,1.263785619917891e-05,-6.91273444039481,0.15,0.225,0.4069,0.4687,0.0,0
12.91866667,75.752125,13.0,75.75,2025-03-13,12,0.4262,0.0,0.0,0.0,0.0,0.0001,0.0,0.05,0.05,0.0,0.1042,0.0,0
24.915954021385488,83.92840180508111,25.0,84.0,2025-08-11,12,0.0268,3.09375262260437,52.59795379638672,89.70055389404297,51.72587966918945,0.22395909316052762,-9.720612219401769,0.2125,0.3324,0.6567,0.6925,0.0,0
30.334904,79.320239,30.25,79.25,2025-03-11,12,0.718,0.0,0.0,2.9259586334228516,1.2315841913223267,7.052215567803683e-05,-0.4179940904889788,0.0555,0.0622,0.0284,0.1296,0.0,0
23.590247862754595,85.49426005980808,23.5,85.5,2025-07-22,12,0.0314,0.0,23.00806999206543,126.60385131835938,59.82830810546875,5.239369921545132e-06,-18.08626447405134,0.2283,0.3848,0.7785,0.8016,0.3386,0
22.73186533294484,79.88929813764952,22.75,80.0,2025-08-10,12,0.0694,15.93964958190918,0.0,6.020816326141357,1.930135726928711,8.569220567941905,15.079532963888985,0.2339,0.0795,0.0685,0.1656,0.0,0
36.0,95.75,36.0,95.75,2025-05-22,12,0.0,0.0,0.0,0.0,0.0,0.0001,0.0,0.05,0.05,0.0,0.1042,0.0,0
22.889420293672497,81.51720111345652,23.0,81.5,2025-08-21,12,0.1279,1.665462613105774,2.4393842220306396,51.77277374267578,19.766582489013672,0.19837311648394587,-5.730647921562195,0.1272,0.2443,0.452,0.509,0.0,0
10.5,80.75,10.5,80.75,2025-08-18,12,0.0,0.0,0.0,0.0,0.0,0.0001,0.0,0.05,0.05,0.0,0.1042,0.0,0
25.546485684588326,78.50035836434756,25.5,78.5,2025-08-19,12,0.1243,0.8286316990852356,2.9820005893707275,23.112817764282227,11.427038192749023,0.19264626575323499,-2.4731994100979398,0.0974,0.1513,0.2357,0.3153,0.0,0
26.32535549687697,84.0079214933962,26.25,84.0,2025-08-25,12,0.0571,9.595488548278809,36.339073181152344,37.222740173339844,28.218978881835938,1.5188819049807611,4.277954237801688,0.1727,0.2031,0.3562,0.4232,0.0,0
8.5,74.0,8.5,74.0,2025-02-24,12,0.0,0.0,0.0,0.0,0.0,0.0001,0.0,0.05,0.05,0.0,0.1042,0.0,0
33.638917,74.440981,33.75,74.5,2025-01-06,12,0.3934,0.0,0.6364248394966125,0.6364248394966125,0.4148348867893219,9.166593199208958e-05,-0.0909178342138018,0.0519,0.053,0.0069,0.1103,0.0,0
19.25,87.25,19.25,87.25,2025-10-21,12,0.0,0.0,0.0,0.0,0.0,0.0001,0.0,0.05,0.05,0.0,0.1042,0.0,0
24.331266407639177,85.91935622963764,24.25,86.0,2025-07-20,12,0.0752,0.2344605177640915,101.55548095703125,162.3780517578125,94.44300079345703,0.009693839357039996,-22.962404019066266,0.278,0.4164,0.8522,0.8676,0.5586,0
25.25,68.75,25.25,68.75,2025-10-10,12,0.0,0.0,0.0,0.0,0.0,0.0001,0.0,0.05,0.05,0.0,0.1042,0.0,0
22.92472668605866,78.38933707289371,23.0,78.5,2025-07-12,12,0.1281,8.726486206054688,259.44989013671875,381.3763122558594,224.02943420410156,0.15728586300119082,-45.75584411621094,0.3405,0.4749,0.9881,0.9893,0.9644,0
23.195616,92.546251,23.25,92.5,2025-06-01,12,0.7539,89.12710571289062,83.58097076416016,163.79278564453125,103.04899597167969,3.652908626297186,65.72813633510044,0.461,0.3928,0.7971,0.8182,0.3941,1
12.824032,75.199666,12.75,75.25,2025-05-30,12,0.5029,105.88834381103516,344.00714111328125,518.1517333984375,323.85882568359375,1.4114379893227473,31.866667611258364,0.4694,0.4781,0.9956,0.9961,0.987,1
27.08253334,88.44855659,27.0,88.5,2025-11-14,12,1.0,0.0,0.0,0.0,0.0,0.0001,0.0,0.05,0.05,0.0,0.1042,0.0,0
11.5,66.5,11.5,66.5,2025-01-19,12,0.0,0.0,0.0,0.0,0.0,0.0001,0.0,0.05,0.05,0.0,0.1042,0.0,0
23.989420877785115,86.05978900867584,24.0,86.0,2025-07-20,12,0.0933,1.4550219774246216,90.83470916748047,158.32835388183594,89.30809020996094,0.06160984249109757,-21.163314291409083,0.2722,0.4128,0.8436,0.8599,0.5331,0
30.163511,78.617044,30.25,78.5,2025-01-23,12,0.7335,0.0,0.0,4.441935062408447,1.7445327043533325,6.117846292449198e-05,-0.6345621517726353,0.0578,0.0683,0.0426,0.1423,0.0,0
22.44071121695396,82.13665523583207,22.5,82.25,2025-07-01,12,0.1101,2.140889883041382,40.20731735229492,103.8123550415039,57.544273376464844,0.13524601273636352,-12.689446551459175,0.224,0.352,0.7022,0.7333,0.1108,0
23.16364174457776,78.53830524908459,23.25,78.5,2025-08-24,12,0.0251,9.02161693572998,42.11590576171875,77.98204803466797,45.463897705078125,0.7431218711550389,-2.1186756406511584,0.1988,0.3103,0.6054,0.6465,0.0,0
28.0,79.5,28.0,79.5,2025-05-01,12,0.0,0.0,0.0,0.0,0.0,0.0001,0.0,0.05,0.05,0.0,0.1042,0.0,0
22.469737,93.100868,22.5,93.0,2025-06-01,12,0.7052,168.83685302734375,94.91220092773438,199.62051391601562,123.60896301269531,5.719948367139347,140.31963675362724,0.4788,0.4202,0.861,0.8755,0.5849,1
11.51652778,75.89355556,11.5,76.0,2025-02-25,12,0.6074,0.0,0.0,0.0,0.0,0.0001,0.0,0.05,0.05,0.0,0.1042,0.0,0
21.25,67.75,21.25,67.75,2025-05-22,12,0.0,0.0,0.0,0.0,0.0,0.0001,0.0,0.05,0.05,0.0,0.1042,0.0,0
9.882615,77.187536,10.0,77.25,2025-01-15,12,0.8526,0.8827376365661621,1.0035943984985352,1.0035943984985352,0.8530552387237549,0.772136011430373,0.7393670082092285,0.0631,0.0541,0.0094,0.1126,0.0,0
10.013504,76.966864,10.0,77.0,2025-11-08,12,0.98,0.0,1.297849178314209,1.297849178314209,1.025143027305603,8.435920983348267e-05,-0.18540702547345841,0.0546,0.055,0.0117,0.1146,0.0,0
32.83436944,75.14602222,32.75,75.25,2025-07-18,12,0.7732,3.069340467453003,12.699031829833984,58.59333419799805,24.460262298583984,0.3275650420104242,-5.3011358465467175,0.1424,0.2361,0.4329,0.492,0.0,1
11.48652778,76.68563889,11.5,76.75,2025-12-26,12,0.6111,0.0,0.0,0.0,0.0,0.0001,0.0,0.05,0.05,0.0,0.1042,0.0,0
26.86833333,88.19519444,26.75,88.25,2025-12-21,12,0.815,0.0,0.0,0.0,0.0,0.0001,0.0,0.05,0.05,0.0,0.1042,0.0,0
13.35143722,75.38734,13.25,75.5,2025-02-13,12,0.4503,0.0,0.0,0.0,0.0,0.0001,0.0,0.05,0.05,0.0,0.1042,0.0,0
23.486306,93.220639,23.5,93.25,2025-06-12,12,0.7294,2.195374011993408,6.258370399475098,16.149900436401367,8.74981689453125,0.6638610877042223,-0.11175462177821549,0.087,0.113,0.1465,0.2354,0.0,1
34.5,78.5,34.5,78.5,2025-02-22,12,0.001,0.0,0.0,0.0,0.0,0.0001,0.0,0.05,0.05,0.0,0.1042,0.0,0
23.319184,92.856725,23.25,92.75,2025-02-10,12,0.8145,0.0,0.0,0.0,0.0,0.0001,0.0,0.05,0.05,0.0,0.1042,0.0,0
36.25,82.5,36.25,82.5,2025-09-27,12,0.0,0.0,0.0,0.0,0.0,0.0001,0.0,0.05,0.05,0.0,0.1042,0.0,0
23.173606,92.739793,23.25,92.75,2025-03-02,12,0.8145,0.0,0.0,0.0,0.0,0.0001,0.0,0.05,0.05,0.0,0.1042,0.0,0
16.5,82.75,16.5,82.75,2025-11-11,12,0.0,0.0,0.0,0.0,0.0,0.0001,0.0,0.05,0.05,0.0,0.1042,0.0,0
23.198961,92.590043,23.25,92.5,2025-06-01,12,0.8728,89.12710571289062,83.58097076416016,163.79278564453125,103.04899597167969,3.652908626297186,65.72813633510044,0.461,0.3875,0.7849,0.8073,0.3577,1
8.25,81.0,8.25,81.0,2025-07-02,12,0.0,0.0,0.0,0.0,0.0,0.0001,0.0,0.05,0.05,0.0,0.1042,0.0,0
23.187762,92.898034,23.25,93.0,2025-02-23,12,0.7561,0.0,0.0,0.0,0.0,0.0001,0.0,0.05,0.05,0.0,0.1042,0.0,0
33.279,75.004,33.25,75.0,2025-09-03,12,0.6412,27.922975540161133,39.269752502441406,278.61865234375,113.27368927001953,0.6843444123035933,-11.879689080374582,0.3182,0.454,0.9396,0.9459,0.8198,1
23.75024,92.736662,23.75,92.75,2025-01-26,12,0.8587,0.0,0.0,0.0,0.0,0.0001,0.0,0.05,0.05,0.0,0.1042,0.0,0
25.649617596429106,86.88746516813814,25.75,87.0,2025-08-14,12,0.0785,29.413436889648438,21.874202728271484,35.15032196044922,23.955345153808594,4.884773084787719,24.391962323869976,0.3264,0.1956,0.3387,0.4076,0.0,0
23.129048,92.742692,23.25,92.75,2025-06-01,12,0.9624,99.3125228881836,87.32789611816406,173.41844177246094,108.7843017578125,3.853200112957625,74.53845977783203,0.4667,0.3915,0.7941,0.8155,0.3851,1
25.134581396569477,79.7379885713524,25.25,79.75,2025-08-23,12,0.0726,0.0,0.9564780592918396,1.4291739463806152,1.0597566366195679,8.304491097856292e-05,-0.20416770662580216,0.0547,0.0572,0.0167,0.1191,0.0,0
35.5,95.25,35.5,95.25,2025-04-24,12,0.0,0.0,0.0,0.0,0.0,0.0001,0.0,0.05,0.05,0.0,0.1042,0.0,0
33.33496944,74.86688333,33.25,74.75,2025-09-04,12,0.7368,250.3527069091797,61.72480010986328,388.8384094238281,167.92672729492188,4.427234969226726,194.80436270577567,0.4799,0.4704,0.9778,0.9801,0.9336,1
25.574053460656387,85.30244166270258,25.5,85.25,2025-08-02,12,0.1126,13.491615295410156,31.636356353759766,80.77112579345703,42.583866119384766,1.076003141284891,1.9528830392020087,0.2118,0.3124,0.6101,0.6508,0.0,0
19.75,73.0,19.75,73.0,2025-01-21,12,0.0017,0.0,0.0,0.0,0.0,0.0001,0.0,0.05,0.05,0.0,0.1042,0.0,0
26.884928,88.183034,27.0,88.25,2025-02-09,12,1.0,0.0,0.0,0.281745046377182,0.1470726877450943,9.61308031991953e-05,-0.04024929233959743,0.0507,0.0511,0.0025,0.1064,0.0,0
22.025132763049015,78.6009641037817,22.0,78.5,2025-07-26,12,0.1042,17.19245719909668,33.592811584472656,44.62720489501953,32.82680130004883,2.331094635830008,10.81714221409389,0.2444,0.2248,0.4064,0.4682,0.0,0
13.0,75.75,13.0,75.75,2025-04-11,12,0.1088,1.6613733768463135,0.12020272761583328,12.39416790008545,5.442861557006836,0.599680981305362,-0.10922203745160775,0.0743,0.1079,0.1347,0.2248,0.0,0
11.28091667,76.648,11.25,76.75,2025-05-26,12,0.7674,72.75859069824219,36.22083282470703,72.1576156616211,46.170509338378906,6.434135624610916,62.45035988943917,0.4463,0.2664,0.5033,0.555,0.0,1
25.88165,94.19023,26.0,94.25,2025-02-03,12,0.6306,0.0,0.23638717830181122,0.23638717830181122,0.14517128467559814,9.673335364074197e-05,-0.03376959690025875,0.0507,0.051,0.0024,0.1063,0.0,0
23.75,97.5,23.75,97.5,2025-07-27,12,0.0,0.0,0.0,0.0,0.0,0.0001,0.0,0.05,0.05,0.0,0.1042,0.0,0
23.201447,92.736703,23.25,92.75,2025-08-01,12,0.9754,1.392492413520813,31.539926528930664,89.17615509033203,44.02175521850586,0.10135721151973572,-11.346958313669477,0.1955,0.2886,0.5548,0.6012,0.0,1
24.791125,93.72522,24.75,93.75,2025-01-13,12,0.5365,0.0,0.0,0.7784994840621948,0.40638160705566406,8.999164960212048e-05,-0.11121421200888497,0.0518,0.0535,0.0081,0.1114,0.0,0
22.029620327270013,81.76201413295198,22.0,81.75,2025-07-12,12,0.1388,13.23422908782959,53.13666534423828,207.54525756835938,109.33837127685547,0.43179842176324806,-16.415093421936035,0.2926,0.4412,0.9097,0.9191,0.7302,0
20.75,79.5,20.75,79.5,2025-01-24,12,0.0,0.0,0.0,0.0,0.0,0.0001,0.0,0.05,0.05,0.0,0.1042,0.0,0
33.75,73.25,33.75,73.25,2025-05-27,12,0.0001,0.0,0.0,0.0,0.0,0.0001,0.0,0.05,0.05,0.0,0.1042,0.0,0
31.5,84.5,31.5,84.5,2025-08-07,12,0.0,0.0,0.0,0.0,0.0,0.0001,0.0,0.05,0.05,0.0,0.1042,0.0,0
35.0,91.25,35.0,91.25,2025-04-23,12,0.0,0.0,0.0,0.0,0.0,0.0001,0.0,0.05,0.05,0.0,0.1042,0.0,0
31.3593204,76.806473,31.25,76.75,2025-11-14,12,0.7752,0.0,0.0,0.0,0.0,0.0001,0.0,0.05,0.05,0.0,0.1042,0.0,0
23.534861411045092,79.95197164571883,23.5,80.0,2025-07-01,12,0.062,2.4312257766723633,66.92955780029297,133.10321044921875,71.77532958984375,0.1214767340601041,-16.58351857321603,0.2484,0.3908,0.7925,0.8141,0.3803,0
22.50084663118665,81.52431025552741,22.5,81.5,2025-08-25,12,0.0221,25.973804473876953,51.14967727661133,73.34039306640625,49.076683044433594,2.2630874007157957,15.496605464390345,0.3068,0.3008,0.5832,0.6266,0.0,0
24.114382342333894,83.65751564224583,24.0,83.75,2025-07-22,12,0.1417,0.0,17.14023780822754,278.1796569824219,125.992919921875,2.454593035867026e-06,-39.73995099748884,0.3055,0.4628,0.96,0.9642,0.8807,0
30.2114,78.6793,30.25,78.75,2025-01-11,12,0.7975,0.0,0.0,0.0,0.0,0.0001,0.0,0.05,0.05,0.0,0.1042,0.0,0
29.5,76.75,29.5,76.75,2025-03-01,12,0.0002,4.062362194061279,2.316929578781128,3.6414499282836914,2.394001007080078,2.6723083367470637,3.542155061449323,0.107,0.0684,0.0428,0.1425,0.0,0
11.2617,76.6327,11.25,76.75,2025-11-26,12,0.6801,0.2531343996524811,8.378303527832031,11.344783782958984,7.613849639892578,0.09662914638514443,-1.3675489979130881,0.0825,0.0959,0.1068,0.1999,0.0,0
23.489886177479217,78.89759500560157,23.5,79.0,2025-07-25,12,0.0208,30.434825897216797,3.6738810539245605,22.525772094726562,9.771807670593262,7.2155431057658355,27.216858455113,0.3318,0.1514,0.2358,0.3154,0.0,0
23.667553,92.89259,23.75,93.0,2025-06-15,12,1.0,7.573042869567871,26.1986083984375,49.26761245727539,29.75507354736328,0.9421405631388338,0.53481251852853,0.1584,0.204,0.3582,0.425,0.0,1
23.5,98.0,23.5,98.0,2025-04-14,12,0.0,0.0,0.0,0.0,0.0,0.0001,0.0,0.05,0.05,0.0,0.1042,0.0,0
23.191747,92.73459,23.25,92.75,2025-06-02,12,0.8996,73.33731079101562,183.54595947265625,270.1734924316406,176.18540954589844,1.8521319301979065,34.741097586495535,0.447,0.4452,0.919,0.9274,0.758,1
25.600040198315565,82.17989933870484,25.5,82.25,2025-07-07,12,0.1089,0.9335170984268188,5.951152324676514,19.568763732910156,10.255651473999023,0.24597756051752503,-1.8620205777032033,0.0929,0.1378,0.2042,0.2871,0.0,0
19.0,91.75,19.0,91.75,2025-07-01,12,0.0,0.0,0.0,0.0,0.0,0.0001,0.0,0.05,0.05,0.0,0.1042,0.0,0
37.5,77.0,37.5,77.0,2025-01-10,12,0.0,0.0,0.0,0.0,0.0,0.0001,0.0,0.05,0.05,0.0,0.1042,0.0,0
26.89891228927261,84.5613401802058,27.0,84.5,2025-08-27,12,0.1093,0.0,65.83161163330078,66.12265014648438,40.60551452636719,9.572957197225639e-06,-9.446092878069196,0.1873,0.2813,0.5378,0.586,0.0,0
23.281443,92.840145,23.25,92.75,2025-02-12,12,0.8145,0.0,0.0,0.0,0.0,0.0001,0.0,0.05,0.05,0.0,0.1042,0.0,0
25.560940968370574,83.79779842569415,25.5,83.75,2025-08-02,12,0.054,0.7832171320915222,16.396007537841797,27.81000328063965,16.87867546081543,0.1575185121482097,-3.1896404794284274,0.1173,0.1706,0.2805,0.3555,0.0,0
24.5,66.75,24.5,66.75,2025-08-26,12,0.0,0.0,0.0,0.0,0.0,0.0001,0.0,0.05,0.05,0.0,0.1042,0.0,0
33.22051667,75.26956389,33.25,75.25,2025-01-06,12,0.6662,0.0,0.0,0.0,0.0,0.0001,0.0,0.05,0.05,0.0,0.1042,0.0,0
26.377028125609172,82.41746491637707,26.5,82.5,2025-07-10,12,0.1269,2.389331579208374,0.0,14.210737228393555,6.893334865570068,0.7885638709468565,0.35922626086643783,0.0845,0.1154,0.1522,0.2405,0.0,0
22.11451080732456,87.58967346157246,22.0,87.5,2025-08-07,12,0.0447,14.116830825805664,45.62181091308594,98.05253601074219,53.59229278564453,0.9406580700777649,0.10932568141392274,0.2176,0.3457,0.6876,0.7201,0.0672,0
12.0,85.75,12.0,85.75,2025-11-07,12,0.0,0.0,0.0,0.0,0.0,0.0001,0.0,0.05,0.05,0.0,0.1042,0.0,0
7.75,83.0,7.75,83.0,2025-11-03,12,0.0,0.0,0.0,0.0,0.0,0.0001,0.0,0.05,0.05,0.0,0.1042,0.0,0
25.8816564,94.1902346,26.0,94.25,2025-03-01,12,0.6306,0.0,0.0,14.71529769897461,6.713915824890137,3.223533979149887e-05,-2.102185385567801,0.0788,0.1094,0.1382,0.228,0.0,0
23.193401,92.900218,23.25,93.0,2025-01-02,12,0.7561,0.0,0.0,0.0,0.0,0.0001,0.0,0.05,0.05,0.0,0.1042,0.0,0
27.0710395,88.1661319,27.0,88.25,2025-01-08,12,1.0,0.0,0.0,0.0,0.0,0.0001,0.0,0.05,0.05,0.0,0.1042,0.0,0
23.5,83.5,23.5,83.5,2025-01-09,12,0.0,0.0,0.0,0.0,0.0,0.0001,0.0,0.05,0.05,0.0,0.1042,0.0,0
31.16436666,76.7617555,31.25,76.75,2025-01-12,12,0.7752,0.0,0.0,0.42095452547073364,0.21974089741706848,9.432748814150657e-05,-0.06013636078153338,0.051,0.0517,0.0041,0.1078,0.0,0
6.5,76.75,6.5,76.75,2025-04-24,12,0.0,0.0,0.0,0.0,0.0,0.0001,0.0,0.05,0.05,0.0,0.1042,0.0,0
10.0,94.75,10.0,94.75,2025-05-17,12,0.0,0.0,0.0,0.0,0.0,0.0001,0.0,0.05,0.05,0.0,0.1042,0.0,0
23.307135,92.707624,23.25,92.75,2025-03-16,12,0.8145,0.0,0.0,0.0,0.0,0.0001,0.0,0.05,0.05,0.0,0.1042,0.0,0
30.123441,78.422545,30.0,78.5,2025-08-24,12,0.7194,8.128166198730469,10.822453498840332,77.31228637695312,36.89936065673828,0.6748466425964031,-2.916446140834264,0.1779,0.2791,0.5327,0.5814,0.0,1
34.5,73.5,34.5,73.5,2025-07-21,12,0.001,0.0,16.886720657348633,34.31586837768555,18.61362648010254,1.694264280254281e-05,-4.902266911097935,0.1233,0.1951,0.3375,0.4065,0.0,0
14.241374,74.578467,14.25,74.5,2025-12-26,12,0.4581,0.0,0.0,0.0,0.0,0.0001,0.0,0.05,0.05,0.0,0.1042,0.0,0
31.366877,76.7870719,31.25,76.75,2025-01-18,12,0.7752,0.10477042198181152,1.7401354312896729,1.7401354312896729,1.4791151285171509,0.0839910273294655,-0.14382035391671316,0.0566,0.0572,0.0167,0.1191,0.0,0
30.2884,79.119438,30.25,79.0,2025-12-14,12,0.7829,0.0,0.0,0.0,0.0,0.0001,0.0,0.05,0.05,0.0,0.1042,0.0,0
23.291103,92.864843,23.25,92.75,2025-07-10,12,1.0,61.01495361328125,24.526826858520508,55.28274154663086,29.492216110229492,6.857523684521764,53.1174191066197,0.4292,0.2186,0.392,0.4553,0.0,1
30.399273,78.199711,30.5,78.25,2025-01-19,12,0.7248,0.0,2.4490296840667725,3.3816981315612793,2.3760581016540527,6.74263488621325e-05,-0.4830997330801828,0.0605,0.0641,0.0327,0.1334,0.0,0
11.3494,76.7872,11.25,76.75,2025-10-14,12,0.8094,0.0,16.83846664428711,20.26799201965332,13.404823303222656,2.5671123839829395e-05,-2.8954274313790456,0.1048,0.1258,0.1763,0.2621,0.0,1
11.14075,76.01466667,11.25,76.0,2025-01-03,12,0.5605,0.0,0.0,0.0,0.0,0.0001,0.0,0.05,0.05,0.0,0.1042,0.0,0
33.67733056,74.18461389,33.75,74.25,2025-09-07,12,0.4435,0.0,7.961694717407227,21.248516082763672,10.89217472076416,2.4780062710165413e-05,-3.0355022975376675,0.0954,0.1372,0.2028,0.2859,0.0,1
11.3571,76.8083,11.25,76.75,2025-10-19,12,0.8375,8.852898597717285,37.709163665771484,49.19961166381836,28.44532012939453,1.1026942775819621,1.824382645743234,0.1646,0.2104,0.373,0.4383,0.0,1
22.904615,92.75705,23.0,92.75,2025-06-01,12,0.9195,171.4090118408203,91.12442016601562,194.12319946289062,119.84480285644531,5.96581491389376,143.67712620326452,0.4789,0.4085,0.8337,0.851,0.5034,1
30.900998,78.2975857,31.0,78.25,2025-06-29,12,0.8656,21.180837631225586,40.735328674316406,46.57518005371094,33.622249603271484,2.7674487191631805,14.527240480695452,0.2751,0.2025,0.3546,0.4219,0.0,1
9.5,97.75,9.5,97.75,2025-11-16,12,0.0,0.0,0.0,0.0,0.0,0.0001,0.0,0.05,0.05,0.0,0.1042,0.0,0
24.413873,92.241309,24.5,92.25,2025-03-19,12,0.3996,0.0,8.398016929626465,15.578849792480469,9.623453140258789,3.1002464980883304e-05,-2.225549970354353,0.0905,0.1166,0.1549,0.2429,0.0,0
23.18675,92.735178,23.25,92.75,2025-11-21,12,0.8145,0.0,0.0,0.0,0.0,0.0001,0.0,0.05,0.05,0.0,0.1042,0.0,0
6.5,99.0,6.5,99.0,2025-05-22,12,0.0,0.0,0.0,0.0,0.0,0.0001,0.0,0.05,0.05,0.0,0.1042,0.0,0
25.5,85.5,25.5,85.5,2025-08-11,12,0.0,0.4564824402332306,13.808487892150879,54.551246643066406,26.67687225341797,0.051925464648450693,-7.336552794490542,0.1493,0.2566,0.4804,0.5345,0.0,0
23.050965,92.772524,23.0,92.75,2025-07-01,12,0.7444,3.722092390060425,2.7123804092407227,40.981258392333984,21.03211784362793,0.543031750384143,-2.132373094558716,0.1314,0.1918,0.3298,0.3997,0.0,1
25.75,88.75,25.75,88.75,2025-08-24,12,0.0002,0.0,0.0,0.0,0.0,0.0001,0.0,0.05,0.05,0.0,0.1042,0.0,0
23.208921,92.541174,23.25,92.5,2025-11-10,12,0.6729,0.0,30.907100677490234,52.67000961303711,29.979381561279297,1.173118631184298e-05,-7.52428708757673,0.159,0.2258,0.4089,0.4704,0.0,0
29.5,69.25,29.5,69.25,2025-07-15,12,0.0,0.0,0.0,0.0,0.0,0.0001,0.0,0.05,0.05,0.0,0.1042,0.0,0
33.11659722,74.80328056,33.0,74.75,2025-09-02,12,0.5972,32.85833740234375,46.025787353515625,413.1750183105469,190.86712646484375,0.5474125109608706,-26.16666521344866,0.3439,0.4737,0.9853,0.9868,0.956,1
26.899572163911902,80.25881412933576,27.0,80.25,2025-07-24,12,0.0763,8.64676284790039,0.0,29.259489059448242,11.25072193145752,1.6693020642421537,4.466835839407785,0.1623,0.1753,0.2914,0.3652,0.0,0
24.601159802520126,78.37113319962302,24.5,78.25,2025-08-13,12,0.1074,0.26417824625968933,96.4539566040039,96.4539566040039,70.81786346435547,0.01788184603609668,-13.514958411455154,0.247,0.3406,0.6758,0.7096,0.0319,0
11.0,71.75,11.0,71.75,2025-02-24,12,0.0,0.0,0.0,0.0,0.0,0.0001,0.0,0.05,0.05,0.0,0.1042,0.0,0
24.846509,93.573533,24.75,93.5,2025-05-31,12,0.6165,32.99568176269531,38.053436279296875,45.24155044555664,35.811058044433594,4.421202479041511,26.532603127615793,0.3445,0.2083,0.3682,0.434,0.0,1
35.25,93.5,35.25,93.5,2025-08-09,12,0.0,0.0,0.0,0.0,0.0,0.0001,0.0,0.05,0.05,0.0,0.1042,0.0,0
26.153836942973804,80.92415083884248,26.25,81.0,2025-07-02,12,0.1203,13.807927131652832,18.61566162109375,20.95993995666504,14.356622695922852,3.456952699876206,10.813649994986399,0.2148,0.1431,0.2165,0.2981,0.0,0
23.225227,92.912496,23.25,93.0,2025-03-26,12,0.7561,0.0,0.0,1.2874809503555298,0.48557281494140625,8.4464749203432e-05,-0.18392585005078996,0.0522,0.0554,0.0125,0.1153,0.0,0
23.25,95.5,23.25,95.5,2025-10-01,12,0.0,0.0,0.0,0.0,0.0,0.0001,0.0,0.05,0.05,0.0,0.1042,0.0,0
32.06916667,78.33222222,32.0,78.25,2025-08-05,12,0.4903,0.0,0.39783403277397156,1.5237655639648438,0.7990655303001404,8.212332856259293e-05,-0.21768079485212052,0.0536,0.0568,0.0159,0.1184,0.0,1
23.2066,93.148665,23.25,93.25,2025-02-19,12,0.5937,0.0,0.0,0.0,0.0,0.0001,0.0,0.05,0.05,0.0,0.1042,0.0,0
22.404215,92.951647,22.5,93.0,2025-11-02,12,0.4923,0.0,0.0,16.15603256225586,6.254685401916504,3.0229703560747024e-05,-2.3080046517508372,0.077,0.1172,0.1563,0.2442,0.0,0
22.660692,92.855602,22.75,92.75,2025-05-31,12,0.8079,55.93308639526367,77.14723205566406,181.53414916992188,103.7266616821289,2.076718231103936,29.999636513846262,0.4193,0.4044,0.8242,0.8425,0.4751,1
18.428571,73.109351,18.5,73.0,2025-01-01,12,0.5165,0.0,0.0,0.0,0.0,0.0001,0.0,0.05,0.05,0.0,0.1042,0.0,1
29.75,77.5,29.75,77.5,2025-03-10,12,0.0171,0.0,0.0,0.0,0.0,0.0001,0.0,0.05,0.05,0.0,0.1042,0.0,0
30.2087,78.6471,30.25,78.75,2025-08-26,12,0.8595,28.472675323486328,34.547794342041016,98.27830505371094,52.193397521972656,1.893167136027888,14.43291745867048,0.3213,0.3096,0.6038,0.6451,0.0,1
11.4146,76.8133,11.5,76.75,2025-10-18,12,0.8523,5.815310478210449,59.700286865234375,93.95282745361328,56.48677444458008,0.40323658459371,-7.606522015162877,0.222,0.3029,0.5882,0.6311,0.0,1
18.26614,73.59632,18.25,73.5,2025-08-20,12,0.6163,38.50642013549805,57.40006637573242,72.07533264160156,46.3369140625,3.408719659393229,28.20994404384068,0.3683,0.2731,0.5189,0.569,0.0,1
29.79944444,80.25019444,29.75,80.25,2025-09-16,12,0.7342,22.826915740966797,39.96836471557617,47.240509033203125,31.6328125,2.945936773730373,16.078271593366352,0.2866,0.2093,0.3705,0.4361,0.0,1
27.25,86.75,27.25,86.75,2025-10-11,12,0.0,0.0,0.0,0.0,0.0,0.0001,0.0,0.05,0.05,0.0,0.1042,0.0,0
16.75,74.75,16.75,74.75,2025-03-08,12,0.0013,0.0,0.0,0.0,0.0,0.0001,0.0,0.05,0.05,0.0,0.1042,0.0,0
22.25,66.75,22.25,66.75,2025-01-26,12,0.0,0.0,0.0,0.0,0.0,0.0001,0.0,0.05,0.05,0.0,0.1042,0.0,0
26.901067,88.16592,27.0,88.25,2025-10-05,12,1.0,1.5312118530273438,27.348655700683594,31.122085571289062,24.949840545654297,0.2811803921678503,-2.9148003714425226,0.144,0.155,0.2443,0.323,0.0,1
22.971367855009007,82.47201032216438,23.0,82.5,2025-08-06,12,0.1051,5.219041347503662,40.410675048828125,44.217281341552734,31.025163650512695,0.7133137190334524,-1.097713129861014,0.162,0.2235,0.4035,0.4656,0.0,0
16.25,82.0,16.25,82.0,2025-02-15,12,0.0,0.0,0.0,0.0,0.0,0.0001,0.0,0.05,0.05,0.0,0.1042,0.0,0
33.629118,74.273238,33.75,74.25,2025-07-18,12,0.4908,15.263402938842773,17.10000991821289,35.67765426635742,20.17401885986328,2.5035237387947165,10.166595186506,0.228,0.1846,0.3131,0.3847,0.0,1
14.75,95.25,14.75,95.25,2025-07-13,12,0.0,0.0,0.0,0.0,0.0,0.0001,0.0,0.05,0.05,0.0,0.1042,0.0,0
37.5,97.75,37.5,97.75,2025-04-20,12,0.0,0.0,0.0,0.0,0.0,0.0001,0.0,0.05,0.05,0.0,0.1042,0.0,0
25.47705335484862,86.25458325796285,25.5,86.25,2025-08-27,12,0.0824,1.4765633344650269,19.24877166748047,36.0098762512207,20.03800392150879,0.24033185496463302,-3.667704701423645,0.1281,0.1984,0.3451,0.4133,0.0,0
33.160347,74.272017,33.25,74.25,2025-03-27,12,0.381,0.0,0.0,8.647706031799316,3.2614781856536865,4.473499173472826e-05,-1.235386575971331,0.0644,0.0885,0.0896,0.1844,0.0,0
30.42502778,78.07377778,30.5,78.0,2025-09-16,12,0.7703,10.040139198303223,69.03314208984375,70.52787017822266,52.23766326904297,0.9065343111652313,-0.03527082715715757,0.2135,0.2629,0.4951,0.5477,0.0,1
24.562913134235682,82.5865795949237,24.5,82.5,2025-07-19,12,0.1084,7.710611343383789,140.31893920898438,273.2799072265625,166.61659240722656,0.19257527211915404,-31.329375403267996,0.3263,0.4623,0.9588,0.9631,0.8771,0
24.75,67.5,24.75,67.5,2025-07-15,12,0.0,0.0,0.0,0.0,0.0,0.0001,0.0,0.05,0.05,0.0,0.1042,0.0,0
30.754834,78.561414,30.75,78.5,2025-03-22,12,0.698,0.0,0.0,24.17804527282715,10.231912612915039,2.245169618154595e-05,-3.4540064675467357,0.0928,0.1416,0.213,0.295,0.0,0
23.319412,92.855415,23.25,92.75,2025-01-01,12,0.8145,0.0,0.0,0.0,0.0,0.0001,0.0,0.05,0.05,0.0,0.1042,0.0,0
11.38372222,76.69333333,11.5,76.75,2025-01-05,12,0.6111,0.0,0.0,0.0,0.0,0.0001,0.0,0.05,0.05,0.0,0.1042,0.0,0
27.296928,93.088111,27.25,93.0,2025-07-12,12,0.5862,0.0,23.613737106323242,105.64960479736328,48.38053894042969,6.213958772950657e-06,-15.092800685337611,0.2053,0.3343,0.6611,0.6964,0.0,1
7.25,91.25,7.25,91.25,2025-04-10,12,0.0,0.0,0.0,0.0,0.0,0.0001,0.0,0.05,0.05,0.0,0.1042,0.0,0
23.119163,92.743039,23.0,92.75,2025-07-01,12,0.9227,3.722092390060425,2.7123804092407227,40.981258392333984,21.03211784362793,0.543031750384143,-2.132373094558716,0.1314,0.1855,0.315,0.3864,0.0,1
38.25,92.5,38.25,92.5,2025-10-04,12,0.0,0.0,0.0,0.0,0.0,0.0001,0.0,0.05,0.05,0.0,0.1042,0.0,0
30.61863889,77.36361111,30.5,77.25,2025-11-09,12,0.7135,0.0,0.0,0.0,0.0,0.0001,0.0,0.05,0.05,0.0,0.1042,0.0,0
17.228779,73.537792,17.25,73.5,2025-02-19,12,0.4512,0.0,0.0,0.0,0.0,0.0001,0.0,0.05,0.05,0.0,0.1042,0.0,0
6.75,72.25,6.75,72.25,2025-07-04,12,0.0,0.0,0.0,0.0,0.0,0.0001,0.0,0.05,0.05,0.0,0.1042,0.0,0
23.89103391936539,85.93895655194517,24.0,86.0,2025-07-21,12,0.0329,16.93158721923828,11.109082221984863,154.72808837890625,75.7711410522461,0.7328461723790859,-5.1724254063197534,0.2544,0.4118,0.8414,0.8579,0.5265,0
23.141077,92.75109,23.25,92.75,2025-02-21,12,0.8145,0.0,0.0,0.0,0.0,0.0001,0.0,0.05,0.05,0.0,0.1042,0.0,0
12.673322,75.792564,12.75,75.75,2025-06-25,12,0.606,37.97327423095703,53.13298797607422,120.96282958984375,66.23345947265625,2.0772721302639634,20.692870003836497,0.3662,0.3545,0.7082,0.7386,0.1286,1
24.5737109687839,78.9957971354003,24.5,79.0,2025-07-12,12,0.1453,8.491597175598145,86.5278549194336,140.15826416015625,84.3172607421875,0.4039316484767368,-11.531011990138463,0.266,0.395,0.8023,0.8229,0.4095,0
9.882615,77.187536,10.0,77.25,2025-12-09,12,0.8526,0.0,0.587064802646637,14.541962623596191,6.393446922302246,3.249471797120512e-05,-2.077423231942313,0.0775,0.1052,0.1283,0.2191,0.0,0
23.206413,92.632701,23.25,92.75,2025-06-01,12,1.0,99.3125228881836,87.32789611816406,173.41844177246094,108.7843017578125,3.853200112957625,74.53845977783203,0.4667,0.3897,0.79,0.8119,0.373,1
11.0,90.5,11.0,90.5,2025-02-15,12,0.0,0.0,0.0,0.0,0.0,0.0001,0.0,0.05,0.05,0.0,0.1042,0.0,0
26.84530556,88.19261111,26.75,88.25,2025-01-07,12,0.815,0.0,0.0,0.0,0.0,0.0001,0.0,0.05,0.05,0.0,0.1042,0.0,0
23.21795,92.998007,23.25,93.0,2025-06-01,12,0.8548,132.071044921875,89.81504821777344,186.56716918945312,115.71089172363281,4.77610959712014,105.41859218052456,0.4758,0.406,0.828,0.8459,0.4865,1
32.0,88.25,32.0,88.25,2025-02-03,12,0.0,0.0,0.0,0.0,0.0,0.0001,0.0,0.05,0.05,0.0,0.1042,0.0,0
10.0,84.25,10.0,84.25,2025-02-08,12,0.0,0.0,0.0,0.0,0.0,0.0001,0.0,0.05,0.05,0.0,0.1042,0.0,0
24.3213618466217,82.95317646933908,24.25,83.0,2025-08-11,12,0.1443,0.0,25.350566864013672,73.75297546386719,37.63117980957031,8.66841123783995e-06,-10.536139351981026,0.1798,0.2968,0.5739,0.6183,0.0,0
30.7557,78.571,30.75,78.5,2025-12-11,12,0.698,0.0,0.0,0.0,0.0,0.0001,0.0,0.05,0.05,0.0,0.1042,0.0,0
26.263640099378556,80.25541329925733,26.25,80.25,2025-07-05,12,0.0825,0.6365355849266052,61.897987365722656,81.45149993896484,48.38312911987305,0.050382968039675624,-10.999392977782659,0.2053,0.3149,0.6161,0.656,0.0,0
24.095497364585427,83.99299287006389,24.0,84.0,2025-07-02,12,0.0575,39.666500091552734,50.70100784301758,81.62309265136719,51.616519927978516,3.1331134169868715,28.006058284214564,0.3727,0.3162,0.6192,0.6588,0.0,0
11.48583333,76.68605556,11.5,76.75,2025-12-02,12,0.6111,0.32309800386428833,1.1429824829101562,10.746604919433594,4.202639579772949,0.127482751620428,-1.2121312703405107,0.0684,0.0945,0.1035,0.1969,0.0,0
10.0,89.5,10.0,89.5,2025-07-18,12,0.0,0.0,0.0,0.0,0.0,0.0001,0.0,0.05,0.05,0.0,0.1042,0.0,0
32.974761,74.913522,33.0,75.0,2025-08-26,12,0.7231,18.71971893310547,82.98553466796875,111.02809143066406,81.46533966064453,1.1102334278506685,2.8585630144391736,0.2623,0.3356,0.6643,0.6993,0.0,1
27.06737739,88.18499323,27.0,88.25,2025-11-20,12,1.0,0.0,0.0,0.0,0.0,0.0001,0.0,0.05,0.05,0.0,0.1042,0.0,0
26.96013889,88.12358333,27.0,88.0,2025-09-09,12,0.9273,13.51874828338623,28.82611846923828,44.67262649536133,28.85556411743164,1.8313746446041166,7.136944498334612,0.2121,0.1951,0.3375,0.4066,0.0,1
24.819335159458834,83.16444341902822,24.75,83.25,2025-07-08,12,0.0302,1.4451663494110107,23.964025497436523,74.99060821533203,40.579833984375,0.12339052808715777,-9.267777681350708,0.1872,0.304,0.5906,0.6333,0.0,0
23.137565,92.747197,23.25,92.75,2025-11-16,12,0.8145,0.0,0.0,0.0,0.0,0.0001,0.0,0.05,0.05,0.0,0.1042,0.0,0
23.31637,92.854172,23.25,92.75,2025-11-21,12,0.8145,0.0,0.0,0.0,0.0,0.0001,0.0,0.05,0.05,0.0,0.1042,0.0,0
30.1463,78.5967,30.25,78.5,2025-09-16,12,0.8509,47.9261474609375,0.0,0.9077351093292236,0.3563176393508911,42.424755962143,47.79647101674761,0.3997,0.0537,0.0085,0.1118,0.0,1
23.132082,92.746268,23.25,92.75,2025-05-31,12,1.0,58.45155715942383,51.10498046875,134.1341552734375,75.67455291748047,2.8990969572407543,39.28953497750419,0.4244,0.3514,0.701,0.7321,0.1071,1
25.71165556,91.89512778,25.75,92.0,2025-11-08,12,0.4842,0.9271329641342163,5.2965087890625,24.423622131347656,11.618314743041992,0.2065525966996839,-2.561955911772592,0.0981,0.1477,0.2271,0.3076,0.0,0
9.75,89.0,9.75,89.0,2025-06-14,12,0.0,0.0,0.0,0.0,0.0,0.0001,0.0,0.05,0.05,0.0,0.1042,0.0,0
23.099615,92.752199,23.0,92.75,2025-03-18,12,0.6896,0.0,0.0,0.0,0.0,0.0001,0.0,0.05,0.05,0.0,0.1042,0.0,0
24.50576499591005,81.97178777429211,24.5,82.0,2025-08-18,12,0.1016,0.0,0.504183828830719,15.357172966003418,5.638718605041504,3.130986198766849e-05,-2.1938818522862027,0.0744,0.1207,0.1644,0.2514,0.0,0
9.75,80.25,9.75,80.25,2025-04-17,12,0.0,0.0,0.0,0.0,0.0,0.0001,0.0,0.05,0.05,0.0,0.1042,0.0,0
7.75,96.75,7.75,96.75,2025-12-11,12,0.0,0.0,0.0,0.0,0.0,0.0001,0.0,0.05,0.05,0.0,0.1042,0.0,0
23.125271,92.740646,23.25,92.75,2025-06-01,12,1.0,99.3125228881836,87.32789611816406,173.41844177246094,108.7843017578125,3.853200112957625,74.53845977783203,0.4667,0.3897,0.79,0.8119,0.373,1
33.160347,74.272017,33.25,74.25,2025-01-16,12,0.381,0.0,0.0,0.0,0.0,0.0001,0.0,0.05,0.05,0.0,0.1042,0.0,0
33.371921,74.407908,33.25,74.5,2025-08-26,12,0.6152,9.590137481689453,82.96803283691406,112.31918334960938,81.43305206298828,0.5626225430585462,-6.455460139683314,0.2623,0.3425,0.6803,0.7136,0.0455,1
22.018598304090297,80.41506226856062,22.0,80.5,2025-07-12,12,0.0694,8.0,69.79999542236328,193.8000030517578,103.03700256347656,0.27888794396863315,-19.685714721679688,0.2868,0.4362,0.8983,0.9089,0.6962,0
26.027904132206167,85.91352723652335,26.0,86.0,2025-08-16,12,0.1023,0.0,38.37393569946289,63.47211456298828,40.942481994628906,9.93300689699522e-06,-9.067444937569755,0.1881,0.2753,0.5239,0.5735,0.0,0
11.25,93.5,11.25,93.5,2025-01-20,12,0.0,0.0,0.0,0.0,0.0,0.0001,0.0,0.05,0.05,0.0,0.1042,0.0,0
23.182152,92.734299,23.25,92.75,2025-06-07,12,1.0,0.7042047381401062,42.76567459106445,347.9728698730469,156.7843475341797,0.013888760481171322,-49.006205243723734,0.3223,0.4612,0.9564,0.9609,0.8697,1
19.5,86.25,19.5,86.25,2025-08-07,12,0.0,0.0,0.0,0.0,0.0,0.0001,0.0,0.05,0.05,0.0,0.1042,0.0,0
24.08025452568385,79.7231183729745,24.0,79.75,2025-07-17,12,0.0952,5.686162948608398,33.589595794677734,161.93087768554688,79.04315185546875,0.2356220555152201,-17.4468195778983,0.259,0.4155,0.85,0.8656,0.552,0
11.52344444,76.24775,11.5,76.25,2025-05-25,12,0.8763,73.33707427978516,23.788179397583008,96.33963012695312,47.13026809692383,4.96769941335992,59.57426997593471,0.447,0.3057,0.5946,0.6368,0.0,1
